
PLAY [verify] ******************************************************************

TASK [Gathering Facts] *********************************************************
ok: [localhost]

TASK [/stigforge/roles/rhel10_stig : StigForge apply rhel10_stig profile stig] ***
included: /stigforge/roles/rhel10_stig/tasks/stig.yml for localhost

TASK [/stigforge/roles/rhel10_stig : Enable authselect - Check Current authselect Profile] ***
ok: [localhost]

TASK [/stigforge/roles/rhel10_stig : Enable authselect - Try to Select an authselect Profile] ***
skipping: [localhost]

TASK [/stigforge/roles/rhel10_stig : Enable authselect - Verify If pam Has Been Altered] ***
skipping: [localhost]

TASK [/stigforge/roles/rhel10_stig : Enable authselect - Informative Message Based on authselect Integrity Check] ***
ok: [localhost]

TASK [/stigforge/roles/rhel10_stig : Enable authselect - Force authselect Profile Selection] ***
skipping: [localhost]

TASK [/stigforge/roles/rhel10_stig : Gather the package facts] *****************
ok: [localhost]

TASK [/stigforge/roles/rhel10_stig : Ensure aide is installed] *****************
skipping: [localhost]

TASK [/stigforge/roles/rhel10_stig : Build and Test AIDE Database - Ensure AIDE Is Installed] ***
skipping: [localhost] => (item=aide) 
skipping: [localhost]

TASK [/stigforge/roles/rhel10_stig : Configure AIDE to Verify the Audit Tools - Ensure AIDE is Installed] ***
skipping: [localhost] => (item=aide) 
skipping: [localhost]

TASK [/stigforge/roles/rhel10_stig : Configure Notification of Post-AIDE Scan Details - Ensure AIDE is installed] ***
skipping: [localhost] => (item=aide) 
skipping: [localhost]

TASK [/stigforge/roles/rhel10_stig : Configure AIDE to Use FIPS 140-2 for Validating Hashes - Ensure aide is installed] ***
skipping: [localhost]

TASK [/stigforge/roles/rhel10_stig : Ensure crypto-policies is installed] ******
ok: [localhost]

TASK [/stigforge/roles/rhel10_stig : Ensure System Cryptographic Policy Is Not Overridden - Ensure crypto-policies-scripts package is installed] ***
skipping: [localhost]

TASK [/stigforge/roles/rhel10_stig : Remove the GDM Package Group: Ensure gdm is removed] ***
skipping: [localhost]

TASK [/stigforge/roles/rhel10_stig : Ensure sudo is installed] *****************
skipping: [localhost]

TASK [/stigforge/roles/rhel10_stig : Ensure gnutls-utils is installed] *********
skipping: [localhost]

TASK [/stigforge/roles/rhel10_stig : Ensure nss-tools is installed] ************
skipping: [localhost]

TASK [/stigforge/roles/rhel10_stig : Ensure sequoia-sq is installed] ***********
skipping: [localhost]

TASK [/stigforge/roles/rhel10_stig : Uninstall gssproxy Package: Ensure gssproxy is removed] ***
ok: [localhost]

TASK [/stigforge/roles/rhel10_stig : Uninstall tuned Package: Ensure tuned is removed] ***
ok: [localhost]

TASK [/stigforge/roles/rhel10_stig : Lock Accounts Must Persist - Ensure necessary SELinux packages are installed] ***
skipping: [localhost] => (item=python3-libselinux) 
skipping: [localhost] => (item=python3-policycoreutils) 
skipping: [localhost] => (item=policycoreutils-python-utils) 
skipping: [localhost]

TASK [/stigforge/roles/rhel10_stig : Ensure pcsc-lite-ccid is installed] *******
skipping: [localhost]

TASK [/stigforge/roles/rhel10_stig : Ensure rsyslog-gnutls is installed] *******
skipping: [localhost]

TASK [/stigforge/roles/rhel10_stig : Ensure rsyslog is installed] **************
skipping: [localhost]

TASK [/stigforge/roles/rhel10_stig : Ensure libreswan is installed] ************
skipping: [localhost]

TASK [/stigforge/roles/rhel10_stig : Deactivate Wireless Network Interfaces - Ensure NetworkManager is installed] ***
skipping: [localhost] => (item=NetworkManager) 
skipping: [localhost]

TASK [/stigforge/roles/rhel10_stig : Ensure policycoreutils-python-utils is installed] ***
skipping: [localhost]

TASK [/stigforge/roles/rhel10_stig : Ensure policycoreutils is installed] ******
skipping: [localhost]

TASK [/stigforge/roles/rhel10_stig : Ensure cronie is installed] ***************
skipping: [localhost]

TASK [/stigforge/roles/rhel10_stig : Uninstall unbound Package: Ensure unbound is removed] ***
ok: [localhost]

TASK [/stigforge/roles/rhel10_stig : Ensure fapolicyd is installed] ************
skipping: [localhost]

TASK [/stigforge/roles/rhel10_stig : Uninstall vsftpd Package: Ensure vsftpd is removed] ***
ok: [localhost]

TASK [/stigforge/roles/rhel10_stig : Ensure postfix is installed] **************
skipping: [localhost]

TASK [/stigforge/roles/rhel10_stig : Ensure s-nail is installed] ***************
skipping: [localhost]

TASK [/stigforge/roles/rhel10_stig : Uninstall nfs-utils Package: Ensure nfs-utils is removed] ***
ok: [localhost]

TASK [/stigforge/roles/rhel10_stig : Ensure chrony is installed] ***************
skipping: [localhost]

TASK [/stigforge/roles/rhel10_stig : Uninstall telnet-server Package: Ensure telnet-server is removed] ***
ok: [localhost]

TASK [/stigforge/roles/rhel10_stig : Uninstall tftp-server Package: Ensure tftp-server is removed] ***
ok: [localhost]

TASK [/stigforge/roles/rhel10_stig : Remove tftp Daemon: Ensure tftp is removed] ***
ok: [localhost]

TASK [/stigforge/roles/rhel10_stig : Ensure openssh-clients is installed] ******
skipping: [localhost]

TASK [/stigforge/roles/rhel10_stig : Ensure openssh-server is installed] *******
skipping: [localhost]

TASK [/stigforge/roles/rhel10_stig : Enable SSH Server firewalld Firewall Exception - Ensure firewalld and NetworkManager packages are installed] ***
skipping: [localhost] => (item=firewalld) 
skipping: [localhost] => (item=NetworkManager) 
skipping: [localhost]

TASK [/stigforge/roles/rhel10_stig : Configure SSSD to Expire Offline Credentials - Install sssd-proxy for default domain] ***
skipping: [localhost]

TASK [/stigforge/roles/rhel10_stig : Ensure usbguard is installed] *************
skipping: [localhost]

TASK [/stigforge/roles/rhel10_stig : Ensure audispd-plugins is installed] ******
skipping: [localhost]

TASK [/stigforge/roles/rhel10_stig : Ensure audit is installed] ****************
skipping: [localhost]

TASK [/stigforge/roles/rhel10_stig : Gather the package facts] *****************
ok: [localhost]

TASK [/stigforge/roles/rhel10_stig : Disable debug-shell SystemD Service - Collect systemd Services Present in the System] ***
skipping: [localhost]

TASK [/stigforge/roles/rhel10_stig : Disable debug-shell SystemD Service - Ensure debug-shell.service is Masked] ***
skipping: [localhost]

TASK [/stigforge/roles/rhel10_stig : Unit Socket Exists - debug-shell.socket] ***
skipping: [localhost]

TASK [/stigforge/roles/rhel10_stig : Disable debug-shell SystemD Service - Disable Socket debug-shell] ***
skipping: [localhost]

TASK [/stigforge/roles/rhel10_stig : Enable rsyslog Service - Enable Service rsyslog] ***
skipping: [localhost]

TASK [/stigforge/roles/rhel10_stig : Enable systemd-journald Service - Enable Service systemd-journald] ***
skipping: [localhost]

TASK [/stigforge/roles/rhel10_stig : Disable the Automounter - Collect systemd Services Present in the System] ***
skipping: [localhost]

TASK [/stigforge/roles/rhel10_stig : Disable the Automounter - Ensure autofs.service is Masked] ***
skipping: [localhost]

TASK [/stigforge/roles/rhel10_stig : Unit Socket Exists - autofs.socket] *******
skipping: [localhost]

TASK [/stigforge/roles/rhel10_stig : Disable the Automounter - Disable Socket autofs] ***
skipping: [localhost]

TASK [/stigforge/roles/rhel10_stig : Disable KDump Kernel Crash Analyzer (kdump) - Collect systemd Services Present in the System] ***
skipping: [localhost]

TASK [/stigforge/roles/rhel10_stig : Disable KDump Kernel Crash Analyzer (kdump) - Ensure kdump.service is Masked] ***
skipping: [localhost]

TASK [/stigforge/roles/rhel10_stig : Unit Socket Exists - kdump.socket] ********
skipping: [localhost]

TASK [/stigforge/roles/rhel10_stig : Disable KDump Kernel Crash Analyzer (kdump) - Disable Socket kdump] ***
skipping: [localhost]

TASK [/stigforge/roles/rhel10_stig : Enable the File Access Policy Service - Enable Service fapolicyd] ***
skipping: [localhost]

TASK [/stigforge/roles/rhel10_stig : The Chronyd service is enabled - Enable Service chronyd] ***
skipping: [localhost]

TASK [/stigforge/roles/rhel10_stig : Enable the OpenSSH Service - Enable Service sshd] ***
skipping: [localhost]

TASK [/stigforge/roles/rhel10_stig : Enable the USBGuard Service - Enable Service usbguard] ***
skipping: [localhost]

TASK [/stigforge/roles/rhel10_stig : Enable auditd Service - Enable Service auditd] ***
skipping: [localhost]

TASK [/stigforge/roles/rhel10_stig : Gather the service facts] *****************
skipping: [localhost]

TASK [/stigforge/roles/rhel10_stig : Build and Test AIDE Database - Check Whether the Stock AIDE Database Exists] ***
skipping: [localhost]

TASK [/stigforge/roles/rhel10_stig : Build and Test AIDE Database - Build and Test AIDE Database] ***
skipping: [localhost]

TASK [/stigforge/roles/rhel10_stig : Build and Test AIDE Database - Stage AIDE Database] ***
skipping: [localhost]

TASK [/stigforge/roles/rhel10_stig : Set "Configure AIDE to Verify the Audit Tools - audit_tools fact"] ***
skipping: [localhost]

TASK [/stigforge/roles/rhel10_stig : Configure AIDE to Verify the Audit Tools - Ensure Existing AIDE Configuration for Audit Tools are Correct] ***
skipping: [localhost]

TASK [/stigforge/roles/rhel10_stig : Configure AIDE to Verify the Audit Tools - Configure AIDE to Properly Protect Audit Tools] ***
skipping: [localhost]

TASK [/stigforge/roles/rhel10_stig : Configure Notification of Post-AIDE Scan Details - Setup Cron Tab] ***
skipping: [localhost]

TASK [/stigforge/roles/rhel10_stig : Configure AIDE to Use FIPS 140-2 for Validating Hashes - Set-fact aide config file and forbidden hashes] ***
skipping: [localhost]

TASK [/stigforge/roles/rhel10_stig : Configure AIDE to Use FIPS 140-2 for Validating Hashes - Remove forbidden hashes] ***
skipping: [localhost]

TASK [/stigforge/roles/rhel10_stig : Configure AIDE to Use FIPS 140-2 for Validating Hashes - Set sha512] ***
skipping: [localhost]

TASK [/stigforge/roles/rhel10_stig : Get rules groups] *************************
skipping: [localhost]

TASK [/stigforge/roles/rhel10_stig : Ensure the acl rule is present when aide is installed.] ***
skipping: [localhost]

TASK [/stigforge/roles/rhel10_stig : Ensure the acl attribute is present on selection lines with direct attributes] ***
skipping: [localhost]

TASK [/stigforge/roles/rhel10_stig : Get rules groups] *************************
skipping: [localhost]

TASK [/stigforge/roles/rhel10_stig : Ensure the xattrs rule is present when aide is installed.] ***
skipping: [localhost]

TASK [/stigforge/roles/rhel10_stig : Ensure the xattrs attribute is present on selection lines with direct attributes] ***
skipping: [localhost]

TASK [/stigforge/roles/rhel10_stig : Set the file_audit_tools_group_ownership_newgroup variable if represented by gid] ***
skipping: [localhost]

TASK [/stigforge/roles/rhel10_stig : Test for existence /sbin/auditctl] ********
skipping: [localhost]

TASK [/stigforge/roles/rhel10_stig : Ensure group owner on /sbin/auditctl] *****
skipping: [localhost]

TASK [/stigforge/roles/rhel10_stig : Test for existence /sbin/aureport] ********
skipping: [localhost]

TASK [/stigforge/roles/rhel10_stig : Ensure group owner on /sbin/aureport] *****
skipping: [localhost]

TASK [/stigforge/roles/rhel10_stig : Test for existence /sbin/ausearch] ********
skipping: [localhost]

TASK [/stigforge/roles/rhel10_stig : Ensure group owner on /sbin/ausearch] *****
skipping: [localhost]

TASK [/stigforge/roles/rhel10_stig : Test for existence /sbin/auditd] **********
skipping: [localhost]

TASK [/stigforge/roles/rhel10_stig : Ensure group owner on /sbin/auditd] *******
skipping: [localhost]

TASK [/stigforge/roles/rhel10_stig : Test for existence /sbin/rsyslogd] ********
skipping: [localhost]

TASK [/stigforge/roles/rhel10_stig : Ensure group owner on /sbin/rsyslogd] *****
skipping: [localhost]

TASK [/stigforge/roles/rhel10_stig : Test for existence /sbin/augenrules] ******
skipping: [localhost]

TASK [/stigforge/roles/rhel10_stig : Ensure group owner on /sbin/augenrules] ***
skipping: [localhost]

TASK [/stigforge/roles/rhel10_stig : Set the file_audit_tools_ownership_newown variable if represented by uid] ***
skipping: [localhost]

TASK [/stigforge/roles/rhel10_stig : Test for existence /sbin/auditctl] ********
skipping: [localhost]

TASK [/stigforge/roles/rhel10_stig : Ensure owner on /sbin/auditctl] ***********
skipping: [localhost]

TASK [/stigforge/roles/rhel10_stig : Test for existence /sbin/aureport] ********
skipping: [localhost]

TASK [/stigforge/roles/rhel10_stig : Ensure owner on /sbin/aureport] ***********
skipping: [localhost]

TASK [/stigforge/roles/rhel10_stig : Test for existence /sbin/ausearch] ********
skipping: [localhost]

TASK [/stigforge/roles/rhel10_stig : Ensure owner on /sbin/ausearch] ***********
skipping: [localhost]

TASK [/stigforge/roles/rhel10_stig : Test for existence /sbin/auditd] **********
skipping: [localhost]

TASK [/stigforge/roles/rhel10_stig : Ensure owner on /sbin/auditd] *************
skipping: [localhost]

TASK [/stigforge/roles/rhel10_stig : Test for existence /sbin/rsyslogd] ********
skipping: [localhost]

TASK [/stigforge/roles/rhel10_stig : Ensure owner on /sbin/rsyslogd] ***********
skipping: [localhost]

TASK [/stigforge/roles/rhel10_stig : Test for existence /sbin/augenrules] ******
skipping: [localhost]

TASK [/stigforge/roles/rhel10_stig : Ensure owner on /sbin/augenrules] *********
skipping: [localhost]

TASK [/stigforge/roles/rhel10_stig : Test for existence /sbin/auditctl] ********
skipping: [localhost]

TASK [/stigforge/roles/rhel10_stig : Ensure permission u-s,g-ws,o-wt on /sbin/auditctl] ***
skipping: [localhost]

TASK [/stigforge/roles/rhel10_stig : Test for existence /sbin/aureport] ********
skipping: [localhost]

TASK [/stigforge/roles/rhel10_stig : Ensure permission u-s,g-ws,o-wt on /sbin/aureport] ***
skipping: [localhost]

TASK [/stigforge/roles/rhel10_stig : Test for existence /sbin/ausearch] ********
skipping: [localhost]

TASK [/stigforge/roles/rhel10_stig : Ensure permission u-s,g-ws,o-wt on /sbin/ausearch] ***
skipping: [localhost]

TASK [/stigforge/roles/rhel10_stig : Test for existence /sbin/auditd] **********
skipping: [localhost]

TASK [/stigforge/roles/rhel10_stig : Ensure permission u-s,g-ws,o-wt on /sbin/auditd] ***
skipping: [localhost]

TASK [/stigforge/roles/rhel10_stig : Test for existence /sbin/rsyslogd] ********
skipping: [localhost]

TASK [/stigforge/roles/rhel10_stig : Ensure permission u-s,g-ws,o-wt on /sbin/rsyslogd] ***
skipping: [localhost]

TASK [/stigforge/roles/rhel10_stig : Test for existence /sbin/augenrules] ******
skipping: [localhost]

TASK [/stigforge/roles/rhel10_stig : Ensure permission u-s,g-ws,o-wt on /sbin/augenrules] ***
skipping: [localhost]

TASK [/stigforge/roles/rhel10_stig : Configure BIND to use System Crypto Policy - Check BIND configuration file exists] ***
skipping: [localhost]

TASK [/stigforge/roles/rhel10_stig : Configure BIND to use System Crypto Policy - Aborting remediation, file not found] ***
skipping: [localhost]

TASK [/stigforge/roles/rhel10_stig : Configure BIND to use System Crypto Policy - Insert crypto-policy into BIND config] ***
skipping: [localhost]

TASK [/stigforge/roles/rhel10_stig : Configure System Cryptography Policy - Check current crypto policy (runtime)] ***
ok: [localhost]

TASK [/stigforge/roles/rhel10_stig : Configure System Cryptography Policy - Get mtime of /etc/crypto-policies/config] ***
ok: [localhost]

TASK [/stigforge/roles/rhel10_stig : Configure System Cryptography Policy - Get mtime of /etc/crypto-policies/state/current] ***
ok: [localhost]

TASK [/stigforge/roles/rhel10_stig : Configure System Cryptography Policy - Check existence of /etc/crypto-policies/back-ends/nss.config] ***
ok: [localhost]

TASK [/stigforge/roles/rhel10_stig : Configure System Cryptography Policy - Verify that Crypto Policy is Set (runtime)] ***
changed: [localhost]

TASK [/stigforge/roles/rhel10_stig : Configure Libreswan to use System Crypto Policy] ***
skipping: [localhost]

TASK [/stigforge/roles/rhel10_stig : Ensure System Cryptographic Policy Is Not Overridden - Check if crypto policy is overridden] ***
skipping: [localhost]

TASK [/stigforge/roles/rhel10_stig : Ensure System Cryptographic Policy Is Not Overridden - Re-apply crypto policy] ***
skipping: [localhost]

TASK [/stigforge/roles/rhel10_stig : Make sure that the dconf databases are up-to-date with regards to respective keyfiles - Get database modification time for distro] ***
skipping: [localhost]

TASK [/stigforge/roles/rhel10_stig : Make sure that the dconf databases are up-to-date with regards to respective keyfiles - Get keyfiles for distro] ***
skipping: [localhost]

TASK [/stigforge/roles/rhel10_stig : Make sure that the dconf databases are up-to-date with regards to respective keyfiles - Run dconf update for distro] ***
skipping: [localhost]

TASK [/stigforge/roles/rhel10_stig : Make sure that the dconf databases are up-to-date with regards to respective keyfiles - Get database modification time for local] ***
skipping: [localhost]

TASK [/stigforge/roles/rhel10_stig : Make sure that the dconf databases are up-to-date with regards to respective keyfiles - Get keyfiles for local] ***
skipping: [localhost]

TASK [/stigforge/roles/rhel10_stig : Make sure that the dconf databases are up-to-date with regards to respective keyfiles - Run dconf update for local] ***
skipping: [localhost]

TASK [/stigforge/roles/rhel10_stig : Disable the GNOME3 Login Restart and Shutdown Buttons] ***
skipping: [localhost]

TASK [/stigforge/roles/rhel10_stig : Prevent user modification of GNOME disablement of Login Restart and Shutdown Buttons] ***
skipping: [localhost]

TASK [/stigforge/roles/rhel10_stig : Dconf Update] *****************************
skipping: [localhost]

TASK [/stigforge/roles/rhel10_stig : Disable the GNOME3 Login User List] *******
skipping: [localhost]

TASK [/stigforge/roles/rhel10_stig : Prevent user modification of GNOME3 disablement of Login User List] ***
skipping: [localhost]

TASK [/stigforge/roles/rhel10_stig : Dconf Update] *****************************
skipping: [localhost]

TASK [/stigforge/roles/rhel10_stig : Detect if removal-action can be found on /etc/dconf/db/local.d/] ***
skipping: [localhost]

TASK [/stigforge/roles/rhel10_stig : Configure removal-action - default file] ***
skipping: [localhost]

TASK [/stigforge/roles/rhel10_stig : Configure removal-action - existing files] ***
skipping: [localhost]

TASK [/stigforge/roles/rhel10_stig : Detect if lock for removal-action can be found on /etc/dconf/db/local.d/] ***
skipping: [localhost]

TASK [/stigforge/roles/rhel10_stig : Prevent user modification removal-action - default file] ***
skipping: [localhost]

TASK [/stigforge/roles/rhel10_stig : Prevent user modification removal-action - existing files] ***
skipping: [localhost]

TASK [/stigforge/roles/rhel10_stig : Dconf Update - removal-action] ************
skipping: [localhost]

TASK [/stigforge/roles/rhel10_stig : Disable GDM Automatic Login] **************
skipping: [localhost]

TASK [/stigforge/roles/rhel10_stig : Disable GNOME3 Automounting - automount-open] ***
skipping: [localhost]

TASK [/stigforge/roles/rhel10_stig : Prevent user modification of GNOME3 Automounting - automount-open] ***
skipping: [localhost]

TASK [/stigforge/roles/rhel10_stig : Dconf Update] *****************************
skipping: [localhost]

TASK [/stigforge/roles/rhel10_stig : Disable GNOME3 Automounting - autorun-never] ***
skipping: [localhost]

TASK [/stigforge/roles/rhel10_stig : Prevent user modification of GNOME3 Automounting - autorun-never] ***
skipping: [localhost]

TASK [/stigforge/roles/rhel10_stig : Dconf Update] *****************************
skipping: [localhost]

TASK [/stigforge/roles/rhel10_stig : Set GNOME3 Screensaver Lock Delay After Activation Period] ***
skipping: [localhost]

TASK [/stigforge/roles/rhel10_stig : Dconf Update] *****************************
skipping: [localhost]

TASK [/stigforge/roles/rhel10_stig : Enable GNOME3 Screensaver Lock After Idle Period - Enable GNOME3 Screensaver Lock After Idle Period] ***
skipping: [localhost]

TASK [/stigforge/roles/rhel10_stig : Enable GNOME3 Screensaver Lock After Idle Period - Prevent user modification of GNOME lock-enabled] ***
skipping: [localhost]

TASK [/stigforge/roles/rhel10_stig : Enable GNOME3 Screensaver Lock After Idle Period - Enable GNOME3 Screensaver Lock After Idle Period] ***
skipping: [localhost]

TASK [/stigforge/roles/rhel10_stig : Enable GNOME3 Screensaver Lock After Idle Period - Prevent user modification of GNOME disable-lock-screen] ***
skipping: [localhost]

TASK [/stigforge/roles/rhel10_stig : Enable GNOME3 Screensaver Lock After Idle Period - Check GNOME3 screenserver disable-lock-screen false] ***
skipping: [localhost]

TASK [/stigforge/roles/rhel10_stig : Enable GNOME3 Screensaver Lock After Idle Period - Update GNOME3 screenserver disable-lock-screen false] ***
skipping: [localhost]

TASK [/stigforge/roles/rhel10_stig : Enable GNOME3 Screensaver Lock After Idle Period - Update dconf database for non-SLES systems] ***
skipping: [localhost]

TASK [/stigforge/roles/rhel10_stig : Enable GNOME3 Screensaver Lock After Idle Period - Update dconf database for SLES systems] ***
skipping: [localhost]

TASK [/stigforge/roles/rhel10_stig : Prevent user modification of GNOME Screensaver lock-enabled] ***
skipping: [localhost]

TASK [/stigforge/roles/rhel10_stig : Dconf Update] *****************************
skipping: [localhost]

TASK [/stigforge/roles/rhel10_stig : Implement Blank Screensaver] **************
skipping: [localhost]

TASK [/stigforge/roles/rhel10_stig : Prevent user modification of GNOME picture-uri] ***
skipping: [localhost]

TASK [/stigforge/roles/rhel10_stig : Dconf Update] *****************************
skipping: [localhost]

TASK [/stigforge/roles/rhel10_stig : Prevent user modification of GNOME lock-delay] ***
skipping: [localhost]

TASK [/stigforge/roles/rhel10_stig : Dconf Update] *****************************
skipping: [localhost]

TASK [/stigforge/roles/rhel10_stig : Disable Ctrl-Alt-Del Reboot Key Sequence in GNOME3] ***
skipping: [localhost]

TASK [/stigforge/roles/rhel10_stig : Prevent user modification of GNOME disablement of Ctrl-Alt-Del] ***
skipping: [localhost]

TASK [/stigforge/roles/rhel10_stig : Dconf Update] *****************************
skipping: [localhost]

TASK [/stigforge/roles/rhel10_stig : Find /etc/sudoers.d/ files] ***************
skipping: [localhost]

TASK [/stigforge/roles/rhel10_stig : Remove lines containing !authenticate from sudoers files] ***
skipping: [localhost]

TASK [/stigforge/roles/rhel10_stig : Find out if /etc/sudoers.d/* files contain Defaults targetpw to be deduplicated] ***
skipping: [localhost]

TASK [/stigforge/roles/rhel10_stig : Remove found occurrences of Defaults targetpw from /etc/sudoers.d/* files] ***
skipping: [localhost]

TASK [/stigforge/roles/rhel10_stig : Find out if /etc/sudoers.d/* files contain Defaults rootpw to be deduplicated] ***
skipping: [localhost]

TASK [/stigforge/roles/rhel10_stig : Remove found occurrences of Defaults rootpw from /etc/sudoers.d/* files] ***
skipping: [localhost]

TASK [/stigforge/roles/rhel10_stig : Find out if /etc/sudoers.d/* files contain Defaults runaspw to be deduplicated] ***
skipping: [localhost]

TASK [/stigforge/roles/rhel10_stig : Remove found occurrences of Defaults runaspw from /etc/sudoers.d/* files] ***
skipping: [localhost]

TASK [/stigforge/roles/rhel10_stig : Remove any occurrences of Defaults targetpw in /etc/sudoers] ***
skipping: [localhost]

TASK [/stigforge/roles/rhel10_stig : Remove any occurrences of Defaults rootpw in /etc/sudoers] ***
skipping: [localhost]

TASK [/stigforge/roles/rhel10_stig : Remove any occurrences of Defaults runaspw in /etc/sudoers] ***
skipping: [localhost]

TASK [/stigforge/roles/rhel10_stig : Check for duplicate values] ***************
skipping: [localhost]

TASK [/stigforge/roles/rhel10_stig : Deduplicate values from /etc/sudoers] *****
skipping: [localhost]

TASK [/stigforge/roles/rhel10_stig : Insert correct line into /etc/sudoers] ****
skipping: [localhost]

TASK [/stigforge/roles/rhel10_stig : Check for duplicate values] ***************
skipping: [localhost]

TASK [/stigforge/roles/rhel10_stig : Deduplicate values from /etc/sudoers] *****
skipping: [localhost]

TASK [/stigforge/roles/rhel10_stig : Insert correct line into /etc/sudoers] ****
skipping: [localhost]

TASK [/stigforge/roles/rhel10_stig : Check for duplicate values] ***************
skipping: [localhost]

TASK [/stigforge/roles/rhel10_stig : Deduplicate values from /etc/sudoers] *****
skipping: [localhost]

TASK [/stigforge/roles/rhel10_stig : Insert correct line into /etc/sudoers] ****
skipping: [localhost]

TASK [/stigforge/roles/rhel10_stig : Ensure dnf Removes Previous Package Versions - Ensure DNF Removes Previous Package Versions] ***
changed: [localhost]

TASK [/stigforge/roles/rhel10_stig : Ensure gpgcheck Is Enabled for All Package Repositories: Grep for dnf repo section names] ***
ok: [localhost]

TASK [/stigforge/roles/rhel10_stig : Ensure gpgcheck Is Enabled for All Package Repositories: Set gpgcheck=1 for each dnf repo] ***
ok: [localhost] => (item=['/etc/yum.repos.d/almalinux-nfv.repo', 'nfv'])
ok: [localhost] => (item=['/etc/yum.repos.d/almalinux-nfv.repo', 'nfv-debuginfo'])
ok: [localhost] => (item=['/etc/yum.repos.d/almalinux-nfv.repo', 'nfv-source'])
ok: [localhost] => (item=['/etc/yum.repos.d/almalinux-appstream.repo', 'appstream'])
ok: [localhost] => (item=['/etc/yum.repos.d/almalinux-appstream.repo', 'appstream-debuginfo'])
ok: [localhost] => (item=['/etc/yum.repos.d/almalinux-appstream.repo', 'appstream-source'])
ok: [localhost] => (item=['/etc/yum.repos.d/almalinux-highavailability.repo', 'highavailability'])
ok: [localhost] => (item=['/etc/yum.repos.d/almalinux-highavailability.repo', 'highavailability-debuginfo'])
ok: [localhost] => (item=['/etc/yum.repos.d/almalinux-highavailability.repo', 'highavailability-source'])
ok: [localhost] => (item=['/etc/yum.repos.d/almalinux-sap.repo', 'sap'])
ok: [localhost] => (item=['/etc/yum.repos.d/almalinux-sap.repo', 'sap-debuginfo'])
ok: [localhost] => (item=['/etc/yum.repos.d/almalinux-sap.repo', 'sap-source'])
ok: [localhost] => (item=['/etc/yum.repos.d/almalinux-saphana.repo', 'saphana'])
ok: [localhost] => (item=['/etc/yum.repos.d/almalinux-saphana.repo', 'saphana-debuginfo'])
ok: [localhost] => (item=['/etc/yum.repos.d/almalinux-saphana.repo', 'saphana-source'])
ok: [localhost] => (item=['/etc/yum.repos.d/almalinux-extras.repo', 'extras'])
ok: [localhost] => (item=['/etc/yum.repos.d/almalinux-extras.repo', 'extras-debuginfo'])
ok: [localhost] => (item=['/etc/yum.repos.d/almalinux-extras.repo', 'extras-source'])
ok: [localhost] => (item=['/etc/yum.repos.d/almalinux-rt.repo', 'rt'])
ok: [localhost] => (item=['/etc/yum.repos.d/almalinux-rt.repo', 'rt-debuginfo'])
ok: [localhost] => (item=['/etc/yum.repos.d/almalinux-rt.repo', 'rt-source'])
ok: [localhost] => (item=['/etc/yum.repos.d/almalinux-crb.repo', 'crb'])
ok: [localhost] => (item=['/etc/yum.repos.d/almalinux-crb.repo', 'crb-debuginfo'])
ok: [localhost] => (item=['/etc/yum.repos.d/almalinux-crb.repo', 'crb-source'])
ok: [localhost] => (item=['/etc/yum.repos.d/almalinux-baseos.repo', 'baseos'])
ok: [localhost] => (item=['/etc/yum.repos.d/almalinux-baseos.repo', 'baseos-debuginfo'])
ok: [localhost] => (item=['/etc/yum.repos.d/almalinux-baseos.repo', 'baseos-source'])

TASK [/stigforge/roles/rhel10_stig : Ensure GPG check is globally activated] ***
ok: [localhost]

TASK [/stigforge/roles/rhel10_stig : Check stats of dnf] ***********************
ok: [localhost]

TASK [/stigforge/roles/rhel10_stig : Check if config file of dnf is a symlink] ***
skipping: [localhost]

TASK [/stigforge/roles/rhel10_stig : Ensure GPG check Enabled for Local Packages (dnf)] ***
changed: [localhost]

TASK [/stigforge/roles/rhel10_stig : Ensure Red Hat GPG Key Installed: Read permission of GPG key directory] ***
ok: [localhost]

TASK [/stigforge/roles/rhel10_stig : Ensure Red Hat GPG Key Installed:  Read signatures in GPG key using sq] ***
ok: [localhost]

TASK [/stigforge/roles/rhel10_stig : Ensure Red Hat GPG Key Installed: Set Fact - Installed GPG Fingerprints (sq format)] ***
ok: [localhost]

TASK [/stigforge/roles/rhel10_stig : Ensure Red Hat GPG Key Installed: Read signatures in GPG key] ***
skipping: [localhost]

TASK [/stigforge/roles/rhel10_stig : Ensure Red Hat GPG Key Installed: Set Fact - Installed GPG Fingerprints (gpg format)] ***
skipping: [localhost]

TASK [/stigforge/roles/rhel10_stig : Ensure Red Hat GPG Key Installed: Set Fact - Valid fingerprints (without PQC)] ***
skipping: [localhost]

TASK [/stigforge/roles/rhel10_stig : Ensure Red Hat GPG Key Installed: Set Fact - Valid fingerprints (with PQC)] ***
ok: [localhost]

TASK [/stigforge/roles/rhel10_stig : Ensure Red Hat GPG Key Installed: Import RedHat GPG key] ***
skipping: [localhost]

TASK [/stigforge/roles/rhel10_stig : Modify the System Login Banner - Ensure Correct Banner] ***
skipping: [localhost]

TASK [/stigforge/roles/rhel10_stig : Enable GNOME3 Login Warning Banner] *******
skipping: [localhost]

TASK [/stigforge/roles/rhel10_stig : Prevent user modification of GNOME banner-message-enabled] ***
skipping: [localhost]

TASK [/stigforge/roles/rhel10_stig : Dconf Update] *****************************
skipping: [localhost]

TASK [/stigforge/roles/rhel10_stig : Set the GNOME3 Login Warning Banner Text] ***
skipping: [localhost] => (item=distro.d) 
skipping: [localhost] => (item=distro.d/locks) 
skipping: [localhost]

TASK [/stigforge/roles/rhel10_stig : Set the GNOME3 Login Warning Banner Text] ***
skipping: [localhost] => (item=00-security-settings) 
skipping: [localhost] => (item=locks/00-security-settings-lock) 
skipping: [localhost]

TASK [/stigforge/roles/rhel10_stig : Set the GNOME3 Login Warning Banner Text] ***
skipping: [localhost]

TASK [/stigforge/roles/rhel10_stig : Prevent user modification of the GNOME3 Login Warning Banner Text] ***
skipping: [localhost]

TASK [/stigforge/roles/rhel10_stig : Dconf Update] *****************************
skipping: [localhost]

TASK [/stigforge/roles/rhel10_stig : Check for pam_succeed_if entry] ***********
skipping: [localhost]

TASK [/stigforge/roles/rhel10_stig : Configure the Use of the pam_faillock.so Module in the /etc/pam.d/password-auth File. - Get current authselect profile] ***
skipping: [localhost]

TASK [/stigforge/roles/rhel10_stig : Configure the Use of the pam_faillock.so Module in the /etc/pam.d/password-auth File. - Force reselect authselect profile] ***
skipping: [localhost]

TASK [/stigforge/roles/rhel10_stig : Configure the Use of the pam_faillock.so Module in the /etc/pam.d/password-auth File. - Check if system relies on authselect tool] ***
skipping: [localhost]

TASK [/stigforge/roles/rhel10_stig : Configure the Use of the pam_faillock.so Module in the /etc/pam.d/password-auth File. - Check integrity of authselect current profile] ***
skipping: [localhost]

TASK [/stigforge/roles/rhel10_stig : Configure the Use of the pam_faillock.so Module in the /etc/pam.d/password-auth File. - Informative message based on the authselect integrity check result] ***
skipping: [localhost]

TASK [/stigforge/roles/rhel10_stig : Configure the Use of the pam_faillock.so Module in the /etc/pam.d/password-auth File. - Get authselect current features] ***
skipping: [localhost]

TASK [/stigforge/roles/rhel10_stig : Configure the Use of the pam_faillock.so Module in the /etc/pam.d/password-auth File. - Ensure "with-faillock" feature is enabled using authselect tool] ***
skipping: [localhost]

TASK [/stigforge/roles/rhel10_stig : Configure the Use of the pam_faillock.so Module in the /etc/pam.d/password-auth File. - Ensure authselect changes are applied] ***
skipping: [localhost]

TASK [/stigforge/roles/rhel10_stig : Configure the Use of the pam_faillock.so Module in the /etc/pam.d/password-auth File. - Check if pam_faillock.so is already enabled] ***
skipping: [localhost]

TASK [/stigforge/roles/rhel10_stig : Configure the Use of the pam_faillock.so Module in the /etc/pam.d/password-auth File. - Enable pam_faillock.so preauth editing PAM files] ***
skipping: [localhost] => (item=/etc/pam.d/system-auth) 
skipping: [localhost] => (item=/etc/pam.d/password-auth) 
skipping: [localhost]

TASK [/stigforge/roles/rhel10_stig : Configure the Use of the pam_faillock.so Module in the /etc/pam.d/password-auth File. - Enable pam_faillock.so authfail editing PAM files] ***
skipping: [localhost] => (item=/etc/pam.d/system-auth) 
skipping: [localhost] => (item=/etc/pam.d/password-auth) 
skipping: [localhost]

TASK [/stigforge/roles/rhel10_stig : Configure the Use of the pam_faillock.so Module in the /etc/pam.d/password-auth File. - Enable pam_faillock.so account section editing PAM files] ***
skipping: [localhost] => (item=/etc/pam.d/system-auth) 
skipping: [localhost] => (item=/etc/pam.d/password-auth) 
skipping: [localhost]

TASK [/stigforge/roles/rhel10_stig : Configure the Use of the pam_faillock.so Module in the /etc/pam.d/system-auth File. - Check if system relies on authselect tool] ***
skipping: [localhost]

TASK [/stigforge/roles/rhel10_stig : Configure the Use of the pam_faillock.so Module in the /etc/pam.d/system-auth File. - Check integrity of authselect current profile] ***
skipping: [localhost]

TASK [/stigforge/roles/rhel10_stig : Configure the Use of the pam_faillock.so Module in the /etc/pam.d/system-auth File. - Informative message based on the authselect integrity check result] ***
skipping: [localhost]

TASK [/stigforge/roles/rhel10_stig : Configure the Use of the pam_faillock.so Module in the /etc/pam.d/system-auth File. - Get authselect current features] ***
skipping: [localhost]

TASK [/stigforge/roles/rhel10_stig : Configure the Use of the pam_faillock.so Module in the /etc/pam.d/system-auth File. - Ensure "with-faillock" feature is enabled using authselect tool] ***
skipping: [localhost]

TASK [/stigforge/roles/rhel10_stig : Configure the Use of the pam_faillock.so Module in the /etc/pam.d/system-auth File. - Ensure authselect changes are applied] ***
skipping: [localhost]

TASK [/stigforge/roles/rhel10_stig : Configure the Use of the pam_faillock.so Module in the /etc/pam.d/system-auth File. - Check if pam_faillock.so is already enabled] ***
skipping: [localhost]

TASK [/stigforge/roles/rhel10_stig : Configure the Use of the pam_faillock.so Module in the /etc/pam.d/system-auth File. - Enable pam_faillock.so preauth editing PAM files] ***
skipping: [localhost] => (item=/etc/pam.d/system-auth) 
skipping: [localhost] => (item=/etc/pam.d/password-auth) 
skipping: [localhost]

TASK [/stigforge/roles/rhel10_stig : Configure the Use of the pam_faillock.so Module in the /etc/pam.d/system-auth File. - Enable pam_faillock.so authfail editing PAM files] ***
skipping: [localhost] => (item=/etc/pam.d/system-auth) 
skipping: [localhost] => (item=/etc/pam.d/password-auth) 
skipping: [localhost]

TASK [/stigforge/roles/rhel10_stig : Configure the Use of the pam_faillock.so Module in the /etc/pam.d/system-auth File. - Enable pam_faillock.so account section editing PAM files] ***
skipping: [localhost] => (item=/etc/pam.d/system-auth) 
skipping: [localhost] => (item=/etc/pam.d/password-auth) 
skipping: [localhost]

TASK [/stigforge/roles/rhel10_stig : An SELinux Context must be configured for the pam_faillock.so records directory - Get directories from faillock] ***
skipping: [localhost] => (item=/etc/security/faillock.conf) 
skipping: [localhost] => (item=/etc/pam.d/system-auth) 
skipping: [localhost] => (item=/etc/pam.d/password-auth) 
skipping: [localhost]

TASK [/stigforge/roles/rhel10_stig : An SELinux Context must be configured for the pam_faillock.so records directory - Create a list directories from faillock] ***
skipping: [localhost]

TASK [/stigforge/roles/rhel10_stig : An SELinux Context must be configured for the pam_faillock.so records directory - Create directories for faillock] ***
skipping: [localhost]

TASK [/stigforge/roles/rhel10_stig : An SELinux Context must be configured for the pam_faillock.so records directory - Get SELinux context for faillock directories] ***
skipping: [localhost]

TASK [/stigforge/roles/rhel10_stig : An SELinux Context must be configured for the pam_faillock.so records directory - Set up SELinux context for faillock] ***
skipping: [localhost]

TASK [/stigforge/roles/rhel10_stig : An SELinux Context must be configured for the pam_faillock.so records directory - Restore SELinux context] ***
skipping: [localhost]

TASK [/stigforge/roles/rhel10_stig : An SELinux Context must be configured for the pam_faillock.so records directory - Verify pam_faillock.so configuration] ***
skipping: [localhost]

TASK [/stigforge/roles/rhel10_stig : Account Lockouts Must Be Logged - Check if system relies on authselect tool] ***
skipping: [localhost]

TASK [/stigforge/roles/rhel10_stig : Account Lockouts Must Be Logged - Check integrity of authselect current profile] ***
skipping: [localhost]

TASK [/stigforge/roles/rhel10_stig : Account Lockouts Must Be Logged - Informative message based on the authselect integrity check result] ***
skipping: [localhost]

TASK [/stigforge/roles/rhel10_stig : Account Lockouts Must Be Logged - Get authselect current features] ***
skipping: [localhost]

TASK [/stigforge/roles/rhel10_stig : Account Lockouts Must Be Logged - Ensure "with-faillock" feature is enabled using authselect tool] ***
skipping: [localhost]

TASK [/stigforge/roles/rhel10_stig : Account Lockouts Must Be Logged - Ensure authselect changes are applied] ***
skipping: [localhost]

TASK [/stigforge/roles/rhel10_stig : Account Lockouts Must Be Logged - Check if pam_faillock.so is already enabled] ***
skipping: [localhost]

TASK [/stigforge/roles/rhel10_stig : Account Lockouts Must Be Logged - Enable pam_faillock.so preauth editing PAM files] ***
skipping: [localhost] => (item=/etc/pam.d/system-auth) 
skipping: [localhost] => (item=/etc/pam.d/password-auth) 
skipping: [localhost]

TASK [/stigforge/roles/rhel10_stig : Account Lockouts Must Be Logged - Enable pam_faillock.so authfail editing PAM files] ***
skipping: [localhost] => (item=/etc/pam.d/system-auth) 
skipping: [localhost] => (item=/etc/pam.d/password-auth) 
skipping: [localhost]

TASK [/stigforge/roles/rhel10_stig : Account Lockouts Must Be Logged - Enable pam_faillock.so account section editing PAM files] ***
skipping: [localhost] => (item=/etc/pam.d/system-auth) 
skipping: [localhost] => (item=/etc/pam.d/password-auth) 
skipping: [localhost]

TASK [/stigforge/roles/rhel10_stig : Account Lockouts Must Be Logged - Check the presence of /etc/security/faillock.conf file] ***
skipping: [localhost]

TASK [/stigforge/roles/rhel10_stig : Account Lockouts Must Be Logged - Ensure the pam_faillock.so audit parameter in /etc/security/faillock.conf] ***
skipping: [localhost]

TASK [/stigforge/roles/rhel10_stig : Account Lockouts Must Be Logged - Check if /etc/pam.d/system-auth file is present] ***
skipping: [localhost]

TASK [/stigforge/roles/rhel10_stig : Account Lockouts Must Be Logged - Define the PAM file to be edited as a local fact] ***
skipping: [localhost]

TASK [/stigforge/roles/rhel10_stig : Account Lockouts Must Be Logged - Check if system relies on authselect tool] ***
skipping: [localhost]

TASK [/stigforge/roles/rhel10_stig : Account Lockouts Must Be Logged - Check integrity of authselect current profile] ***
skipping: [localhost]

TASK [/stigforge/roles/rhel10_stig : Account Lockouts Must Be Logged - Informative message based on the authselect integrity check result] ***
skipping: [localhost]

TASK [/stigforge/roles/rhel10_stig : Account Lockouts Must Be Logged - Get authselect current profile] ***
skipping: [localhost]

TASK [/stigforge/roles/rhel10_stig : Account Lockouts Must Be Logged - Define the current authselect profile as a local fact] ***
skipping: [localhost]

TASK [/stigforge/roles/rhel10_stig : Account Lockouts Must Be Logged - Define the new authselect custom profile as a local fact] ***
skipping: [localhost]

TASK [/stigforge/roles/rhel10_stig : Account Lockouts Must Be Logged - Get authselect current features to also enable them in the custom profile] ***
skipping: [localhost]

TASK [/stigforge/roles/rhel10_stig : Account Lockouts Must Be Logged - Check if any custom profile with the same name was already created] ***
skipping: [localhost]

TASK [/stigforge/roles/rhel10_stig : Account Lockouts Must Be Logged - Create an authselect custom profile based on the current profile] ***
skipping: [localhost]

TASK [/stigforge/roles/rhel10_stig : Account Lockouts Must Be Logged - Create an authselect custom profile based on sssd profile] ***
skipping: [localhost]

TASK [/stigforge/roles/rhel10_stig : Account Lockouts Must Be Logged - Ensure authselect changes are applied] ***
skipping: [localhost]

TASK [/stigforge/roles/rhel10_stig : Account Lockouts Must Be Logged - Ensure the authselect custom profile is selected] ***
skipping: [localhost]

TASK [/stigforge/roles/rhel10_stig : Account Lockouts Must Be Logged - Restore the authselect features in the custom profile] ***
skipping: [localhost]

TASK [/stigforge/roles/rhel10_stig : Account Lockouts Must Be Logged - Ensure authselect changes are applied] ***
skipping: [localhost]

TASK [/stigforge/roles/rhel10_stig : Account Lockouts Must Be Logged - Change the PAM file to be edited according to the custom authselect profile] ***
skipping: [localhost]

TASK [/stigforge/roles/rhel10_stig : Account Lockouts Must Be Logged - Define a fact for control already filtered in case filters are used] ***
skipping: [localhost]

TASK [/stigforge/roles/rhel10_stig : Account Lockouts Must Be Logged - Check if {{ pam_file_path }} file is present] ***
skipping: [localhost]

TASK [/stigforge/roles/rhel10_stig : Account Lockouts Must Be Logged - Ensure the "audit" option from "pam_faillock.so" is not present in {{ pam_file_path }}] ***
skipping: [localhost]

TASK [/stigforge/roles/rhel10_stig : Account Lockouts Must Be Logged - Ensure authselect changes are applied] ***
skipping: [localhost]

TASK [/stigforge/roles/rhel10_stig : Account Lockouts Must Be Logged - Check if /etc/pam.d/password-auth file is present] ***
skipping: [localhost]

TASK [/stigforge/roles/rhel10_stig : Account Lockouts Must Be Logged - Define the PAM file to be edited as a local fact] ***
skipping: [localhost]

TASK [/stigforge/roles/rhel10_stig : Account Lockouts Must Be Logged - Check if system relies on authselect tool] ***
skipping: [localhost]

TASK [/stigforge/roles/rhel10_stig : Account Lockouts Must Be Logged - Check integrity of authselect current profile] ***
skipping: [localhost]

TASK [/stigforge/roles/rhel10_stig : Account Lockouts Must Be Logged - Informative message based on the authselect integrity check result] ***
skipping: [localhost]

TASK [/stigforge/roles/rhel10_stig : Account Lockouts Must Be Logged - Get authselect current profile] ***
skipping: [localhost]

TASK [/stigforge/roles/rhel10_stig : Account Lockouts Must Be Logged - Define the current authselect profile as a local fact] ***
skipping: [localhost]

TASK [/stigforge/roles/rhel10_stig : Account Lockouts Must Be Logged - Define the new authselect custom profile as a local fact] ***
skipping: [localhost]

TASK [/stigforge/roles/rhel10_stig : Account Lockouts Must Be Logged - Get authselect current features to also enable them in the custom profile] ***
skipping: [localhost]

TASK [/stigforge/roles/rhel10_stig : Account Lockouts Must Be Logged - Check if any custom profile with the same name was already created] ***
skipping: [localhost]

TASK [/stigforge/roles/rhel10_stig : Account Lockouts Must Be Logged - Create an authselect custom profile based on the current profile] ***
skipping: [localhost]

TASK [/stigforge/roles/rhel10_stig : Account Lockouts Must Be Logged - Create an authselect custom profile based on sssd profile] ***
skipping: [localhost]

TASK [/stigforge/roles/rhel10_stig : Account Lockouts Must Be Logged - Ensure authselect changes are applied] ***
skipping: [localhost]

TASK [/stigforge/roles/rhel10_stig : Account Lockouts Must Be Logged - Ensure the authselect custom profile is selected] ***
skipping: [localhost]

TASK [/stigforge/roles/rhel10_stig : Account Lockouts Must Be Logged - Restore the authselect features in the custom profile] ***
skipping: [localhost]

TASK [/stigforge/roles/rhel10_stig : Account Lockouts Must Be Logged - Ensure authselect changes are applied] ***
skipping: [localhost]

TASK [/stigforge/roles/rhel10_stig : Account Lockouts Must Be Logged - Change the PAM file to be edited according to the custom authselect profile] ***
skipping: [localhost]

TASK [/stigforge/roles/rhel10_stig : Account Lockouts Must Be Logged - Define a fact for control already filtered in case filters are used] ***
skipping: [localhost]

TASK [/stigforge/roles/rhel10_stig : Account Lockouts Must Be Logged - Check if {{ pam_file_path }} file is present] ***
skipping: [localhost]

TASK [/stigforge/roles/rhel10_stig : Account Lockouts Must Be Logged - Ensure the "audit" option from "pam_faillock.so" is not present in {{ pam_file_path }}] ***
skipping: [localhost]

TASK [/stigforge/roles/rhel10_stig : Account Lockouts Must Be Logged - Ensure authselect changes are applied] ***
skipping: [localhost]

TASK [/stigforge/roles/rhel10_stig : Account Lockouts Must Be Logged - Check if pam_faillock.so audit parameter is already enabled in pam files] ***
skipping: [localhost]

TASK [/stigforge/roles/rhel10_stig : Account Lockouts Must Be Logged - Ensure the inclusion of pam_faillock.so preauth audit parameter in auth section] ***
skipping: [localhost] => (item=/etc/pam.d/system-auth) 
skipping: [localhost] => (item=/etc/pam.d/password-auth) 
skipping: [localhost]

TASK [/stigforge/roles/rhel10_stig : Lock Accounts After Failed Password Attempts - Check if system relies on authselect tool] ***
skipping: [localhost]

TASK [/stigforge/roles/rhel10_stig : Lock Accounts After Failed Password Attempts - Check integrity of authselect current profile] ***
skipping: [localhost]

TASK [/stigforge/roles/rhel10_stig : Lock Accounts After Failed Password Attempts - Informative message based on the authselect integrity check result] ***
skipping: [localhost]

TASK [/stigforge/roles/rhel10_stig : Lock Accounts After Failed Password Attempts - Get authselect current features] ***
skipping: [localhost]

TASK [/stigforge/roles/rhel10_stig : Lock Accounts After Failed Password Attempts - Ensure "with-faillock" feature is enabled using authselect tool] ***
skipping: [localhost]

TASK [/stigforge/roles/rhel10_stig : Lock Accounts After Failed Password Attempts - Ensure authselect changes are applied] ***
skipping: [localhost]

TASK [/stigforge/roles/rhel10_stig : Lock Accounts After Failed Password Attempts - Check if pam_faillock.so is already enabled] ***
skipping: [localhost]

TASK [/stigforge/roles/rhel10_stig : Lock Accounts After Failed Password Attempts - Enable pam_faillock.so preauth editing PAM files] ***
skipping: [localhost] => (item=/etc/pam.d/system-auth) 
skipping: [localhost] => (item=/etc/pam.d/password-auth) 
skipping: [localhost]

TASK [/stigforge/roles/rhel10_stig : Lock Accounts After Failed Password Attempts - Enable pam_faillock.so authfail editing PAM files] ***
skipping: [localhost] => (item=/etc/pam.d/system-auth) 
skipping: [localhost] => (item=/etc/pam.d/password-auth) 
skipping: [localhost]

TASK [/stigforge/roles/rhel10_stig : Lock Accounts After Failed Password Attempts - Enable pam_faillock.so account section editing PAM files] ***
skipping: [localhost] => (item=/etc/pam.d/system-auth) 
skipping: [localhost] => (item=/etc/pam.d/password-auth) 
skipping: [localhost]

TASK [/stigforge/roles/rhel10_stig : Lock Accounts After Failed Password Attempts - Check the presence of /etc/security/faillock.conf file] ***
skipping: [localhost]

TASK [/stigforge/roles/rhel10_stig : Lock Accounts After Failed Password Attempts - Ensure the pam_faillock.so deny parameter in /etc/security/faillock.conf] ***
skipping: [localhost]

TASK [/stigforge/roles/rhel10_stig : Lock Accounts After Failed Password Attempts - Check if /etc/pam.d/system-auth file is present] ***
skipping: [localhost]

TASK [/stigforge/roles/rhel10_stig : Lock Accounts After Failed Password Attempts - Define the PAM file to be edited as a local fact] ***
skipping: [localhost]

TASK [/stigforge/roles/rhel10_stig : Lock Accounts After Failed Password Attempts - Check if system relies on authselect tool] ***
skipping: [localhost]

TASK [/stigforge/roles/rhel10_stig : Lock Accounts After Failed Password Attempts - Check integrity of authselect current profile] ***
skipping: [localhost]

TASK [/stigforge/roles/rhel10_stig : Lock Accounts After Failed Password Attempts - Informative message based on the authselect integrity check result] ***
skipping: [localhost]

TASK [/stigforge/roles/rhel10_stig : Lock Accounts After Failed Password Attempts - Get authselect current profile] ***
skipping: [localhost]

TASK [/stigforge/roles/rhel10_stig : Lock Accounts After Failed Password Attempts - Define the current authselect profile as a local fact] ***
skipping: [localhost]

TASK [/stigforge/roles/rhel10_stig : Lock Accounts After Failed Password Attempts - Define the new authselect custom profile as a local fact] ***
skipping: [localhost]

TASK [/stigforge/roles/rhel10_stig : Lock Accounts After Failed Password Attempts - Get authselect current features to also enable them in the custom profile] ***
skipping: [localhost]

TASK [/stigforge/roles/rhel10_stig : Lock Accounts After Failed Password Attempts - Check if any custom profile with the same name was already created] ***
skipping: [localhost]

TASK [/stigforge/roles/rhel10_stig : Lock Accounts After Failed Password Attempts - Create an authselect custom profile based on the current profile] ***
skipping: [localhost]

TASK [/stigforge/roles/rhel10_stig : Lock Accounts After Failed Password Attempts - Create an authselect custom profile based on sssd profile] ***
skipping: [localhost]

TASK [/stigforge/roles/rhel10_stig : Lock Accounts After Failed Password Attempts - Ensure authselect changes are applied] ***
skipping: [localhost]

TASK [/stigforge/roles/rhel10_stig : Lock Accounts After Failed Password Attempts - Ensure the authselect custom profile is selected] ***
skipping: [localhost]

TASK [/stigforge/roles/rhel10_stig : Lock Accounts After Failed Password Attempts - Restore the authselect features in the custom profile] ***
skipping: [localhost]

TASK [/stigforge/roles/rhel10_stig : Lock Accounts After Failed Password Attempts - Ensure authselect changes are applied] ***
skipping: [localhost]

TASK [/stigforge/roles/rhel10_stig : Lock Accounts After Failed Password Attempts - Change the PAM file to be edited according to the custom authselect profile] ***
skipping: [localhost]

TASK [/stigforge/roles/rhel10_stig : Lock Accounts After Failed Password Attempts - Define a fact for control already filtered in case filters are used] ***
skipping: [localhost]

TASK [/stigforge/roles/rhel10_stig : Lock Accounts After Failed Password Attempts - Check if {{ pam_file_path }} file is present] ***
skipping: [localhost]

TASK [/stigforge/roles/rhel10_stig : Lock Accounts After Failed Password Attempts - Ensure the "deny" option from "pam_faillock.so" is not present in {{ pam_file_path }}] ***
skipping: [localhost]

TASK [/stigforge/roles/rhel10_stig : Lock Accounts After Failed Password Attempts - Ensure authselect changes are applied] ***
skipping: [localhost]

TASK [/stigforge/roles/rhel10_stig : Lock Accounts After Failed Password Attempts - Check if /etc/pam.d/password-auth file is present] ***
skipping: [localhost]

TASK [/stigforge/roles/rhel10_stig : Lock Accounts After Failed Password Attempts - Define the PAM file to be edited as a local fact] ***
skipping: [localhost]

TASK [/stigforge/roles/rhel10_stig : Lock Accounts After Failed Password Attempts - Check if system relies on authselect tool] ***
skipping: [localhost]

TASK [/stigforge/roles/rhel10_stig : Lock Accounts After Failed Password Attempts - Check integrity of authselect current profile] ***
skipping: [localhost]

TASK [/stigforge/roles/rhel10_stig : Lock Accounts After Failed Password Attempts - Informative message based on the authselect integrity check result] ***
skipping: [localhost]

TASK [/stigforge/roles/rhel10_stig : Lock Accounts After Failed Password Attempts - Get authselect current profile] ***
skipping: [localhost]

TASK [/stigforge/roles/rhel10_stig : Lock Accounts After Failed Password Attempts - Define the current authselect profile as a local fact] ***
skipping: [localhost]

TASK [/stigforge/roles/rhel10_stig : Lock Accounts After Failed Password Attempts - Define the new authselect custom profile as a local fact] ***
skipping: [localhost]

TASK [/stigforge/roles/rhel10_stig : Lock Accounts After Failed Password Attempts - Get authselect current features to also enable them in the custom profile] ***
skipping: [localhost]

TASK [/stigforge/roles/rhel10_stig : Lock Accounts After Failed Password Attempts - Check if any custom profile with the same name was already created] ***
skipping: [localhost]

TASK [/stigforge/roles/rhel10_stig : Lock Accounts After Failed Password Attempts - Create an authselect custom profile based on the current profile] ***
skipping: [localhost]

TASK [/stigforge/roles/rhel10_stig : Lock Accounts After Failed Password Attempts - Create an authselect custom profile based on sssd profile] ***
skipping: [localhost]

TASK [/stigforge/roles/rhel10_stig : Lock Accounts After Failed Password Attempts - Ensure authselect changes are applied] ***
skipping: [localhost]

TASK [/stigforge/roles/rhel10_stig : Lock Accounts After Failed Password Attempts - Ensure the authselect custom profile is selected] ***
skipping: [localhost]

TASK [/stigforge/roles/rhel10_stig : Lock Accounts After Failed Password Attempts - Restore the authselect features in the custom profile] ***
skipping: [localhost]

TASK [/stigforge/roles/rhel10_stig : Lock Accounts After Failed Password Attempts - Ensure authselect changes are applied] ***
skipping: [localhost]

TASK [/stigforge/roles/rhel10_stig : Lock Accounts After Failed Password Attempts - Change the PAM file to be edited according to the custom authselect profile] ***
skipping: [localhost]

TASK [/stigforge/roles/rhel10_stig : Lock Accounts After Failed Password Attempts - Define a fact for control already filtered in case filters are used] ***
skipping: [localhost]

TASK [/stigforge/roles/rhel10_stig : Lock Accounts After Failed Password Attempts - Check if {{ pam_file_path }} file is present] ***
skipping: [localhost]

TASK [/stigforge/roles/rhel10_stig : Lock Accounts After Failed Password Attempts - Ensure the "deny" option from "pam_faillock.so" is not present in {{ pam_file_path }}] ***
skipping: [localhost]

TASK [/stigforge/roles/rhel10_stig : Lock Accounts After Failed Password Attempts - Ensure authselect changes are applied] ***
skipping: [localhost]

TASK [/stigforge/roles/rhel10_stig : Lock Accounts After Failed Password Attempts - Check if pam_faillock.so deny parameter is already enabled in pam files] ***
skipping: [localhost]

TASK [/stigforge/roles/rhel10_stig : Lock Accounts After Failed Password Attempts - Ensure the inclusion of pam_faillock.so preauth deny parameter in auth section] ***
skipping: [localhost] => (item=/etc/pam.d/system-auth) 
skipping: [localhost] => (item=/etc/pam.d/password-auth) 
skipping: [localhost]

TASK [/stigforge/roles/rhel10_stig : Lock Accounts After Failed Password Attempts - Ensure the inclusion of pam_faillock.so authfail deny parameter in auth section] ***
skipping: [localhost] => (item=/etc/pam.d/system-auth) 
skipping: [localhost] => (item=/etc/pam.d/password-auth) 
skipping: [localhost]

TASK [/stigforge/roles/rhel10_stig : Lock Accounts After Failed Password Attempts - Ensure the desired value for pam_faillock.so preauth deny parameter in auth section] ***
skipping: [localhost] => (item=/etc/pam.d/system-auth) 
skipping: [localhost] => (item=/etc/pam.d/password-auth) 
skipping: [localhost]

TASK [/stigforge/roles/rhel10_stig : Lock Accounts After Failed Password Attempts - Ensure the desired value for pam_faillock.so authfail deny parameter in auth section] ***
skipping: [localhost] => (item=/etc/pam.d/system-auth) 
skipping: [localhost] => (item=/etc/pam.d/password-auth) 
skipping: [localhost]

TASK [/stigforge/roles/rhel10_stig : Configure the root Account for Failed Password Attempts - Check if system relies on authselect tool] ***
skipping: [localhost]

TASK [/stigforge/roles/rhel10_stig : Configure the root Account for Failed Password Attempts - Check integrity of authselect current profile] ***
skipping: [localhost]

TASK [/stigforge/roles/rhel10_stig : Configure the root Account for Failed Password Attempts - Informative message based on the authselect integrity check result] ***
skipping: [localhost]

TASK [/stigforge/roles/rhel10_stig : Configure the root Account for Failed Password Attempts - Get authselect current features] ***
skipping: [localhost]

TASK [/stigforge/roles/rhel10_stig : Configure the root Account for Failed Password Attempts - Ensure "with-faillock" feature is enabled using authselect tool] ***
skipping: [localhost]

TASK [/stigforge/roles/rhel10_stig : Configure the root Account for Failed Password Attempts - Ensure authselect changes are applied] ***
skipping: [localhost]

TASK [/stigforge/roles/rhel10_stig : Configure the root Account for Failed Password Attempts - Check if pam_faillock.so is already enabled] ***
skipping: [localhost]

TASK [/stigforge/roles/rhel10_stig : Configure the root Account for Failed Password Attempts - Enable pam_faillock.so preauth editing PAM files] ***
skipping: [localhost] => (item=/etc/pam.d/system-auth) 
skipping: [localhost] => (item=/etc/pam.d/password-auth) 
skipping: [localhost]

TASK [/stigforge/roles/rhel10_stig : Configure the root Account for Failed Password Attempts - Enable pam_faillock.so authfail editing PAM files] ***
skipping: [localhost] => (item=/etc/pam.d/system-auth) 
skipping: [localhost] => (item=/etc/pam.d/password-auth) 
skipping: [localhost]

TASK [/stigforge/roles/rhel10_stig : Configure the root Account for Failed Password Attempts - Enable pam_faillock.so account section editing PAM files] ***
skipping: [localhost] => (item=/etc/pam.d/system-auth) 
skipping: [localhost] => (item=/etc/pam.d/password-auth) 
skipping: [localhost]

TASK [/stigforge/roles/rhel10_stig : Configure the root Account for Failed Password Attempts - Check the presence of /etc/security/faillock.conf file] ***
skipping: [localhost]

TASK [/stigforge/roles/rhel10_stig : Configure the root Account for Failed Password Attempts - Ensure the pam_faillock.so even_deny_root parameter in /etc/security/faillock.conf] ***
skipping: [localhost]

TASK [/stigforge/roles/rhel10_stig : Configure the root Account for Failed Password Attempts - Check if /etc/pam.d/system-auth file is present] ***
skipping: [localhost]

TASK [/stigforge/roles/rhel10_stig : Configure the root Account for Failed Password Attempts - Define the PAM file to be edited as a local fact] ***
skipping: [localhost]

TASK [/stigforge/roles/rhel10_stig : Configure the root Account for Failed Password Attempts - Check if system relies on authselect tool] ***
skipping: [localhost]

TASK [/stigforge/roles/rhel10_stig : Configure the root Account for Failed Password Attempts - Check integrity of authselect current profile] ***
skipping: [localhost]

TASK [/stigforge/roles/rhel10_stig : Configure the root Account for Failed Password Attempts - Informative message based on the authselect integrity check result] ***
skipping: [localhost]

TASK [/stigforge/roles/rhel10_stig : Configure the root Account for Failed Password Attempts - Get authselect current profile] ***
skipping: [localhost]

TASK [/stigforge/roles/rhel10_stig : Configure the root Account for Failed Password Attempts - Define the current authselect profile as a local fact] ***
skipping: [localhost]

TASK [/stigforge/roles/rhel10_stig : Configure the root Account for Failed Password Attempts - Define the new authselect custom profile as a local fact] ***
skipping: [localhost]

TASK [/stigforge/roles/rhel10_stig : Configure the root Account for Failed Password Attempts - Get authselect current features to also enable them in the custom profile] ***
skipping: [localhost]

TASK [/stigforge/roles/rhel10_stig : Configure the root Account for Failed Password Attempts - Check if any custom profile with the same name was already created] ***
skipping: [localhost]

TASK [/stigforge/roles/rhel10_stig : Configure the root Account for Failed Password Attempts - Create an authselect custom profile based on the current profile] ***
skipping: [localhost]

TASK [/stigforge/roles/rhel10_stig : Configure the root Account for Failed Password Attempts - Create an authselect custom profile based on sssd profile] ***
skipping: [localhost]

TASK [/stigforge/roles/rhel10_stig : Configure the root Account for Failed Password Attempts - Ensure authselect changes are applied] ***
skipping: [localhost]

TASK [/stigforge/roles/rhel10_stig : Configure the root Account for Failed Password Attempts - Ensure the authselect custom profile is selected] ***
skipping: [localhost]

TASK [/stigforge/roles/rhel10_stig : Configure the root Account for Failed Password Attempts - Restore the authselect features in the custom profile] ***
skipping: [localhost]

TASK [/stigforge/roles/rhel10_stig : Configure the root Account for Failed Password Attempts - Ensure authselect changes are applied] ***
skipping: [localhost]

TASK [/stigforge/roles/rhel10_stig : Configure the root Account for Failed Password Attempts - Change the PAM file to be edited according to the custom authselect profile] ***
skipping: [localhost]

TASK [/stigforge/roles/rhel10_stig : Configure the root Account for Failed Password Attempts - Define a fact for control already filtered in case filters are used] ***
skipping: [localhost]

TASK [/stigforge/roles/rhel10_stig : Configure the root Account for Failed Password Attempts - Check if {{ pam_file_path }} file is present] ***
skipping: [localhost]

TASK [/stigforge/roles/rhel10_stig : Configure the root Account for Failed Password Attempts - Ensure the "even_deny_root" option from "pam_faillock.so" is not present in {{ pam_file_path }}] ***
skipping: [localhost]

TASK [/stigforge/roles/rhel10_stig : Configure the root Account for Failed Password Attempts - Ensure authselect changes are applied] ***
skipping: [localhost]

TASK [/stigforge/roles/rhel10_stig : Configure the root Account for Failed Password Attempts - Check if /etc/pam.d/password-auth file is present] ***
skipping: [localhost]

TASK [/stigforge/roles/rhel10_stig : Configure the root Account for Failed Password Attempts - Define the PAM file to be edited as a local fact] ***
skipping: [localhost]

TASK [/stigforge/roles/rhel10_stig : Configure the root Account for Failed Password Attempts - Check if system relies on authselect tool] ***
skipping: [localhost]

TASK [/stigforge/roles/rhel10_stig : Configure the root Account for Failed Password Attempts - Check integrity of authselect current profile] ***
skipping: [localhost]

TASK [/stigforge/roles/rhel10_stig : Configure the root Account for Failed Password Attempts - Informative message based on the authselect integrity check result] ***
skipping: [localhost]

TASK [/stigforge/roles/rhel10_stig : Configure the root Account for Failed Password Attempts - Get authselect current profile] ***
skipping: [localhost]

TASK [/stigforge/roles/rhel10_stig : Configure the root Account for Failed Password Attempts - Define the current authselect profile as a local fact] ***
skipping: [localhost]

TASK [/stigforge/roles/rhel10_stig : Configure the root Account for Failed Password Attempts - Define the new authselect custom profile as a local fact] ***
skipping: [localhost]

TASK [/stigforge/roles/rhel10_stig : Configure the root Account for Failed Password Attempts - Get authselect current features to also enable them in the custom profile] ***
skipping: [localhost]

TASK [/stigforge/roles/rhel10_stig : Configure the root Account for Failed Password Attempts - Check if any custom profile with the same name was already created] ***
skipping: [localhost]

TASK [/stigforge/roles/rhel10_stig : Configure the root Account for Failed Password Attempts - Create an authselect custom profile based on the current profile] ***
skipping: [localhost]

TASK [/stigforge/roles/rhel10_stig : Configure the root Account for Failed Password Attempts - Create an authselect custom profile based on sssd profile] ***
skipping: [localhost]

TASK [/stigforge/roles/rhel10_stig : Configure the root Account for Failed Password Attempts - Ensure authselect changes are applied] ***
skipping: [localhost]

TASK [/stigforge/roles/rhel10_stig : Configure the root Account for Failed Password Attempts - Ensure the authselect custom profile is selected] ***
skipping: [localhost]

TASK [/stigforge/roles/rhel10_stig : Configure the root Account for Failed Password Attempts - Restore the authselect features in the custom profile] ***
skipping: [localhost]

TASK [/stigforge/roles/rhel10_stig : Configure the root Account for Failed Password Attempts - Ensure authselect changes are applied] ***
skipping: [localhost]

TASK [/stigforge/roles/rhel10_stig : Configure the root Account for Failed Password Attempts - Change the PAM file to be edited according to the custom authselect profile] ***
skipping: [localhost]

TASK [/stigforge/roles/rhel10_stig : Configure the root Account for Failed Password Attempts - Define a fact for control already filtered in case filters are used] ***
skipping: [localhost]

TASK [/stigforge/roles/rhel10_stig : Configure the root Account for Failed Password Attempts - Check if {{ pam_file_path }} file is present] ***
skipping: [localhost]

TASK [/stigforge/roles/rhel10_stig : Configure the root Account for Failed Password Attempts - Ensure the "even_deny_root" option from "pam_faillock.so" is not present in {{ pam_file_path }}] ***
skipping: [localhost]

TASK [/stigforge/roles/rhel10_stig : Configure the root Account for Failed Password Attempts - Ensure authselect changes are applied] ***
skipping: [localhost]

TASK [/stigforge/roles/rhel10_stig : Configure the root Account for Failed Password Attempts - Check if pam_faillock.so even_deny_root parameter is already enabled in pam files] ***
skipping: [localhost]

TASK [/stigforge/roles/rhel10_stig : Configure the root Account for Failed Password Attempts - Ensure the inclusion of pam_faillock.so preauth even_deny_root parameter in auth section] ***
skipping: [localhost] => (item=/etc/pam.d/system-auth) 
skipping: [localhost] => (item=/etc/pam.d/password-auth) 
skipping: [localhost]

TASK [/stigforge/roles/rhel10_stig : Configure the root Account for Failed Password Attempts - Ensure the inclusion of pam_faillock.so authfail even_deny_root parameter in auth section] ***
skipping: [localhost] => (item=/etc/pam.d/system-auth) 
skipping: [localhost] => (item=/etc/pam.d/password-auth) 
skipping: [localhost]

TASK [/stigforge/roles/rhel10_stig : Lock Accounts Must Persist - Check if system relies on authselect tool] ***
skipping: [localhost]

TASK [/stigforge/roles/rhel10_stig : Lock Accounts Must Persist - Check integrity of authselect current profile] ***
skipping: [localhost]

TASK [/stigforge/roles/rhel10_stig : Lock Accounts Must Persist - Informative message based on the authselect integrity check result] ***
skipping: [localhost]

TASK [/stigforge/roles/rhel10_stig : Lock Accounts Must Persist - Get authselect current features] ***
skipping: [localhost]

TASK [/stigforge/roles/rhel10_stig : Lock Accounts Must Persist - Ensure "with-faillock" feature is enabled using authselect tool] ***
skipping: [localhost]

TASK [/stigforge/roles/rhel10_stig : Lock Accounts Must Persist - Ensure authselect changes are applied] ***
skipping: [localhost]

TASK [/stigforge/roles/rhel10_stig : Lock Accounts Must Persist - Check if pam_faillock.so is already enabled] ***
skipping: [localhost]

TASK [/stigforge/roles/rhel10_stig : Lock Accounts Must Persist - Enable pam_faillock.so preauth editing PAM files] ***
skipping: [localhost] => (item=/etc/pam.d/system-auth) 
skipping: [localhost] => (item=/etc/pam.d/password-auth) 
skipping: [localhost]

TASK [/stigforge/roles/rhel10_stig : Lock Accounts Must Persist - Enable pam_faillock.so authfail editing PAM files] ***
skipping: [localhost] => (item=/etc/pam.d/system-auth) 
skipping: [localhost] => (item=/etc/pam.d/password-auth) 
skipping: [localhost]

TASK [/stigforge/roles/rhel10_stig : Lock Accounts Must Persist - Enable pam_faillock.so account section editing PAM files] ***
skipping: [localhost] => (item=/etc/pam.d/system-auth) 
skipping: [localhost] => (item=/etc/pam.d/password-auth) 
skipping: [localhost]

TASK [/stigforge/roles/rhel10_stig : Lock Accounts Must Persist - Check the presence of /etc/security/faillock.conf file] ***
skipping: [localhost]

TASK [/stigforge/roles/rhel10_stig : Lock Accounts Must Persist - Ensure the pam_faillock.so dir parameter in /etc/security/faillock.conf] ***
skipping: [localhost]

TASK [/stigforge/roles/rhel10_stig : Lock Accounts Must Persist - Check if /etc/pam.d/system-auth file is present] ***
skipping: [localhost]

TASK [/stigforge/roles/rhel10_stig : Lock Accounts Must Persist - Define the PAM file to be edited as a local fact] ***
skipping: [localhost]

TASK [/stigforge/roles/rhel10_stig : Lock Accounts Must Persist - Check if system relies on authselect tool] ***
skipping: [localhost]

TASK [/stigforge/roles/rhel10_stig : Lock Accounts Must Persist - Check integrity of authselect current profile] ***
skipping: [localhost]

TASK [/stigforge/roles/rhel10_stig : Lock Accounts Must Persist - Informative message based on the authselect integrity check result] ***
skipping: [localhost]

TASK [/stigforge/roles/rhel10_stig : Lock Accounts Must Persist - Get authselect current profile] ***
skipping: [localhost]

TASK [/stigforge/roles/rhel10_stig : Lock Accounts Must Persist - Define the current authselect profile as a local fact] ***
skipping: [localhost]

TASK [/stigforge/roles/rhel10_stig : Lock Accounts Must Persist - Define the new authselect custom profile as a local fact] ***
skipping: [localhost]

TASK [/stigforge/roles/rhel10_stig : Lock Accounts Must Persist - Get authselect current features to also enable them in the custom profile] ***
skipping: [localhost]

TASK [/stigforge/roles/rhel10_stig : Lock Accounts Must Persist - Check if any custom profile with the same name was already created] ***
skipping: [localhost]

TASK [/stigforge/roles/rhel10_stig : Lock Accounts Must Persist - Create an authselect custom profile based on the current profile] ***
skipping: [localhost]

TASK [/stigforge/roles/rhel10_stig : Lock Accounts Must Persist - Create an authselect custom profile based on sssd profile] ***
skipping: [localhost]

TASK [/stigforge/roles/rhel10_stig : Lock Accounts Must Persist - Ensure authselect changes are applied] ***
skipping: [localhost]

TASK [/stigforge/roles/rhel10_stig : Lock Accounts Must Persist - Ensure the authselect custom profile is selected] ***
skipping: [localhost]

TASK [/stigforge/roles/rhel10_stig : Lock Accounts Must Persist - Restore the authselect features in the custom profile] ***
skipping: [localhost]

TASK [/stigforge/roles/rhel10_stig : Lock Accounts Must Persist - Ensure authselect changes are applied] ***
skipping: [localhost]

TASK [/stigforge/roles/rhel10_stig : Lock Accounts Must Persist - Change the PAM file to be edited according to the custom authselect profile] ***
skipping: [localhost]

TASK [/stigforge/roles/rhel10_stig : Lock Accounts Must Persist - Define a fact for control already filtered in case filters are used] ***
skipping: [localhost]

TASK [/stigforge/roles/rhel10_stig : Lock Accounts Must Persist - Check if {{ pam_file_path }} file is present] ***
skipping: [localhost]

TASK [/stigforge/roles/rhel10_stig : Lock Accounts Must Persist - Ensure the "dir" option from "pam_faillock.so" is not present in {{ pam_file_path }}] ***
skipping: [localhost]

TASK [/stigforge/roles/rhel10_stig : Lock Accounts Must Persist - Ensure authselect changes are applied] ***
skipping: [localhost]

TASK [/stigforge/roles/rhel10_stig : Lock Accounts Must Persist - Check if /etc/pam.d/password-auth file is present] ***
skipping: [localhost]

TASK [/stigforge/roles/rhel10_stig : Lock Accounts Must Persist - Define the PAM file to be edited as a local fact] ***
skipping: [localhost]

TASK [/stigforge/roles/rhel10_stig : Lock Accounts Must Persist - Check if system relies on authselect tool] ***
skipping: [localhost]

TASK [/stigforge/roles/rhel10_stig : Lock Accounts Must Persist - Check integrity of authselect current profile] ***
skipping: [localhost]

TASK [/stigforge/roles/rhel10_stig : Lock Accounts Must Persist - Informative message based on the authselect integrity check result] ***
skipping: [localhost]

TASK [/stigforge/roles/rhel10_stig : Lock Accounts Must Persist - Get authselect current profile] ***
skipping: [localhost]

TASK [/stigforge/roles/rhel10_stig : Lock Accounts Must Persist - Define the current authselect profile as a local fact] ***
skipping: [localhost]

TASK [/stigforge/roles/rhel10_stig : Lock Accounts Must Persist - Define the new authselect custom profile as a local fact] ***
skipping: [localhost]

TASK [/stigforge/roles/rhel10_stig : Lock Accounts Must Persist - Get authselect current features to also enable them in the custom profile] ***
skipping: [localhost]

TASK [/stigforge/roles/rhel10_stig : Lock Accounts Must Persist - Check if any custom profile with the same name was already created] ***
skipping: [localhost]

TASK [/stigforge/roles/rhel10_stig : Lock Accounts Must Persist - Create an authselect custom profile based on the current profile] ***
skipping: [localhost]

TASK [/stigforge/roles/rhel10_stig : Lock Accounts Must Persist - Create an authselect custom profile based on sssd profile] ***
skipping: [localhost]

TASK [/stigforge/roles/rhel10_stig : Lock Accounts Must Persist - Ensure authselect changes are applied] ***
skipping: [localhost]

TASK [/stigforge/roles/rhel10_stig : Lock Accounts Must Persist - Ensure the authselect custom profile is selected] ***
skipping: [localhost]

TASK [/stigforge/roles/rhel10_stig : Lock Accounts Must Persist - Restore the authselect features in the custom profile] ***
skipping: [localhost]

TASK [/stigforge/roles/rhel10_stig : Lock Accounts Must Persist - Ensure authselect changes are applied] ***
skipping: [localhost]

TASK [/stigforge/roles/rhel10_stig : Lock Accounts Must Persist - Change the PAM file to be edited according to the custom authselect profile] ***
skipping: [localhost]

TASK [/stigforge/roles/rhel10_stig : Lock Accounts Must Persist - Define a fact for control already filtered in case filters are used] ***
skipping: [localhost]

TASK [/stigforge/roles/rhel10_stig : Lock Accounts Must Persist - Check if {{ pam_file_path }} file is present] ***
skipping: [localhost]

TASK [/stigforge/roles/rhel10_stig : Lock Accounts Must Persist - Ensure the "dir" option from "pam_faillock.so" is not present in {{ pam_file_path }}] ***
skipping: [localhost]

TASK [/stigforge/roles/rhel10_stig : Lock Accounts Must Persist - Ensure authselect changes are applied] ***
skipping: [localhost]

TASK [/stigforge/roles/rhel10_stig : Lock Accounts Must Persist - Check if pam_faillock.so dir parameter is already enabled in pam files] ***
skipping: [localhost]

TASK [/stigforge/roles/rhel10_stig : Lock Accounts Must Persist - Ensure the inclusion of pam_faillock.so preauth dir parameter in auth section] ***
skipping: [localhost] => (item=/etc/pam.d/system-auth) 
skipping: [localhost] => (item=/etc/pam.d/password-auth) 
skipping: [localhost]

TASK [/stigforge/roles/rhel10_stig : Lock Accounts Must Persist - Ensure the inclusion of pam_faillock.so authfail dir parameter in auth section] ***
skipping: [localhost] => (item=/etc/pam.d/system-auth) 
skipping: [localhost] => (item=/etc/pam.d/password-auth) 
skipping: [localhost]

TASK [/stigforge/roles/rhel10_stig : Lock Accounts Must Persist - Ensure the desired value for pam_faillock.so preauth dir parameter in auth section] ***
skipping: [localhost] => (item=/etc/pam.d/system-auth) 
skipping: [localhost] => (item=/etc/pam.d/password-auth) 
skipping: [localhost]

TASK [/stigforge/roles/rhel10_stig : Lock Accounts Must Persist - Ensure the desired value for pam_faillock.so authfail dir parameter in auth section] ***
skipping: [localhost] => (item=/etc/pam.d/system-auth) 
skipping: [localhost] => (item=/etc/pam.d/password-auth) 
skipping: [localhost]

TASK [/stigforge/roles/rhel10_stig : Lock Accounts Must Persist - Create the faillock directory if it does not exist] ***
skipping: [localhost]

TASK [/stigforge/roles/rhel10_stig : Lock Accounts Must Persist - Get SELinux context for faillock directory] ***
skipping: [localhost]

TASK [/stigforge/roles/rhel10_stig : Lock Accounts Must Persist - Ensure SELinux file context is permanently set] ***
skipping: [localhost]

TASK [/stigforge/roles/rhel10_stig : Lock Accounts Must Persist - Ensure SELinux file context is applied] ***
skipping: [localhost]

TASK [/stigforge/roles/rhel10_stig : Set Interval For Counting Failed Password Attempts - Check if system relies on authselect tool] ***
skipping: [localhost]

TASK [/stigforge/roles/rhel10_stig : Set Interval For Counting Failed Password Attempts - Check integrity of authselect current profile] ***
skipping: [localhost]

TASK [/stigforge/roles/rhel10_stig : Set Interval For Counting Failed Password Attempts - Informative message based on the authselect integrity check result] ***
skipping: [localhost]

TASK [/stigforge/roles/rhel10_stig : Set Interval For Counting Failed Password Attempts - Get authselect current features] ***
skipping: [localhost]

TASK [/stigforge/roles/rhel10_stig : Set Interval For Counting Failed Password Attempts - Ensure "with-faillock" feature is enabled using authselect tool] ***
skipping: [localhost]

TASK [/stigforge/roles/rhel10_stig : Set Interval For Counting Failed Password Attempts - Ensure authselect changes are applied] ***
skipping: [localhost]

TASK [/stigforge/roles/rhel10_stig : Set Interval For Counting Failed Password Attempts - Check if pam_faillock.so is already enabled] ***
skipping: [localhost]

TASK [/stigforge/roles/rhel10_stig : Set Interval For Counting Failed Password Attempts - Enable pam_faillock.so preauth editing PAM files] ***
skipping: [localhost] => (item=/etc/pam.d/system-auth) 
skipping: [localhost] => (item=/etc/pam.d/password-auth) 
skipping: [localhost]

TASK [/stigforge/roles/rhel10_stig : Set Interval For Counting Failed Password Attempts - Enable pam_faillock.so authfail editing PAM files] ***
skipping: [localhost] => (item=/etc/pam.d/system-auth) 
skipping: [localhost] => (item=/etc/pam.d/password-auth) 
skipping: [localhost]

TASK [/stigforge/roles/rhel10_stig : Set Interval For Counting Failed Password Attempts - Enable pam_faillock.so account section editing PAM files] ***
skipping: [localhost] => (item=/etc/pam.d/system-auth) 
skipping: [localhost] => (item=/etc/pam.d/password-auth) 
skipping: [localhost]

TASK [/stigforge/roles/rhel10_stig : Set Interval For Counting Failed Password Attempts - Check the presence of /etc/security/faillock.conf file] ***
skipping: [localhost]

TASK [/stigforge/roles/rhel10_stig : Set Interval For Counting Failed Password Attempts - Ensure the pam_faillock.so fail_interval parameter in /etc/security/faillock.conf] ***
skipping: [localhost]

TASK [/stigforge/roles/rhel10_stig : Set Interval For Counting Failed Password Attempts - Check if /etc/pam.d/system-auth file is present] ***
skipping: [localhost]

TASK [/stigforge/roles/rhel10_stig : Set Interval For Counting Failed Password Attempts - Define the PAM file to be edited as a local fact] ***
skipping: [localhost]

TASK [/stigforge/roles/rhel10_stig : Set Interval For Counting Failed Password Attempts - Check if system relies on authselect tool] ***
skipping: [localhost]

TASK [/stigforge/roles/rhel10_stig : Set Interval For Counting Failed Password Attempts - Check integrity of authselect current profile] ***
skipping: [localhost]

TASK [/stigforge/roles/rhel10_stig : Set Interval For Counting Failed Password Attempts - Informative message based on the authselect integrity check result] ***
skipping: [localhost]

TASK [/stigforge/roles/rhel10_stig : Set Interval For Counting Failed Password Attempts - Get authselect current profile] ***
skipping: [localhost]

TASK [/stigforge/roles/rhel10_stig : Set Interval For Counting Failed Password Attempts - Define the current authselect profile as a local fact] ***
skipping: [localhost]

TASK [/stigforge/roles/rhel10_stig : Set Interval For Counting Failed Password Attempts - Define the new authselect custom profile as a local fact] ***
skipping: [localhost]

TASK [/stigforge/roles/rhel10_stig : Set Interval For Counting Failed Password Attempts - Get authselect current features to also enable them in the custom profile] ***
skipping: [localhost]

TASK [/stigforge/roles/rhel10_stig : Set Interval For Counting Failed Password Attempts - Check if any custom profile with the same name was already created] ***
skipping: [localhost]

TASK [/stigforge/roles/rhel10_stig : Set Interval For Counting Failed Password Attempts - Create an authselect custom profile based on the current profile] ***
skipping: [localhost]

TASK [/stigforge/roles/rhel10_stig : Set Interval For Counting Failed Password Attempts - Create an authselect custom profile based on sssd profile] ***
skipping: [localhost]

TASK [/stigforge/roles/rhel10_stig : Set Interval For Counting Failed Password Attempts - Ensure authselect changes are applied] ***
skipping: [localhost]

TASK [/stigforge/roles/rhel10_stig : Set Interval For Counting Failed Password Attempts - Ensure the authselect custom profile is selected] ***
skipping: [localhost]

TASK [/stigforge/roles/rhel10_stig : Set Interval For Counting Failed Password Attempts - Restore the authselect features in the custom profile] ***
skipping: [localhost]

TASK [/stigforge/roles/rhel10_stig : Set Interval For Counting Failed Password Attempts - Ensure authselect changes are applied] ***
skipping: [localhost]

TASK [/stigforge/roles/rhel10_stig : Set Interval For Counting Failed Password Attempts - Change the PAM file to be edited according to the custom authselect profile] ***
skipping: [localhost]

TASK [/stigforge/roles/rhel10_stig : Set Interval For Counting Failed Password Attempts - Define a fact for control already filtered in case filters are used] ***
skipping: [localhost]

TASK [/stigforge/roles/rhel10_stig : Set Interval For Counting Failed Password Attempts - Check if {{ pam_file_path }} file is present] ***
skipping: [localhost]

TASK [/stigforge/roles/rhel10_stig : Set Interval For Counting Failed Password Attempts - Ensure the "fail_interval" option from "pam_faillock.so" is not present in {{ pam_file_path }}] ***
skipping: [localhost]

TASK [/stigforge/roles/rhel10_stig : Set Interval For Counting Failed Password Attempts - Ensure authselect changes are applied] ***
skipping: [localhost]

TASK [/stigforge/roles/rhel10_stig : Set Interval For Counting Failed Password Attempts - Check if /etc/pam.d/password-auth file is present] ***
skipping: [localhost]

TASK [/stigforge/roles/rhel10_stig : Set Interval For Counting Failed Password Attempts - Define the PAM file to be edited as a local fact] ***
skipping: [localhost]

TASK [/stigforge/roles/rhel10_stig : Set Interval For Counting Failed Password Attempts - Check if system relies on authselect tool] ***
skipping: [localhost]

TASK [/stigforge/roles/rhel10_stig : Set Interval For Counting Failed Password Attempts - Check integrity of authselect current profile] ***
skipping: [localhost]

TASK [/stigforge/roles/rhel10_stig : Set Interval For Counting Failed Password Attempts - Informative message based on the authselect integrity check result] ***
skipping: [localhost]

TASK [/stigforge/roles/rhel10_stig : Set Interval For Counting Failed Password Attempts - Get authselect current profile] ***
skipping: [localhost]

TASK [/stigforge/roles/rhel10_stig : Set Interval For Counting Failed Password Attempts - Define the current authselect profile as a local fact] ***
skipping: [localhost]

TASK [/stigforge/roles/rhel10_stig : Set Interval For Counting Failed Password Attempts - Define the new authselect custom profile as a local fact] ***
skipping: [localhost]

TASK [/stigforge/roles/rhel10_stig : Set Interval For Counting Failed Password Attempts - Get authselect current features to also enable them in the custom profile] ***
skipping: [localhost]

TASK [/stigforge/roles/rhel10_stig : Set Interval For Counting Failed Password Attempts - Check if any custom profile with the same name was already created] ***
skipping: [localhost]

TASK [/stigforge/roles/rhel10_stig : Set Interval For Counting Failed Password Attempts - Create an authselect custom profile based on the current profile] ***
skipping: [localhost]

TASK [/stigforge/roles/rhel10_stig : Set Interval For Counting Failed Password Attempts - Create an authselect custom profile based on sssd profile] ***
skipping: [localhost]

TASK [/stigforge/roles/rhel10_stig : Set Interval For Counting Failed Password Attempts - Ensure authselect changes are applied] ***
skipping: [localhost]

TASK [/stigforge/roles/rhel10_stig : Set Interval For Counting Failed Password Attempts - Ensure the authselect custom profile is selected] ***
skipping: [localhost]

TASK [/stigforge/roles/rhel10_stig : Set Interval For Counting Failed Password Attempts - Restore the authselect features in the custom profile] ***
skipping: [localhost]

TASK [/stigforge/roles/rhel10_stig : Set Interval For Counting Failed Password Attempts - Ensure authselect changes are applied] ***
skipping: [localhost]

TASK [/stigforge/roles/rhel10_stig : Set Interval For Counting Failed Password Attempts - Change the PAM file to be edited according to the custom authselect profile] ***
skipping: [localhost]

TASK [/stigforge/roles/rhel10_stig : Set Interval For Counting Failed Password Attempts - Define a fact for control already filtered in case filters are used] ***
skipping: [localhost]

TASK [/stigforge/roles/rhel10_stig : Set Interval For Counting Failed Password Attempts - Check if {{ pam_file_path }} file is present] ***
skipping: [localhost]

TASK [/stigforge/roles/rhel10_stig : Set Interval For Counting Failed Password Attempts - Ensure the "fail_interval" option from "pam_faillock.so" is not present in {{ pam_file_path }}] ***
skipping: [localhost]

TASK [/stigforge/roles/rhel10_stig : Set Interval For Counting Failed Password Attempts - Ensure authselect changes are applied] ***
skipping: [localhost]

TASK [/stigforge/roles/rhel10_stig : Set Interval For Counting Failed Password Attempts - Check if pam_faillock.so fail_interval parameter is already enabled in pam files] ***
skipping: [localhost]

TASK [/stigforge/roles/rhel10_stig : Set Interval For Counting Failed Password Attempts - Ensure the inclusion of pam_faillock.so preauth fail_interval parameter in auth section] ***
skipping: [localhost] => (item=/etc/pam.d/system-auth) 
skipping: [localhost] => (item=/etc/pam.d/password-auth) 
skipping: [localhost]

TASK [/stigforge/roles/rhel10_stig : Set Interval For Counting Failed Password Attempts - Ensure the inclusion of pam_faillock.so authfail fail_interval parameter in auth section] ***
skipping: [localhost] => (item=/etc/pam.d/system-auth) 
skipping: [localhost] => (item=/etc/pam.d/password-auth) 
skipping: [localhost]

TASK [/stigforge/roles/rhel10_stig : Set Interval For Counting Failed Password Attempts - Ensure the desired value for pam_faillock.so preauth fail_interval parameter in auth section] ***
skipping: [localhost] => (item=/etc/pam.d/system-auth) 
skipping: [localhost] => (item=/etc/pam.d/password-auth) 
skipping: [localhost]

TASK [/stigforge/roles/rhel10_stig : Set Interval For Counting Failed Password Attempts - Ensure the desired value for pam_faillock.so authfail fail_interval parameter in auth section] ***
skipping: [localhost] => (item=/etc/pam.d/system-auth) 
skipping: [localhost] => (item=/etc/pam.d/password-auth) 
skipping: [localhost]

TASK [/stigforge/roles/rhel10_stig : Set Lockout Time for Failed Password Attempts - Check if system relies on authselect tool] ***
skipping: [localhost]

TASK [/stigforge/roles/rhel10_stig : Set Lockout Time for Failed Password Attempts - Check integrity of authselect current profile] ***
skipping: [localhost]

TASK [/stigforge/roles/rhel10_stig : Set Lockout Time for Failed Password Attempts - Informative message based on the authselect integrity check result] ***
skipping: [localhost]

TASK [/stigforge/roles/rhel10_stig : Set Lockout Time for Failed Password Attempts - Get authselect current features] ***
skipping: [localhost]

TASK [/stigforge/roles/rhel10_stig : Set Lockout Time for Failed Password Attempts - Ensure "with-faillock" feature is enabled using authselect tool] ***
skipping: [localhost]

TASK [/stigforge/roles/rhel10_stig : Set Lockout Time for Failed Password Attempts - Ensure authselect changes are applied] ***
skipping: [localhost]

TASK [/stigforge/roles/rhel10_stig : Set Lockout Time for Failed Password Attempts - Check if pam_faillock.so is already enabled] ***
skipping: [localhost]

TASK [/stigforge/roles/rhel10_stig : Set Lockout Time for Failed Password Attempts - Enable pam_faillock.so preauth editing PAM files] ***
skipping: [localhost] => (item=/etc/pam.d/system-auth) 
skipping: [localhost] => (item=/etc/pam.d/password-auth) 
skipping: [localhost]

TASK [/stigforge/roles/rhel10_stig : Set Lockout Time for Failed Password Attempts - Enable pam_faillock.so authfail editing PAM files] ***
skipping: [localhost] => (item=/etc/pam.d/system-auth) 
skipping: [localhost] => (item=/etc/pam.d/password-auth) 
skipping: [localhost]

TASK [/stigforge/roles/rhel10_stig : Set Lockout Time for Failed Password Attempts - Enable pam_faillock.so account section editing PAM files] ***
skipping: [localhost] => (item=/etc/pam.d/system-auth) 
skipping: [localhost] => (item=/etc/pam.d/password-auth) 
skipping: [localhost]

TASK [/stigforge/roles/rhel10_stig : Set Lockout Time for Failed Password Attempts - Check the presence of /etc/security/faillock.conf file] ***
skipping: [localhost]

TASK [/stigforge/roles/rhel10_stig : Set Lockout Time for Failed Password Attempts - Ensure the pam_faillock.so unlock_time parameter in /etc/security/faillock.conf] ***
skipping: [localhost]

TASK [/stigforge/roles/rhel10_stig : Set Lockout Time for Failed Password Attempts - Check if /etc/pam.d/system-auth file is present] ***
skipping: [localhost]

TASK [/stigforge/roles/rhel10_stig : Set Lockout Time for Failed Password Attempts - Define the PAM file to be edited as a local fact] ***
skipping: [localhost]

TASK [/stigforge/roles/rhel10_stig : Set Lockout Time for Failed Password Attempts - Check if system relies on authselect tool] ***
skipping: [localhost]

TASK [/stigforge/roles/rhel10_stig : Set Lockout Time for Failed Password Attempts - Check integrity of authselect current profile] ***
skipping: [localhost]

TASK [/stigforge/roles/rhel10_stig : Set Lockout Time for Failed Password Attempts - Informative message based on the authselect integrity check result] ***
skipping: [localhost]

TASK [/stigforge/roles/rhel10_stig : Set Lockout Time for Failed Password Attempts - Get authselect current profile] ***
skipping: [localhost]

TASK [/stigforge/roles/rhel10_stig : Set Lockout Time for Failed Password Attempts - Define the current authselect profile as a local fact] ***
skipping: [localhost]

TASK [/stigforge/roles/rhel10_stig : Set Lockout Time for Failed Password Attempts - Define the new authselect custom profile as a local fact] ***
skipping: [localhost]

TASK [/stigforge/roles/rhel10_stig : Set Lockout Time for Failed Password Attempts - Get authselect current features to also enable them in the custom profile] ***
skipping: [localhost]

TASK [/stigforge/roles/rhel10_stig : Set Lockout Time for Failed Password Attempts - Check if any custom profile with the same name was already created] ***
skipping: [localhost]

TASK [/stigforge/roles/rhel10_stig : Set Lockout Time for Failed Password Attempts - Create an authselect custom profile based on the current profile] ***
skipping: [localhost]

TASK [/stigforge/roles/rhel10_stig : Set Lockout Time for Failed Password Attempts - Create an authselect custom profile based on sssd profile] ***
skipping: [localhost]

TASK [/stigforge/roles/rhel10_stig : Set Lockout Time for Failed Password Attempts - Ensure authselect changes are applied] ***
skipping: [localhost]

TASK [/stigforge/roles/rhel10_stig : Set Lockout Time for Failed Password Attempts - Ensure the authselect custom profile is selected] ***
skipping: [localhost]

TASK [/stigforge/roles/rhel10_stig : Set Lockout Time for Failed Password Attempts - Restore the authselect features in the custom profile] ***
skipping: [localhost]

TASK [/stigforge/roles/rhel10_stig : Set Lockout Time for Failed Password Attempts - Ensure authselect changes are applied] ***
skipping: [localhost]

TASK [/stigforge/roles/rhel10_stig : Set Lockout Time for Failed Password Attempts - Change the PAM file to be edited according to the custom authselect profile] ***
skipping: [localhost]

TASK [/stigforge/roles/rhel10_stig : Set Lockout Time for Failed Password Attempts - Define a fact for control already filtered in case filters are used] ***
skipping: [localhost]

TASK [/stigforge/roles/rhel10_stig : Set Lockout Time for Failed Password Attempts - Check if {{ pam_file_path }} file is present] ***
skipping: [localhost]

TASK [/stigforge/roles/rhel10_stig : Set Lockout Time for Failed Password Attempts - Ensure the "unlock_time" option from "pam_faillock.so" is not present in {{ pam_file_path }}] ***
skipping: [localhost]

TASK [/stigforge/roles/rhel10_stig : Set Lockout Time for Failed Password Attempts - Ensure authselect changes are applied] ***
skipping: [localhost]

TASK [/stigforge/roles/rhel10_stig : Set Lockout Time for Failed Password Attempts - Check if /etc/pam.d/password-auth file is present] ***
skipping: [localhost]

TASK [/stigforge/roles/rhel10_stig : Set Lockout Time for Failed Password Attempts - Define the PAM file to be edited as a local fact] ***
skipping: [localhost]

TASK [/stigforge/roles/rhel10_stig : Set Lockout Time for Failed Password Attempts - Check if system relies on authselect tool] ***
skipping: [localhost]

TASK [/stigforge/roles/rhel10_stig : Set Lockout Time for Failed Password Attempts - Check integrity of authselect current profile] ***
skipping: [localhost]

TASK [/stigforge/roles/rhel10_stig : Set Lockout Time for Failed Password Attempts - Informative message based on the authselect integrity check result] ***
skipping: [localhost]

TASK [/stigforge/roles/rhel10_stig : Set Lockout Time for Failed Password Attempts - Get authselect current profile] ***
skipping: [localhost]

TASK [/stigforge/roles/rhel10_stig : Set Lockout Time for Failed Password Attempts - Define the current authselect profile as a local fact] ***
skipping: [localhost]

TASK [/stigforge/roles/rhel10_stig : Set Lockout Time for Failed Password Attempts - Define the new authselect custom profile as a local fact] ***
skipping: [localhost]

TASK [/stigforge/roles/rhel10_stig : Set Lockout Time for Failed Password Attempts - Get authselect current features to also enable them in the custom profile] ***
skipping: [localhost]

TASK [/stigforge/roles/rhel10_stig : Set Lockout Time for Failed Password Attempts - Check if any custom profile with the same name was already created] ***
skipping: [localhost]

TASK [/stigforge/roles/rhel10_stig : Set Lockout Time for Failed Password Attempts - Create an authselect custom profile based on the current profile] ***
skipping: [localhost]

TASK [/stigforge/roles/rhel10_stig : Set Lockout Time for Failed Password Attempts - Create an authselect custom profile based on sssd profile] ***
skipping: [localhost]

TASK [/stigforge/roles/rhel10_stig : Set Lockout Time for Failed Password Attempts - Ensure authselect changes are applied] ***
skipping: [localhost]

TASK [/stigforge/roles/rhel10_stig : Set Lockout Time for Failed Password Attempts - Ensure the authselect custom profile is selected] ***
skipping: [localhost]

TASK [/stigforge/roles/rhel10_stig : Set Lockout Time for Failed Password Attempts - Restore the authselect features in the custom profile] ***
skipping: [localhost]

TASK [/stigforge/roles/rhel10_stig : Set Lockout Time for Failed Password Attempts - Ensure authselect changes are applied] ***
skipping: [localhost]

TASK [/stigforge/roles/rhel10_stig : Set Lockout Time for Failed Password Attempts - Change the PAM file to be edited according to the custom authselect profile] ***
skipping: [localhost]

TASK [/stigforge/roles/rhel10_stig : Set Lockout Time for Failed Password Attempts - Define a fact for control already filtered in case filters are used] ***
skipping: [localhost]

TASK [/stigforge/roles/rhel10_stig : Set Lockout Time for Failed Password Attempts - Check if {{ pam_file_path }} file is present] ***
skipping: [localhost]

TASK [/stigforge/roles/rhel10_stig : Set Lockout Time for Failed Password Attempts - Ensure the "unlock_time" option from "pam_faillock.so" is not present in {{ pam_file_path }}] ***
skipping: [localhost]

TASK [/stigforge/roles/rhel10_stig : Set Lockout Time for Failed Password Attempts - Ensure authselect changes are applied] ***
skipping: [localhost]

TASK [/stigforge/roles/rhel10_stig : Set Lockout Time for Failed Password Attempts - Check if pam_faillock.so unlock_time parameter is already enabled in pam files] ***
skipping: [localhost]

TASK [/stigforge/roles/rhel10_stig : Set Lockout Time for Failed Password Attempts - Ensure the inclusion of pam_faillock.so preauth unlock_time parameter in auth section] ***
skipping: [localhost] => (item=/etc/pam.d/system-auth) 
skipping: [localhost] => (item=/etc/pam.d/password-auth) 
skipping: [localhost]

TASK [/stigforge/roles/rhel10_stig : Set Lockout Time for Failed Password Attempts - Ensure the inclusion of pam_faillock.so authfail unlock_time parameter in auth section] ***
skipping: [localhost] => (item=/etc/pam.d/system-auth) 
skipping: [localhost] => (item=/etc/pam.d/password-auth) 
skipping: [localhost]

TASK [/stigforge/roles/rhel10_stig : Set Lockout Time for Failed Password Attempts - Ensure the desired value for pam_faillock.so preauth unlock_time parameter in auth section] ***
skipping: [localhost] => (item=/etc/pam.d/system-auth) 
skipping: [localhost] => (item=/etc/pam.d/password-auth) 
skipping: [localhost]

TASK [/stigforge/roles/rhel10_stig : Set Lockout Time for Failed Password Attempts - Ensure the desired value for pam_faillock.so authfail unlock_time parameter in auth section] ***
skipping: [localhost] => (item=/etc/pam.d/system-auth) 
skipping: [localhost] => (item=/etc/pam.d/password-auth) 
skipping: [localhost]

TASK [/stigforge/roles/rhel10_stig : Ensure PAM Enforces Password Requirements - Minimum Digit Characters - Find pwquality.conf.d files] ***
skipping: [localhost]

TASK [/stigforge/roles/rhel10_stig : Ensure PAM Enforces Password Requirements - Minimum Digit Characters - Ensure dcredit is not set in pwquality.conf.d] ***
skipping: [localhost]

TASK [/stigforge/roles/rhel10_stig : Ensure PAM Enforces Password Requirements - Minimum Digit Characters - Ensure PAM variable dcredit is set accordingly] ***
skipping: [localhost]

TASK [/stigforge/roles/rhel10_stig : Ensure PAM Enforces Password Requirements - Prevent the Use of Dictionary Words - Find pwquality.conf.d files] ***
skipping: [localhost]

TASK [/stigforge/roles/rhel10_stig : Ensure PAM Enforces Password Requirements - Prevent the Use of Dictionary Words - Ensure dictcheck is not set in pwquality.conf.d] ***
skipping: [localhost]

TASK [/stigforge/roles/rhel10_stig : Ensure PAM Enforces Password Requirements - Prevent the Use of Dictionary Words - Ensure PAM variable dictcheck is set accordingly] ***
skipping: [localhost]

TASK [/stigforge/roles/rhel10_stig : Ensure PAM Enforces Password Requirements - Minimum Different Characters - Find pwquality.conf.d files] ***
skipping: [localhost]

TASK [/stigforge/roles/rhel10_stig : Ensure PAM Enforces Password Requirements - Minimum Different Characters - Ensure difok is not set in pwquality.conf.d] ***
skipping: [localhost]

TASK [/stigforge/roles/rhel10_stig : Ensure PAM Enforces Password Requirements - Minimum Different Characters - Ensure PAM variable difok is set accordingly] ***
skipping: [localhost]

TASK [/stigforge/roles/rhel10_stig : Ensure PAM Enforces Password Requirements - Minimum Lowercase Characters - Find pwquality.conf.d files] ***
skipping: [localhost]

TASK [/stigforge/roles/rhel10_stig : Ensure PAM Enforces Password Requirements - Minimum Lowercase Characters - Ensure lcredit is not set in pwquality.conf.d] ***
skipping: [localhost]

TASK [/stigforge/roles/rhel10_stig : Ensure PAM Enforces Password Requirements - Minimum Lowercase Characters - Ensure PAM variable lcredit is set accordingly] ***
skipping: [localhost]

TASK [/stigforge/roles/rhel10_stig : Ensure PAM Enforces Password Requirements - Maximum Consecutive Repeating Characters from Same Character Class - Find pwquality.conf.d files] ***
skipping: [localhost]

TASK [/stigforge/roles/rhel10_stig : Ensure PAM Enforces Password Requirements - Maximum Consecutive Repeating Characters from Same Character Class - Ensure maxclassrepeat is not set in pwquality.conf.d] ***
skipping: [localhost]

TASK [/stigforge/roles/rhel10_stig : Ensure PAM Enforces Password Requirements - Maximum Consecutive Repeating Characters from Same Character Class - Ensure PAM variable maxclassrepeat is set accordingly] ***
skipping: [localhost]

TASK [/stigforge/roles/rhel10_stig : Set Password Maximum Consecutive Repeating Characters - Find pwquality.conf.d files] ***
skipping: [localhost]

TASK [/stigforge/roles/rhel10_stig : Set Password Maximum Consecutive Repeating Characters - Ensure maxrepeat is not set in pwquality.conf.d] ***
skipping: [localhost]

TASK [/stigforge/roles/rhel10_stig : Set Password Maximum Consecutive Repeating Characters - Ensure PAM variable maxrepeat is set accordingly] ***
skipping: [localhost]

TASK [/stigforge/roles/rhel10_stig : Ensure PAM Enforces Password Requirements - Minimum Different Categories - Find pwquality.conf.d files] ***
skipping: [localhost]

TASK [/stigforge/roles/rhel10_stig : Ensure PAM Enforces Password Requirements - Minimum Different Categories - Ensure minclass is not set in pwquality.conf.d] ***
skipping: [localhost]

TASK [/stigforge/roles/rhel10_stig : Ensure PAM Enforces Password Requirements - Minimum Different Categories - Ensure PAM variable minclass is set accordingly] ***
skipping: [localhost]

TASK [/stigforge/roles/rhel10_stig : Ensure PAM Enforces Password Requirements - Minimum Length - Find pwquality.conf.d files] ***
skipping: [localhost]

TASK [/stigforge/roles/rhel10_stig : Ensure PAM Enforces Password Requirements - Minimum Length - Ensure minlen is not set in pwquality.conf.d] ***
skipping: [localhost]

TASK [/stigforge/roles/rhel10_stig : Ensure PAM Enforces Password Requirements - Minimum Length - Ensure PAM variable minlen is set accordingly] ***
skipping: [localhost]

TASK [/stigforge/roles/rhel10_stig : Ensure PAM Enforces Password Requirements - Minimum Special Characters - Find pwquality.conf.d files] ***
skipping: [localhost]

TASK [/stigforge/roles/rhel10_stig : Ensure PAM Enforces Password Requirements - Minimum Special Characters - Ensure ocredit is not set in pwquality.conf.d] ***
skipping: [localhost]

TASK [/stigforge/roles/rhel10_stig : Ensure PAM Enforces Password Requirements - Minimum Special Characters - Ensure PAM variable ocredit is set accordingly] ***
skipping: [localhost]

TASK [/stigforge/roles/rhel10_stig : Ensure PAM password complexity module is enabled in password-auth - Check if /etc/pam.d/password-auth file is present] ***
skipping: [localhost]

TASK [/stigforge/roles/rhel10_stig : Ensure PAM password complexity module is enabled in password-auth - Define the PAM file to be edited as a local fact] ***
skipping: [localhost]

TASK [/stigforge/roles/rhel10_stig : Ensure PAM password complexity module is enabled in password-auth - Check if system relies on authselect tool] ***
skipping: [localhost]

TASK [/stigforge/roles/rhel10_stig : Ensure PAM password complexity module is enabled in password-auth - Check integrity of authselect current profile] ***
skipping: [localhost]

TASK [/stigforge/roles/rhel10_stig : Ensure PAM password complexity module is enabled in password-auth - Informative message based on the authselect integrity check result] ***
skipping: [localhost]

TASK [/stigforge/roles/rhel10_stig : Ensure PAM password complexity module is enabled in password-auth - Get authselect current profile] ***
skipping: [localhost]

TASK [/stigforge/roles/rhel10_stig : Ensure PAM password complexity module is enabled in password-auth - Define the current authselect profile as a local fact] ***
skipping: [localhost]

TASK [/stigforge/roles/rhel10_stig : Ensure PAM password complexity module is enabled in password-auth - Define the new authselect custom profile as a local fact] ***
skipping: [localhost]

TASK [/stigforge/roles/rhel10_stig : Ensure PAM password complexity module is enabled in password-auth - Get authselect current features to also enable them in the custom profile] ***
skipping: [localhost]

TASK [/stigforge/roles/rhel10_stig : Ensure PAM password complexity module is enabled in password-auth - Check if any custom profile with the same name was already created] ***
skipping: [localhost]

TASK [/stigforge/roles/rhel10_stig : Ensure PAM password complexity module is enabled in password-auth - Create an authselect custom profile based on the current profile] ***
skipping: [localhost]

TASK [/stigforge/roles/rhel10_stig : Ensure PAM password complexity module is enabled in password-auth - Create an authselect custom profile based on sssd profile] ***
skipping: [localhost]

TASK [/stigforge/roles/rhel10_stig : Ensure PAM password complexity module is enabled in password-auth - Ensure authselect changes are applied] ***
skipping: [localhost]

TASK [/stigforge/roles/rhel10_stig : Ensure PAM password complexity module is enabled in password-auth - Ensure the authselect custom profile is selected] ***
skipping: [localhost]

TASK [/stigforge/roles/rhel10_stig : Ensure PAM password complexity module is enabled in password-auth - Restore the authselect features in the custom profile] ***
skipping: [localhost]

TASK [/stigforge/roles/rhel10_stig : Ensure PAM password complexity module is enabled in password-auth - Ensure authselect changes are applied] ***
skipping: [localhost]

TASK [/stigforge/roles/rhel10_stig : Ensure PAM password complexity module is enabled in password-auth - Change the PAM file to be edited according to the custom authselect profile] ***
skipping: [localhost]

TASK [/stigforge/roles/rhel10_stig : Ensure PAM password complexity module is enabled in password-auth - Define a fact for control already filtered in case filters are used] ***
skipping: [localhost]

TASK [/stigforge/roles/rhel10_stig : Ensure PAM password complexity module is enabled in password-auth - Check if expected PAM module line is present in {{ pam_file_path }}] ***
skipping: [localhost]

TASK [/stigforge/roles/rhel10_stig : Ensure PAM password complexity module is enabled in password-auth - Check if required PAM module line is present in {{ pam_file_path }} with different control] ***
skipping: [localhost]

TASK [/stigforge/roles/rhel10_stig : Ensure PAM password complexity module is enabled in password-auth - Ensure the correct control for the required PAM module line in {{ pam_file_path }}] ***
skipping: [localhost]

TASK [/stigforge/roles/rhel10_stig : Ensure PAM password complexity module is enabled in password-auth - Ensure the required PAM module line is included in {{ pam_file_path }}] ***
skipping: [localhost]

TASK [/stigforge/roles/rhel10_stig : Ensure PAM password complexity module is enabled in password-auth - Ensure authselect changes are applied] ***
skipping: [localhost]

TASK [/stigforge/roles/rhel10_stig : Ensure PAM password complexity module is enabled in password-auth - Ensure authselect changes are applied] ***
skipping: [localhost]

TASK [/stigforge/roles/rhel10_stig : Ensure PAM Enforces Password Requirements - Authentication Retry Prompts Permitted Per-Session in /etc/security/pwquality.conf - Find pwquality.conf.d files] ***
skipping: [localhost]

TASK [/stigforge/roles/rhel10_stig : Ensure PAM Enforces Password Requirements - Authentication Retry Prompts Permitted Per-Session in /etc/security/pwquality.conf - Ensure retry is not set in pwquality.conf.d] ***
skipping: [localhost]

TASK [/stigforge/roles/rhel10_stig : Ensure PAM Enforces Password Requirements - Authentication Retry Prompts Permitted Per-Session in /etc/security/pwquality.conf - Ensure PAM variable retry is set accordingly] ***
skipping: [localhost]

TASK [/stigforge/roles/rhel10_stig : Ensure PAM password complexity module is enabled in system-auth - Check if /etc/pam.d/system-auth file is present] ***
skipping: [localhost]

TASK [/stigforge/roles/rhel10_stig : Ensure PAM password complexity module is enabled in system-auth - Define the PAM file to be edited as a local fact] ***
skipping: [localhost]

TASK [/stigforge/roles/rhel10_stig : Ensure PAM password complexity module is enabled in system-auth - Check if system relies on authselect tool] ***
skipping: [localhost]

TASK [/stigforge/roles/rhel10_stig : Ensure PAM password complexity module is enabled in system-auth - Check integrity of authselect current profile] ***
skipping: [localhost]

TASK [/stigforge/roles/rhel10_stig : Ensure PAM password complexity module is enabled in system-auth - Informative message based on the authselect integrity check result] ***
skipping: [localhost]

TASK [/stigforge/roles/rhel10_stig : Ensure PAM password complexity module is enabled in system-auth - Get authselect current profile] ***
skipping: [localhost]

TASK [/stigforge/roles/rhel10_stig : Ensure PAM password complexity module is enabled in system-auth - Define the current authselect profile as a local fact] ***
skipping: [localhost]

TASK [/stigforge/roles/rhel10_stig : Ensure PAM password complexity module is enabled in system-auth - Define the new authselect custom profile as a local fact] ***
skipping: [localhost]

TASK [/stigforge/roles/rhel10_stig : Ensure PAM password complexity module is enabled in system-auth - Get authselect current features to also enable them in the custom profile] ***
skipping: [localhost]

TASK [/stigforge/roles/rhel10_stig : Ensure PAM password complexity module is enabled in system-auth - Check if any custom profile with the same name was already created] ***
skipping: [localhost]

TASK [/stigforge/roles/rhel10_stig : Ensure PAM password complexity module is enabled in system-auth - Create an authselect custom profile based on the current profile] ***
skipping: [localhost]

TASK [/stigforge/roles/rhel10_stig : Ensure PAM password complexity module is enabled in system-auth - Create an authselect custom profile based on sssd profile] ***
skipping: [localhost]

TASK [/stigforge/roles/rhel10_stig : Ensure PAM password complexity module is enabled in system-auth - Ensure authselect changes are applied] ***
skipping: [localhost]

TASK [/stigforge/roles/rhel10_stig : Ensure PAM password complexity module is enabled in system-auth - Ensure the authselect custom profile is selected] ***
skipping: [localhost]

TASK [/stigforge/roles/rhel10_stig : Ensure PAM password complexity module is enabled in system-auth - Restore the authselect features in the custom profile] ***
skipping: [localhost]

TASK [/stigforge/roles/rhel10_stig : Ensure PAM password complexity module is enabled in system-auth - Ensure authselect changes are applied] ***
skipping: [localhost]

TASK [/stigforge/roles/rhel10_stig : Ensure PAM password complexity module is enabled in system-auth - Change the PAM file to be edited according to the custom authselect profile] ***
skipping: [localhost]

TASK [/stigforge/roles/rhel10_stig : Ensure PAM password complexity module is enabled in system-auth - Define a fact for control already filtered in case filters are used] ***
skipping: [localhost]

TASK [/stigforge/roles/rhel10_stig : Ensure PAM password complexity module is enabled in system-auth - Check if expected PAM module line is present in {{ pam_file_path }}] ***
skipping: [localhost]

TASK [/stigforge/roles/rhel10_stig : Ensure PAM password complexity module is enabled in system-auth - Check if required PAM module line is present in {{ pam_file_path }} with different control] ***
skipping: [localhost]

TASK [/stigforge/roles/rhel10_stig : Ensure PAM password complexity module is enabled in system-auth - Ensure the correct control for the required PAM module line in {{ pam_file_path }}] ***
skipping: [localhost]

TASK [/stigforge/roles/rhel10_stig : Ensure PAM password complexity module is enabled in system-auth - Ensure the required PAM module line is included in {{ pam_file_path }}] ***
skipping: [localhost]

TASK [/stigforge/roles/rhel10_stig : Ensure PAM password complexity module is enabled in system-auth - Ensure authselect changes are applied] ***
skipping: [localhost]

TASK [/stigforge/roles/rhel10_stig : Ensure PAM password complexity module is enabled in system-auth - Ensure authselect changes are applied] ***
skipping: [localhost]

TASK [/stigforge/roles/rhel10_stig : Ensure PAM Enforces Password Requirements - Minimum Uppercase Characters - Find pwquality.conf.d files] ***
skipping: [localhost]

TASK [/stigforge/roles/rhel10_stig : Ensure PAM Enforces Password Requirements - Minimum Uppercase Characters - Ensure ucredit is not set in pwquality.conf.d] ***
skipping: [localhost]

TASK [/stigforge/roles/rhel10_stig : Ensure PAM Enforces Password Requirements - Minimum Uppercase Characters - Ensure PAM variable ucredit is set accordingly] ***
skipping: [localhost]

TASK [/stigforge/roles/rhel10_stig : Set Password Hashing Algorithm in /etc/libuser.conf - Set Password Hashing Algorithm in /etc/libuser.conf] ***
skipping: [localhost]

TASK [/stigforge/roles/rhel10_stig : Set Password Hashing Algorithm in /etc/login.defs] ***
skipping: [localhost]

TASK [/stigforge/roles/rhel10_stig : Set PAM Password Hashing Algorithm - password-auth - Check if /etc/pam.d/password-auth file is present] ***
skipping: [localhost]

TASK [/stigforge/roles/rhel10_stig : Set PAM Password Hashing Algorithm - password-auth - Define the PAM file to be edited as a local fact] ***
skipping: [localhost]

TASK [/stigforge/roles/rhel10_stig : Set PAM Password Hashing Algorithm - password-auth - Check if system relies on authselect tool] ***
skipping: [localhost]

TASK [/stigforge/roles/rhel10_stig : Set PAM Password Hashing Algorithm - password-auth - Check integrity of authselect current profile] ***
skipping: [localhost]

TASK [/stigforge/roles/rhel10_stig : Set PAM Password Hashing Algorithm - password-auth - Informative message based on the authselect integrity check result] ***
skipping: [localhost]

TASK [/stigforge/roles/rhel10_stig : Set PAM Password Hashing Algorithm - password-auth - Get authselect current profile] ***
skipping: [localhost]

TASK [/stigforge/roles/rhel10_stig : Set PAM Password Hashing Algorithm - password-auth - Define the current authselect profile as a local fact] ***
skipping: [localhost]

TASK [/stigforge/roles/rhel10_stig : Set PAM Password Hashing Algorithm - password-auth - Define the new authselect custom profile as a local fact] ***
skipping: [localhost]

TASK [/stigforge/roles/rhel10_stig : Set PAM Password Hashing Algorithm - password-auth - Get authselect current features to also enable them in the custom profile] ***
skipping: [localhost]

TASK [/stigforge/roles/rhel10_stig : Set PAM Password Hashing Algorithm - password-auth - Check if any custom profile with the same name was already created] ***
skipping: [localhost]

TASK [/stigforge/roles/rhel10_stig : Set PAM Password Hashing Algorithm - password-auth - Create an authselect custom profile based on the current profile] ***
skipping: [localhost]

TASK [/stigforge/roles/rhel10_stig : Set PAM Password Hashing Algorithm - password-auth - Create an authselect custom profile based on sssd profile] ***
skipping: [localhost]

TASK [/stigforge/roles/rhel10_stig : Set PAM Password Hashing Algorithm - password-auth - Ensure authselect changes are applied] ***
skipping: [localhost]

TASK [/stigforge/roles/rhel10_stig : Set PAM Password Hashing Algorithm - password-auth - Ensure the authselect custom profile is selected] ***
skipping: [localhost]

TASK [/stigforge/roles/rhel10_stig : Set PAM Password Hashing Algorithm - password-auth - Restore the authselect features in the custom profile] ***
skipping: [localhost]

TASK [/stigforge/roles/rhel10_stig : Set PAM Password Hashing Algorithm - password-auth - Ensure authselect changes are applied] ***
skipping: [localhost]

TASK [/stigforge/roles/rhel10_stig : Set PAM Password Hashing Algorithm - password-auth - Change the PAM file to be edited according to the custom authselect profile] ***
skipping: [localhost]

TASK [/stigforge/roles/rhel10_stig : Set PAM Password Hashing Algorithm - password-auth - Define a fact for control already filtered in case filters are used] ***
skipping: [localhost]

TASK [/stigforge/roles/rhel10_stig : Set PAM Password Hashing Algorithm - password-auth - Check if expected PAM module line is present in {{ pam_file_path }}] ***
skipping: [localhost]

TASK [/stigforge/roles/rhel10_stig : Set PAM Password Hashing Algorithm - password-auth - Check if required PAM module line is present in {{ pam_file_path }} with different control] ***
skipping: [localhost]

TASK [/stigforge/roles/rhel10_stig : Set PAM Password Hashing Algorithm - password-auth - Ensure the correct control for the required PAM module line in {{ pam_file_path }}] ***
skipping: [localhost]

TASK [/stigforge/roles/rhel10_stig : Set PAM Password Hashing Algorithm - password-auth - Ensure the required PAM module line is included in {{ pam_file_path }}] ***
skipping: [localhost]

TASK [/stigforge/roles/rhel10_stig : Set PAM Password Hashing Algorithm - password-auth - Ensure authselect changes are applied] ***
skipping: [localhost]

TASK [/stigforge/roles/rhel10_stig : Set PAM Password Hashing Algorithm - password-auth - Define a fact for control already filtered in case filters are used] ***
skipping: [localhost]

TASK [/stigforge/roles/rhel10_stig : Set PAM Password Hashing Algorithm - password-auth - Check if the required PAM module option is present in {{ pam_file_path }}] ***
skipping: [localhost]

TASK [/stigforge/roles/rhel10_stig : Set PAM Password Hashing Algorithm - password-auth - Ensure the "{{ var_password_hashing_algorithm_pam.split("|")[0] }}" PAM option for "pam_unix.so" is included in {{ pam_file_path }}] ***
skipping: [localhost]

TASK [/stigforge/roles/rhel10_stig : Set PAM Password Hashing Algorithm - password-auth - Ensure authselect changes are applied] ***
skipping: [localhost]

TASK [/stigforge/roles/rhel10_stig : Set PAM Password Hashing Algorithm - password-auth - Check if /etc/pam.d/password-auth File is Present] ***
skipping: [localhost]

TASK [/stigforge/roles/rhel10_stig : Set PAM Password Hashing Algorithm - password-auth - Define the PAM file to be edited as a local fact] ***
skipping: [localhost]

TASK [/stigforge/roles/rhel10_stig : Set PAM Password Hashing Algorithm - password-auth - Check if system relies on authselect tool] ***
skipping: [localhost]

TASK [/stigforge/roles/rhel10_stig : Set PAM Password Hashing Algorithm - password-auth - Check integrity of authselect current profile] ***
skipping: [localhost]

TASK [/stigforge/roles/rhel10_stig : Set PAM Password Hashing Algorithm - password-auth - Informative message based on the authselect integrity check result] ***
skipping: [localhost]

TASK [/stigforge/roles/rhel10_stig : Set PAM Password Hashing Algorithm - password-auth - Get authselect current profile] ***
skipping: [localhost]

TASK [/stigforge/roles/rhel10_stig : Set PAM Password Hashing Algorithm - password-auth - Define the current authselect profile as a local fact] ***
skipping: [localhost]

TASK [/stigforge/roles/rhel10_stig : Set PAM Password Hashing Algorithm - password-auth - Define the new authselect custom profile as a local fact] ***
skipping: [localhost]

TASK [/stigforge/roles/rhel10_stig : Set PAM Password Hashing Algorithm - password-auth - Get authselect current features to also enable them in the custom profile] ***
skipping: [localhost]

TASK [/stigforge/roles/rhel10_stig : Set PAM Password Hashing Algorithm - password-auth - Check if any custom profile with the same name was already created] ***
skipping: [localhost]

TASK [/stigforge/roles/rhel10_stig : Set PAM Password Hashing Algorithm - password-auth - Create an authselect custom profile based on the current profile] ***
skipping: [localhost]

TASK [/stigforge/roles/rhel10_stig : Set PAM Password Hashing Algorithm - password-auth - Create an authselect custom profile based on sssd profile] ***
skipping: [localhost]

TASK [/stigforge/roles/rhel10_stig : Set PAM Password Hashing Algorithm - password-auth - Ensure authselect changes are applied] ***
skipping: [localhost]

TASK [/stigforge/roles/rhel10_stig : Set PAM Password Hashing Algorithm - password-auth - Ensure the authselect custom profile is selected] ***
skipping: [localhost]

TASK [/stigforge/roles/rhel10_stig : Set PAM Password Hashing Algorithm - password-auth - Restore the authselect features in the custom profile] ***
skipping: [localhost]

TASK [/stigforge/roles/rhel10_stig : Set PAM Password Hashing Algorithm - password-auth - Ensure authselect changes are applied] ***
skipping: [localhost]

TASK [/stigforge/roles/rhel10_stig : Set PAM Password Hashing Algorithm - password-auth - Change the PAM file to be edited according to the custom authselect profile] ***
skipping: [localhost]

TASK [/stigforge/roles/rhel10_stig : Set PAM Password Hashing Algorithm - password-auth - Check if "{{ pam_file_path }}" File is Present] ***
skipping: [localhost]

TASK [/stigforge/roles/rhel10_stig : Set PAM Password Hashing Algorithm - password-auth - Ensure That Only the Correct Hashing Algorithm Option For pam_unix.so Is Used in {{ pam_file_path }}] ***
skipping: [localhost] => (item=sha512) 
skipping: [localhost] => (item=yescrypt) 
skipping: [localhost] => (item=gost_yescrypt) 
skipping: [localhost] => (item=blowfish) 
skipping: [localhost] => (item=sha256) 
skipping: [localhost] => (item=md5) 
skipping: [localhost] => (item=bigcrypt) 
skipping: [localhost]

TASK [/stigforge/roles/rhel10_stig : Set PAM Password Hashing Algorithm - password-auth - Ensure authselect changes are applied] ***
skipping: [localhost]

TASK [/stigforge/roles/rhel10_stig : Set PAM Password Hashing Algorithm - system-auth - Check if /etc/pam.d/system-auth file is present] ***
skipping: [localhost]

TASK [/stigforge/roles/rhel10_stig : Set PAM Password Hashing Algorithm - system-auth - Define the PAM file to be edited as a local fact] ***
skipping: [localhost]

TASK [/stigforge/roles/rhel10_stig : Set PAM Password Hashing Algorithm - system-auth - Check if system relies on authselect tool] ***
skipping: [localhost]

TASK [/stigforge/roles/rhel10_stig : Set PAM Password Hashing Algorithm - system-auth - Check integrity of authselect current profile] ***
skipping: [localhost]

TASK [/stigforge/roles/rhel10_stig : Set PAM Password Hashing Algorithm - system-auth - Informative message based on the authselect integrity check result] ***
skipping: [localhost]

TASK [/stigforge/roles/rhel10_stig : Set PAM Password Hashing Algorithm - system-auth - Get authselect current profile] ***
skipping: [localhost]

TASK [/stigforge/roles/rhel10_stig : Set PAM Password Hashing Algorithm - system-auth - Define the current authselect profile as a local fact] ***
skipping: [localhost]

TASK [/stigforge/roles/rhel10_stig : Set PAM Password Hashing Algorithm - system-auth - Define the new authselect custom profile as a local fact] ***
skipping: [localhost]

TASK [/stigforge/roles/rhel10_stig : Set PAM Password Hashing Algorithm - system-auth - Get authselect current features to also enable them in the custom profile] ***
skipping: [localhost]

TASK [/stigforge/roles/rhel10_stig : Set PAM Password Hashing Algorithm - system-auth - Check if any custom profile with the same name was already created] ***
skipping: [localhost]

TASK [/stigforge/roles/rhel10_stig : Set PAM Password Hashing Algorithm - system-auth - Create an authselect custom profile based on the current profile] ***
skipping: [localhost]

TASK [/stigforge/roles/rhel10_stig : Set PAM Password Hashing Algorithm - system-auth - Create an authselect custom profile based on sssd profile] ***
skipping: [localhost]

TASK [/stigforge/roles/rhel10_stig : Set PAM Password Hashing Algorithm - system-auth - Ensure authselect changes are applied] ***
skipping: [localhost]

TASK [/stigforge/roles/rhel10_stig : Set PAM Password Hashing Algorithm - system-auth - Ensure the authselect custom profile is selected] ***
skipping: [localhost]

TASK [/stigforge/roles/rhel10_stig : Set PAM Password Hashing Algorithm - system-auth - Restore the authselect features in the custom profile] ***
skipping: [localhost]

TASK [/stigforge/roles/rhel10_stig : Set PAM Password Hashing Algorithm - system-auth - Ensure authselect changes are applied] ***
skipping: [localhost]

TASK [/stigforge/roles/rhel10_stig : Set PAM Password Hashing Algorithm - system-auth - Change the PAM file to be edited according to the custom authselect profile] ***
skipping: [localhost]

TASK [/stigforge/roles/rhel10_stig : Set PAM Password Hashing Algorithm - system-auth - Define a fact for control already filtered in case filters are used] ***
skipping: [localhost]

TASK [/stigforge/roles/rhel10_stig : Set PAM Password Hashing Algorithm - system-auth - Check if expected PAM module line is present in {{ pam_file_path }}] ***
skipping: [localhost]

TASK [/stigforge/roles/rhel10_stig : Set PAM Password Hashing Algorithm - system-auth - Check if required PAM module line is present in {{ pam_file_path }} with different control] ***
skipping: [localhost]

TASK [/stigforge/roles/rhel10_stig : Set PAM Password Hashing Algorithm - system-auth - Ensure the correct control for the required PAM module line in {{ pam_file_path }}] ***
skipping: [localhost]

TASK [/stigforge/roles/rhel10_stig : Set PAM Password Hashing Algorithm - system-auth - Ensure the required PAM module line is included in {{ pam_file_path }}] ***
skipping: [localhost]

TASK [/stigforge/roles/rhel10_stig : Set PAM Password Hashing Algorithm - system-auth - Ensure authselect changes are applied] ***
skipping: [localhost]

TASK [/stigforge/roles/rhel10_stig : Set PAM Password Hashing Algorithm - system-auth - Define a fact for control already filtered in case filters are used] ***
skipping: [localhost]

TASK [/stigforge/roles/rhel10_stig : Set PAM Password Hashing Algorithm - system-auth - Check if the required PAM module option is present in {{ pam_file_path }}] ***
skipping: [localhost]

TASK [/stigforge/roles/rhel10_stig : Set PAM Password Hashing Algorithm - system-auth - Ensure the "{{ var_password_hashing_algorithm_pam.split("|")[0] }}" PAM option for "pam_unix.so" is included in {{ pam_file_path }}] ***
skipping: [localhost]

TASK [/stigforge/roles/rhel10_stig : Set PAM Password Hashing Algorithm - system-auth - Ensure authselect changes are applied] ***
skipping: [localhost]

TASK [/stigforge/roles/rhel10_stig : Set PAM Password Hashing Algorithm - system-auth - Check if /etc/pam.d/system-auth File is Present] ***
skipping: [localhost]

TASK [/stigforge/roles/rhel10_stig : Set PAM Password Hashing Algorithm - system-auth - Define the PAM file to be edited as a local fact] ***
skipping: [localhost]

TASK [/stigforge/roles/rhel10_stig : Set PAM Password Hashing Algorithm - system-auth - Check if system relies on authselect tool] ***
skipping: [localhost]

TASK [/stigforge/roles/rhel10_stig : Set PAM Password Hashing Algorithm - system-auth - Check integrity of authselect current profile] ***
skipping: [localhost]

TASK [/stigforge/roles/rhel10_stig : Set PAM Password Hashing Algorithm - system-auth - Informative message based on the authselect integrity check result] ***
skipping: [localhost]

TASK [/stigforge/roles/rhel10_stig : Set PAM Password Hashing Algorithm - system-auth - Get authselect current profile] ***
skipping: [localhost]

TASK [/stigforge/roles/rhel10_stig : Set PAM Password Hashing Algorithm - system-auth - Define the current authselect profile as a local fact] ***
skipping: [localhost]

TASK [/stigforge/roles/rhel10_stig : Set PAM Password Hashing Algorithm - system-auth - Define the new authselect custom profile as a local fact] ***
skipping: [localhost]

TASK [/stigforge/roles/rhel10_stig : Set PAM Password Hashing Algorithm - system-auth - Get authselect current features to also enable them in the custom profile] ***
skipping: [localhost]

TASK [/stigforge/roles/rhel10_stig : Set PAM Password Hashing Algorithm - system-auth - Check if any custom profile with the same name was already created] ***
skipping: [localhost]

TASK [/stigforge/roles/rhel10_stig : Set PAM Password Hashing Algorithm - system-auth - Create an authselect custom profile based on the current profile] ***
skipping: [localhost]

TASK [/stigforge/roles/rhel10_stig : Set PAM Password Hashing Algorithm - system-auth - Create an authselect custom profile based on sssd profile] ***
skipping: [localhost]

TASK [/stigforge/roles/rhel10_stig : Set PAM Password Hashing Algorithm - system-auth - Ensure authselect changes are applied] ***
skipping: [localhost]

TASK [/stigforge/roles/rhel10_stig : Set PAM Password Hashing Algorithm - system-auth - Ensure the authselect custom profile is selected] ***
skipping: [localhost]

TASK [/stigforge/roles/rhel10_stig : Set PAM Password Hashing Algorithm - system-auth - Restore the authselect features in the custom profile] ***
skipping: [localhost]

TASK [/stigforge/roles/rhel10_stig : Set PAM Password Hashing Algorithm - system-auth - Ensure authselect changes are applied] ***
skipping: [localhost]

TASK [/stigforge/roles/rhel10_stig : Set PAM Password Hashing Algorithm - system-auth - Change the PAM file to be edited according to the custom authselect profile] ***
skipping: [localhost]

TASK [/stigforge/roles/rhel10_stig : Set PAM Password Hashing Algorithm - system-auth - Check if "{{ pam_file_path }}" File is Present] ***
skipping: [localhost]

TASK [/stigforge/roles/rhel10_stig : Set PAM Password Hashing Algorithm - system-auth - Ensure That Only the Correct Hashing Algorithm Option For pam_unix.so Is Used in {{ pam_file_path }}] ***
skipping: [localhost] => (item=sha512) 
skipping: [localhost] => (item=yescrypt) 
skipping: [localhost] => (item=gost_yescrypt) 
skipping: [localhost] => (item=blowfish) 
skipping: [localhost] => (item=sha256) 
skipping: [localhost] => (item=md5) 
skipping: [localhost] => (item=bigcrypt) 
skipping: [localhost]

TASK [/stigforge/roles/rhel10_stig : Set PAM Password Hashing Algorithm - system-auth - Ensure authselect changes are applied] ***
skipping: [localhost]

TASK [/stigforge/roles/rhel10_stig : Disable Ctrl-Alt-Del Burst Action] ********
skipping: [localhost]

TASK [/stigforge/roles/rhel10_stig : Disable Ctrl-Alt-Del Reboot Activation] ***
skipping: [localhost]

TASK [/stigforge/roles/rhel10_stig : Verify that Interactive Boot is Disabled - Verify GRUB_DISABLE_RECOVERY=true] ***
skipping: [localhost]

TASK [/stigforge/roles/rhel10_stig : Verify that Interactive Boot is Disabled - Verify that Interactive Boot is Disabled in /etc/default/grub] ***
skipping: [localhost]

TASK [/stigforge/roles/rhel10_stig : Verify that Interactive Boot is Disabled - Verify that Interactive Boot is Disabled (runtime)] ***
skipping: [localhost]

TASK [/stigforge/roles/rhel10_stig : Verify that Interactive Boot is Disabled - Regen grub.cfg handle updated GRUB_DISABLE_RECOVERY and confirm_spawn] ***
skipping: [localhost]

TASK [/stigforge/roles/rhel10_stig : Require emergency mode password] **********
skipping: [localhost]

TASK [/stigforge/roles/rhel10_stig : Require Authentication for Single User Mode - find files which already override Execstart of rescue.service] ***
skipping: [localhost]

TASK [/stigforge/roles/rhel10_stig : Require Authentication for Single User Mode - set files containing ExecStart overrides as target] ***
skipping: [localhost]

TASK [/stigforge/roles/rhel10_stig : Require Authentication for Single User Mode - set default target for rescue.service override] ***
skipping: [localhost]

TASK [/stigforge/roles/rhel10_stig : Require Authentication for Single User Mode - Require emergency user mode password] ***
skipping: [localhost]

TASK [/stigforge/roles/rhel10_stig : Enable the pcscd Socket - Collect systemd Socket Units Present in the System] ***
skipping: [localhost]

TASK [/stigforge/roles/rhel10_stig : Enable the pcscd Socket - Ensure pcscd.socket is Enabled] ***
skipping: [localhost]

TASK [/stigforge/roles/rhel10_stig : Set Account Expiration Following Inactivity] ***
skipping: [localhost]

TASK [/stigforge/roles/rhel10_stig : Set Password Maximum Age] *****************
skipping: [localhost]

TASK [/stigforge/roles/rhel10_stig : Set Password Minimum Age] *****************
skipping: [localhost]

TASK [/stigforge/roles/rhel10_stig : Collect users with not correct maximum time period between password changes] ***
skipping: [localhost]

TASK [/stigforge/roles/rhel10_stig : Change the maximum time period between password changes] ***
skipping: [localhost]

TASK [/stigforge/roles/rhel10_stig : Collect users with not correct minimum time period between password changes] ***
skipping: [localhost]

TASK [/stigforge/roles/rhel10_stig : Change the minimum time period between password changes] ***
skipping: [localhost]

TASK [/stigforge/roles/rhel10_stig : Set number of Password Hashing Rounds - password-auth - Check if /etc/pam.d/password-auth file is present] ***
skipping: [localhost]

TASK [/stigforge/roles/rhel10_stig : Set number of Password Hashing Rounds - password-auth - Define the PAM file to be edited as a local fact] ***
skipping: [localhost]

TASK [/stigforge/roles/rhel10_stig : Set number of Password Hashing Rounds - password-auth - Check if system relies on authselect tool] ***
skipping: [localhost]

TASK [/stigforge/roles/rhel10_stig : Set number of Password Hashing Rounds - password-auth - Check integrity of authselect current profile] ***
skipping: [localhost]

TASK [/stigforge/roles/rhel10_stig : Set number of Password Hashing Rounds - password-auth - Informative message based on the authselect integrity check result] ***
skipping: [localhost]

TASK [/stigforge/roles/rhel10_stig : Set number of Password Hashing Rounds - password-auth - Get authselect current profile] ***
skipping: [localhost]

TASK [/stigforge/roles/rhel10_stig : Set number of Password Hashing Rounds - password-auth - Define the current authselect profile as a local fact] ***
skipping: [localhost]

TASK [/stigforge/roles/rhel10_stig : Set number of Password Hashing Rounds - password-auth - Define the new authselect custom profile as a local fact] ***
skipping: [localhost]

TASK [/stigforge/roles/rhel10_stig : Set number of Password Hashing Rounds - password-auth - Get authselect current features to also enable them in the custom profile] ***
skipping: [localhost]

TASK [/stigforge/roles/rhel10_stig : Set number of Password Hashing Rounds - password-auth - Check if any custom profile with the same name was already created] ***
skipping: [localhost]

TASK [/stigforge/roles/rhel10_stig : Set number of Password Hashing Rounds - password-auth - Create an authselect custom profile based on the current profile] ***
skipping: [localhost]

TASK [/stigforge/roles/rhel10_stig : Set number of Password Hashing Rounds - password-auth - Create an authselect custom profile based on sssd profile] ***
skipping: [localhost]

TASK [/stigforge/roles/rhel10_stig : Set number of Password Hashing Rounds - password-auth - Ensure authselect changes are applied] ***
skipping: [localhost]

TASK [/stigforge/roles/rhel10_stig : Set number of Password Hashing Rounds - password-auth - Ensure the authselect custom profile is selected] ***
skipping: [localhost]

TASK [/stigforge/roles/rhel10_stig : Set number of Password Hashing Rounds - password-auth - Restore the authselect features in the custom profile] ***
skipping: [localhost]

TASK [/stigforge/roles/rhel10_stig : Set number of Password Hashing Rounds - password-auth - Ensure authselect changes are applied] ***
skipping: [localhost]

TASK [/stigforge/roles/rhel10_stig : Set number of Password Hashing Rounds - password-auth - Change the PAM file to be edited according to the custom authselect profile] ***
skipping: [localhost]

TASK [/stigforge/roles/rhel10_stig : Set number of Password Hashing Rounds - password-auth - Define a fact for control already filtered in case filters are used] ***
skipping: [localhost]

TASK [/stigforge/roles/rhel10_stig : Set number of Password Hashing Rounds - password-auth - Check if expected PAM module line is present in {{ pam_file_path }}] ***
skipping: [localhost]

TASK [/stigforge/roles/rhel10_stig : Set number of Password Hashing Rounds - password-auth - Check if required PAM module line is present in {{ pam_file_path }} with different control] ***
skipping: [localhost]

TASK [/stigforge/roles/rhel10_stig : Set number of Password Hashing Rounds - password-auth - Ensure the correct control for the required PAM module line in {{ pam_file_path }}] ***
skipping: [localhost]

TASK [/stigforge/roles/rhel10_stig : Set number of Password Hashing Rounds - password-auth - Ensure the required PAM module line is included in {{ pam_file_path }}] ***
skipping: [localhost]

TASK [/stigforge/roles/rhel10_stig : Set number of Password Hashing Rounds - password-auth - Ensure authselect changes are applied] ***
skipping: [localhost]

TASK [/stigforge/roles/rhel10_stig : Set number of Password Hashing Rounds - password-auth - Define a fact for control already filtered in case filters are used] ***
skipping: [localhost]

TASK [/stigforge/roles/rhel10_stig : Set number of Password Hashing Rounds - password-auth - Check if the required PAM module option is present in {{ pam_file_path }}] ***
skipping: [localhost]

TASK [/stigforge/roles/rhel10_stig : Set number of Password Hashing Rounds - password-auth - Ensure the "rounds" PAM option for "pam_unix.so" is included in {{ pam_file_path }}] ***
skipping: [localhost]

TASK [/stigforge/roles/rhel10_stig : Set number of Password Hashing Rounds - password-auth - Ensure the required value for "rounds" PAM option from "pam_unix.so" in {{ pam_file_path }}] ***
skipping: [localhost]

TASK [/stigforge/roles/rhel10_stig : Set number of Password Hashing Rounds - password-auth - Ensure authselect changes are applied] ***
skipping: [localhost]

TASK [/stigforge/roles/rhel10_stig : Set number of Password Hashing Rounds - system-auth - Check if /etc/pam.d/system-auth file is present] ***
skipping: [localhost]

TASK [/stigforge/roles/rhel10_stig : Set number of Password Hashing Rounds - system-auth - Define the PAM file to be edited as a local fact] ***
skipping: [localhost]

TASK [/stigforge/roles/rhel10_stig : Set number of Password Hashing Rounds - system-auth - Check if system relies on authselect tool] ***
skipping: [localhost]

TASK [/stigforge/roles/rhel10_stig : Set number of Password Hashing Rounds - system-auth - Check integrity of authselect current profile] ***
skipping: [localhost]

TASK [/stigforge/roles/rhel10_stig : Set number of Password Hashing Rounds - system-auth - Informative message based on the authselect integrity check result] ***
skipping: [localhost]

TASK [/stigforge/roles/rhel10_stig : Set number of Password Hashing Rounds - system-auth - Get authselect current profile] ***
skipping: [localhost]

TASK [/stigforge/roles/rhel10_stig : Set number of Password Hashing Rounds - system-auth - Define the current authselect profile as a local fact] ***
skipping: [localhost]

TASK [/stigforge/roles/rhel10_stig : Set number of Password Hashing Rounds - system-auth - Define the new authselect custom profile as a local fact] ***
skipping: [localhost]

TASK [/stigforge/roles/rhel10_stig : Set number of Password Hashing Rounds - system-auth - Get authselect current features to also enable them in the custom profile] ***
skipping: [localhost]

TASK [/stigforge/roles/rhel10_stig : Set number of Password Hashing Rounds - system-auth - Check if any custom profile with the same name was already created] ***
skipping: [localhost]

TASK [/stigforge/roles/rhel10_stig : Set number of Password Hashing Rounds - system-auth - Create an authselect custom profile based on the current profile] ***
skipping: [localhost]

TASK [/stigforge/roles/rhel10_stig : Set number of Password Hashing Rounds - system-auth - Create an authselect custom profile based on sssd profile] ***
skipping: [localhost]

TASK [/stigforge/roles/rhel10_stig : Set number of Password Hashing Rounds - system-auth - Ensure authselect changes are applied] ***
skipping: [localhost]

TASK [/stigforge/roles/rhel10_stig : Set number of Password Hashing Rounds - system-auth - Ensure the authselect custom profile is selected] ***
skipping: [localhost]

TASK [/stigforge/roles/rhel10_stig : Set number of Password Hashing Rounds - system-auth - Restore the authselect features in the custom profile] ***
skipping: [localhost]

TASK [/stigforge/roles/rhel10_stig : Set number of Password Hashing Rounds - system-auth - Ensure authselect changes are applied] ***
skipping: [localhost]

TASK [/stigforge/roles/rhel10_stig : Set number of Password Hashing Rounds - system-auth - Change the PAM file to be edited according to the custom authselect profile] ***
skipping: [localhost]

TASK [/stigforge/roles/rhel10_stig : Set number of Password Hashing Rounds - system-auth - Define a fact for control already filtered in case filters are used] ***
skipping: [localhost]

TASK [/stigforge/roles/rhel10_stig : Set number of Password Hashing Rounds - system-auth - Check if expected PAM module line is present in {{ pam_file_path }}] ***
skipping: [localhost]

TASK [/stigforge/roles/rhel10_stig : Set number of Password Hashing Rounds - system-auth - Check if required PAM module line is present in {{ pam_file_path }} with different control] ***
skipping: [localhost]

TASK [/stigforge/roles/rhel10_stig : Set number of Password Hashing Rounds - system-auth - Ensure the correct control for the required PAM module line in {{ pam_file_path }}] ***
skipping: [localhost]

TASK [/stigforge/roles/rhel10_stig : Set number of Password Hashing Rounds - system-auth - Ensure the required PAM module line is included in {{ pam_file_path }}] ***
skipping: [localhost]

TASK [/stigforge/roles/rhel10_stig : Set number of Password Hashing Rounds - system-auth - Ensure authselect changes are applied] ***
skipping: [localhost]

TASK [/stigforge/roles/rhel10_stig : Set number of Password Hashing Rounds - system-auth - Define a fact for control already filtered in case filters are used] ***
skipping: [localhost]

TASK [/stigforge/roles/rhel10_stig : Set number of Password Hashing Rounds - system-auth - Check if the required PAM module option is present in {{ pam_file_path }}] ***
skipping: [localhost]

TASK [/stigforge/roles/rhel10_stig : Set number of Password Hashing Rounds - system-auth - Ensure the "rounds" PAM option for "pam_unix.so" is included in {{ pam_file_path }}] ***
skipping: [localhost]

TASK [/stigforge/roles/rhel10_stig : Set number of Password Hashing Rounds - system-auth - Ensure the required value for "rounds" PAM option from "pam_unix.so" in {{ pam_file_path }}] ***
skipping: [localhost]

TASK [/stigforge/roles/rhel10_stig : Set number of Password Hashing Rounds - system-auth - Ensure authselect changes are applied] ***
skipping: [localhost]

TASK [/stigforge/roles/rhel10_stig : Prevent Login to Accounts With Empty Password - Check if system relies on authselect] ***
skipping: [localhost]

TASK [/stigforge/roles/rhel10_stig : Prevent Login to Accounts With Empty Password - Check integrity of authselect current profile] ***
skipping: [localhost]

TASK [/stigforge/roles/rhel10_stig : Prevent Login to Accounts With Empty Password - Informative message based on the authselect integrity check result] ***
skipping: [localhost]

TASK [/stigforge/roles/rhel10_stig : Prevent Login to Accounts With Empty Password - Get authselect current features] ***
skipping: [localhost]

TASK [/stigforge/roles/rhel10_stig : Prevent Login to Accounts With Empty Password - Ensure "without-nullok" feature is enabled using authselect tool] ***
skipping: [localhost]

TASK [/stigforge/roles/rhel10_stig : Prevent Login to Accounts With Empty Password - Ensure authselect changes are applied] ***
skipping: [localhost]

TASK [/stigforge/roles/rhel10_stig : Prevent Login to Accounts With Empty Password - Remediate directly editing PAM files] ***
skipping: [localhost] => (item=/etc/pam.d/system-auth) 
skipping: [localhost] => (item=/etc/pam.d/password-auth) 
skipping: [localhost]

TASK [/stigforge/roles/rhel10_stig : Collect users with no password] ***********
skipping: [localhost]

TASK [/stigforge/roles/rhel10_stig : Lock users with no password] **************
skipping: [localhost]

TASK [/stigforge/roles/rhel10_stig : Get all /etc/passwd file entries] *********
skipping: [localhost]

TASK [/stigforge/roles/rhel10_stig : Lock the password of the user accounts other than root with uid 0] ***
skipping: [localhost]

TASK [/stigforge/roles/rhel10_stig : Ensure that System Accounts Do Not Run a Shell Upon Login - Get All Local Users From /etc/passwd] ***
skipping: [localhost]

TASK [/stigforge/roles/rhel10_stig : Ensure that System Accounts Do Not Run a Shell Upon Login - Create local_users Variable From getent_passwd Facts] ***
skipping: [localhost]

TASK [/stigforge/roles/rhel10_stig : Ensure that System Accounts Do Not Run a Shell Upon Login -  Disable Login Shell for System Accounts] ***
skipping: [localhost]

TASK [/stigforge/roles/rhel10_stig : Ensure CREATE_HOME is set to yes] *********
skipping: [localhost]

TASK [/stigforge/roles/rhel10_stig : Set accounts logon fail delay] ************
skipping: [localhost]

TASK [/stigforge/roles/rhel10_stig : Find /etc/security/limits.d files containing maxlogins configuration] ***
skipping: [localhost]

TASK [/stigforge/roles/rhel10_stig : Limit the Number of Concurrent Login Sessions Allowed Per User in files from limits.d] ***
skipping: [localhost]

TASK [/stigforge/roles/rhel10_stig : Limit the Number of Concurrent Login Sessions Allowed Per User] ***
skipping: [localhost]

TASK [/stigforge/roles/rhel10_stig : Correct any occurrence of TMOUT in /etc/profile] ***
skipping: [localhost]

TASK [/stigforge/roles/rhel10_stig : Set Interactive Session Timeout] **********
skipping: [localhost]

TASK [/stigforge/roles/rhel10_stig : User Initialization Files Must Not Run World-Writable Programs - Initialize variables] ***
skipping: [localhost]

TASK [/stigforge/roles/rhel10_stig : User Initialization Files Must Not Run World-Writable Programs - Get user's home dir list] ***
skipping: [localhost]

TASK [/stigforge/roles/rhel10_stig : User Initialization Files Must Not Run World-Writable Programs - Fill home_user_dirs] ***
skipping: [localhost]

TASK [/stigforge/roles/rhel10_stig : User Initialization Files Must Not Run World-Writable Programs - Get world writable files] ***
skipping: [localhost]

TASK [/stigforge/roles/rhel10_stig : User Initialization Files Must Not Run World-Writable Programs - Find referenced_files in init files] ***
skipping: [localhost]

TASK [/stigforge/roles/rhel10_stig : User Initialization Files Must Not Run World-Writable Programs - Remove world writable permissions] ***
skipping: [localhost]

TASK [/stigforge/roles/rhel10_stig : Get all local users from /etc/passwd] *****
skipping: [localhost]

TASK [/stigforge/roles/rhel10_stig : Create local_users variable from the getent output] ***
skipping: [localhost]

TASK [/stigforge/roles/rhel10_stig : Ensure interactive users have an exclusive home directory defined] ***
skipping: [localhost]

TASK [/stigforge/roles/rhel10_stig : Get all local users from /etc/passwd] *****
skipping: [localhost]

TASK [/stigforge/roles/rhel10_stig : Create local_users variable from the getent output] ***
skipping: [localhost]

TASK [/stigforge/roles/rhel10_stig : Ensure interactive users have a home directory exists] ***
skipping: [localhost]

TASK [/stigforge/roles/rhel10_stig : Get all users from getent to support remote users (LDAP, SSSD, etc.)] ***
ok: [localhost]

TASK [/stigforge/roles/rhel10_stig : Create interactive_users variable filtering out non-interactive shells] ***
ok: [localhost]

TASK [/stigforge/roles/rhel10_stig : Test for existence of home directories to avoid creating them, but only fixing group ownership] ***
skipping: [localhost] => (item={'key': 'root', 'value': ['x', '0', '0', 'Super User', '/root', '/bin/bash']}) 
skipping: [localhost] => (item={'key': 'sync', 'value': ['x', '5', '0', 'sync', '/sbin', '/bin/sync']}) 
skipping: [localhost] => (item={'key': 'shutdown', 'value': ['x', '6', '0', 'shutdown', '/sbin', '/sbin/shutdown']}) 
skipping: [localhost] => (item={'key': 'halt', 'value': ['x', '7', '0', 'halt', '/sbin', '/sbin/halt']}) 
skipping: [localhost]

TASK [/stigforge/roles/rhel10_stig : Ensure interactive users are the group-owners of their respective home directories] ***
skipping: [localhost] => (item=[{'key': 'root', 'value': ['x', '0', '0', 'Super User', '/root', '/bin/bash']}, {'changed': False, 'skipped': True, 'skip_reason': 'Conditional result was False', 'false_condition': 'item.value[1]|int >= 1000', 'item': {'key': 'root', 'value': ['x', '0', '0', 'Super User', '/root', '/bin/bash']}, 'ansible_loop_var': 'item'}]) 
skipping: [localhost] => (item=[{'key': 'sync', 'value': ['x', '5', '0', 'sync', '/sbin', '/bin/sync']}, {'changed': False, 'skipped': True, 'skip_reason': 'Conditional result was False', 'false_condition': 'item.value[1]|int >= 1000', 'item': {'key': 'sync', 'value': ['x', '5', '0', 'sync', '/sbin', '/bin/sync']}, 'ansible_loop_var': 'item'}]) 
skipping: [localhost] => (item=[{'key': 'shutdown', 'value': ['x', '6', '0', 'shutdown', '/sbin', '/sbin/shutdown']}, {'changed': False, 'skipped': True, 'skip_reason': 'Conditional result was False', 'false_condition': 'item.value[1]|int >= 1000', 'item': {'key': 'shutdown', 'value': ['x', '6', '0', 'shutdown', '/sbin', '/sbin/shutdown']}, 'ansible_loop_var': 'item'}]) 
skipping: [localhost] => (item=[{'key': 'halt', 'value': ['x', '7', '0', 'halt', '/sbin', '/sbin/halt']}, {'changed': False, 'skipped': True, 'skip_reason': 'Conditional result was False', 'false_condition': 'item.value[1]|int >= 1000', 'item': {'key': 'halt', 'value': ['x', '7', '0', 'halt', '/sbin', '/sbin/halt']}, 'ansible_loop_var': 'item'}]) 
skipping: [localhost]

TASK [/stigforge/roles/rhel10_stig : Ensure All User Initialization Files Have Mode 0740 Or Less Permissive - Gather User Info] ***
ok: [localhost]

TASK [/stigforge/roles/rhel10_stig : Ensure All User Initialization Files Have Mode 0740 Or Less Permissive - Find Init Files] ***
skipping: [localhost] => (item={'key': 'root', 'value': ['x', '0', '0', 'Super User', '/root', '/bin/bash']}) 
skipping: [localhost] => (item={'key': 'bin', 'value': ['x', '1', '1', 'bin', '/bin', '/usr/sbin/nologin']}) 
skipping: [localhost] => (item={'key': 'daemon', 'value': ['x', '2', '2', 'daemon', '/sbin', '/usr/sbin/nologin']}) 
skipping: [localhost] => (item={'key': 'adm', 'value': ['x', '3', '4', 'adm', '/var/adm', '/usr/sbin/nologin']}) 
skipping: [localhost] => (item={'key': 'lp', 'value': ['x', '4', '7', 'lp', '/var/spool/lpd', '/usr/sbin/nologin']}) 
skipping: [localhost] => (item={'key': 'sync', 'value': ['x', '5', '0', 'sync', '/sbin', '/bin/sync']}) 
skipping: [localhost] => (item={'key': 'shutdown', 'value': ['x', '6', '0', 'shutdown', '/sbin', '/sbin/shutdown']}) 
skipping: [localhost] => (item={'key': 'halt', 'value': ['x', '7', '0', 'halt', '/sbin', '/sbin/halt']}) 
skipping: [localhost] => (item={'key': 'mail', 'value': ['x', '8', '12', 'mail', '/var/spool/mail', '/usr/sbin/nologin']}) 
skipping: [localhost] => (item={'key': 'operator', 'value': ['x', '11', '0', 'operator', '/root', '/usr/sbin/nologin']}) 
skipping: [localhost] => (item={'key': 'games', 'value': ['x', '12', '100', 'games', '/usr/games', '/usr/sbin/nologin']}) 
skipping: [localhost] => (item={'key': 'ftp', 'value': ['x', '14', '50', 'FTP User', '/var/ftp', '/usr/sbin/nologin']}) 
skipping: [localhost] => (item={'key': 'nobody', 'value': ['x', '65534', '65534', 'Kernel Overflow User', '/', '/usr/sbin/nologin']}) 
skipping: [localhost] => (item={'key': 'tss', 'value': ['x', '59', '59', 'Account used for TPM access', '/', '/usr/sbin/nologin']}) 
skipping: [localhost] => (item={'key': 'systemd-oom', 'value': ['x', '999', '999', 'systemd Userspace OOM Killer', '/', '/sbin/nologin']}) 
skipping: [localhost] => (item={'key': 'dbus', 'value': ['x', '81', '81', 'System Message Bus', '/', '/usr/sbin/nologin']}) 
skipping: [localhost]

TASK [/stigforge/roles/rhel10_stig : Ensure All User Initialization Files Have Mode 0740 Or Less Permissive - Fix Init Files Permissions] ***
skipping: [localhost]

TASK [/stigforge/roles/rhel10_stig : Get all local users from /etc/passwd] *****
ok: [localhost]

TASK [/stigforge/roles/rhel10_stig : Create local_users variable from the getent output] ***
ok: [localhost]

TASK [/stigforge/roles/rhel10_stig : Test for existence home directories to avoid creating them.] ***
skipping: [localhost] => (item={'key': 'root', 'value': ['x', '0', '0', 'Super User', '/root', '/bin/bash']}) 
skipping: [localhost] => (item={'key': 'bin', 'value': ['x', '1', '1', 'bin', '/bin', '/usr/sbin/nologin']}) 
skipping: [localhost] => (item={'key': 'daemon', 'value': ['x', '2', '2', 'daemon', '/sbin', '/usr/sbin/nologin']}) 
skipping: [localhost] => (item={'key': 'adm', 'value': ['x', '3', '4', 'adm', '/var/adm', '/usr/sbin/nologin']}) 
skipping: [localhost] => (item={'key': 'lp', 'value': ['x', '4', '7', 'lp', '/var/spool/lpd', '/usr/sbin/nologin']}) 
skipping: [localhost] => (item={'key': 'sync', 'value': ['x', '5', '0', 'sync', '/sbin', '/bin/sync']}) 
skipping: [localhost] => (item={'key': 'shutdown', 'value': ['x', '6', '0', 'shutdown', '/sbin', '/sbin/shutdown']}) 
skipping: [localhost] => (item={'key': 'halt', 'value': ['x', '7', '0', 'halt', '/sbin', '/sbin/halt']}) 
skipping: [localhost] => (item={'key': 'mail', 'value': ['x', '8', '12', 'mail', '/var/spool/mail', '/usr/sbin/nologin']}) 
skipping: [localhost] => (item={'key': 'operator', 'value': ['x', '11', '0', 'operator', '/root', '/usr/sbin/nologin']}) 
skipping: [localhost] => (item={'key': 'games', 'value': ['x', '12', '100', 'games', '/usr/games', '/usr/sbin/nologin']}) 
skipping: [localhost] => (item={'key': 'ftp', 'value': ['x', '14', '50', 'FTP User', '/var/ftp', '/usr/sbin/nologin']}) 
skipping: [localhost] => (item={'key': 'nobody', 'value': ['x', '65534', '65534', 'Kernel Overflow User', '/', '/usr/sbin/nologin']}) 
skipping: [localhost] => (item={'key': 'tss', 'value': ['x', '59', '59', 'Account used for TPM access', '/', '/usr/sbin/nologin']}) 
skipping: [localhost] => (item={'key': 'systemd-oom', 'value': ['x', '999', '999', 'systemd Userspace OOM Killer', '/', '/sbin/nologin']}) 
skipping: [localhost] => (item={'key': 'dbus', 'value': ['x', '81', '81', 'System Message Bus', '/', '/usr/sbin/nologin']}) 
skipping: [localhost]

TASK [/stigforge/roles/rhel10_stig : Ensure interactive local users have proper permissions on their respective home directories] ***
skipping: [localhost] => (item=[{'key': 'root', 'value': ['x', '0', '0', 'Super User', '/root', '/bin/bash']}, {'changed': False, 'skipped': True, 'skip_reason': 'Conditional result was False', 'false_condition': 'item.value[1]|int >= 1000', 'item': {'key': 'root', 'value': ['x', '0', '0', 'Super User', '/root', '/bin/bash']}, 'ansible_loop_var': 'item'}]) 
skipping: [localhost] => (item=[{'key': 'bin', 'value': ['x', '1', '1', 'bin', '/bin', '/usr/sbin/nologin']}, {'changed': False, 'skipped': True, 'skip_reason': 'Conditional result was False', 'false_condition': 'item.value[1]|int >= 1000', 'item': {'key': 'bin', 'value': ['x', '1', '1', 'bin', '/bin', '/usr/sbin/nologin']}, 'ansible_loop_var': 'item'}]) 
skipping: [localhost] => (item=[{'key': 'daemon', 'value': ['x', '2', '2', 'daemon', '/sbin', '/usr/sbin/nologin']}, {'changed': False, 'skipped': True, 'skip_reason': 'Conditional result was False', 'false_condition': 'item.value[1]|int >= 1000', 'item': {'key': 'daemon', 'value': ['x', '2', '2', 'daemon', '/sbin', '/usr/sbin/nologin']}, 'ansible_loop_var': 'item'}]) 
skipping: [localhost] => (item=[{'key': 'adm', 'value': ['x', '3', '4', 'adm', '/var/adm', '/usr/sbin/nologin']}, {'changed': False, 'skipped': True, 'skip_reason': 'Conditional result was False', 'false_condition': 'item.value[1]|int >= 1000', 'item': {'key': 'adm', 'value': ['x', '3', '4', 'adm', '/var/adm', '/usr/sbin/nologin']}, 'ansible_loop_var': 'item'}]) 
skipping: [localhost] => (item=[{'key': 'lp', 'value': ['x', '4', '7', 'lp', '/var/spool/lpd', '/usr/sbin/nologin']}, {'changed': False, 'skipped': True, 'skip_reason': 'Conditional result was False', 'false_condition': 'item.value[1]|int >= 1000', 'item': {'key': 'lp', 'value': ['x', '4', '7', 'lp', '/var/spool/lpd', '/usr/sbin/nologin']}, 'ansible_loop_var': 'item'}]) 
skipping: [localhost] => (item=[{'key': 'sync', 'value': ['x', '5', '0', 'sync', '/sbin', '/bin/sync']}, {'changed': False, 'skipped': True, 'skip_reason': 'Conditional result was False', 'false_condition': 'item.value[1]|int >= 1000', 'item': {'key': 'sync', 'value': ['x', '5', '0', 'sync', '/sbin', '/bin/sync']}, 'ansible_loop_var': 'item'}]) 
skipping: [localhost] => (item=[{'key': 'shutdown', 'value': ['x', '6', '0', 'shutdown', '/sbin', '/sbin/shutdown']}, {'changed': False, 'skipped': True, 'skip_reason': 'Conditional result was False', 'false_condition': 'item.value[1]|int >= 1000', 'item': {'key': 'shutdown', 'value': ['x', '6', '0', 'shutdown', '/sbin', '/sbin/shutdown']}, 'ansible_loop_var': 'item'}]) 
skipping: [localhost] => (item=[{'key': 'halt', 'value': ['x', '7', '0', 'halt', '/sbin', '/sbin/halt']}, {'changed': False, 'skipped': True, 'skip_reason': 'Conditional result was False', 'false_condition': 'item.value[1]|int >= 1000', 'item': {'key': 'halt', 'value': ['x', '7', '0', 'halt', '/sbin', '/sbin/halt']}, 'ansible_loop_var': 'item'}]) 
skipping: [localhost] => (item=[{'key': 'mail', 'value': ['x', '8', '12', 'mail', '/var/spool/mail', '/usr/sbin/nologin']}, {'changed': False, 'skipped': True, 'skip_reason': 'Conditional result was False', 'false_condition': 'item.value[1]|int >= 1000', 'item': {'key': 'mail', 'value': ['x', '8', '12', 'mail', '/var/spool/mail', '/usr/sbin/nologin']}, 'ansible_loop_var': 'item'}]) 
skipping: [localhost] => (item=[{'key': 'operator', 'value': ['x', '11', '0', 'operator', '/root', '/usr/sbin/nologin']}, {'changed': False, 'skipped': True, 'skip_reason': 'Conditional result was False', 'false_condition': 'item.value[1]|int >= 1000', 'item': {'key': 'operator', 'value': ['x', '11', '0', 'operator', '/root', '/usr/sbin/nologin']}, 'ansible_loop_var': 'item'}]) 
skipping: [localhost] => (item=[{'key': 'games', 'value': ['x', '12', '100', 'games', '/usr/games', '/usr/sbin/nologin']}, {'changed': False, 'skipped': True, 'skip_reason': 'Conditional result was False', 'false_condition': 'item.value[1]|int >= 1000', 'item': {'key': 'games', 'value': ['x', '12', '100', 'games', '/usr/games', '/usr/sbin/nologin']}, 'ansible_loop_var': 'item'}]) 
skipping: [localhost] => (item=[{'key': 'ftp', 'value': ['x', '14', '50', 'FTP User', '/var/ftp', '/usr/sbin/nologin']}, {'changed': False, 'skipped': True, 'skip_reason': 'Conditional result was False', 'false_condition': 'item.value[1]|int >= 1000', 'item': {'key': 'ftp', 'value': ['x', '14', '50', 'FTP User', '/var/ftp', '/usr/sbin/nologin']}, 'ansible_loop_var': 'item'}]) 
skipping: [localhost] => (item=[{'key': 'nobody', 'value': ['x', '65534', '65534', 'Kernel Overflow User', '/', '/usr/sbin/nologin']}, {'changed': False, 'skipped': True, 'skip_reason': 'Conditional result was False', 'false_condition': 'item.value[1]|int != 65534', 'item': {'key': 'nobody', 'value': ['x', '65534', '65534', 'Kernel Overflow User', '/', '/usr/sbin/nologin']}, 'ansible_loop_var': 'item'}]) 
skipping: [localhost] => (item=[{'key': 'tss', 'value': ['x', '59', '59', 'Account used for TPM access', '/', '/usr/sbin/nologin']}, {'changed': False, 'skipped': True, 'skip_reason': 'Conditional result was False', 'false_condition': 'item.value[1]|int >= 1000', 'item': {'key': 'tss', 'value': ['x', '59', '59', 'Account used for TPM access', '/', '/usr/sbin/nologin']}, 'ansible_loop_var': 'item'}]) 
skipping: [localhost] => (item=[{'key': 'systemd-oom', 'value': ['x', '999', '999', 'systemd Userspace OOM Killer', '/', '/sbin/nologin']}, {'changed': False, 'skipped': True, 'skip_reason': 'Conditional result was False', 'false_condition': 'item.value[1]|int >= 1000', 'item': {'key': 'systemd-oom', 'value': ['x', '999', '999', 'systemd Userspace OOM Killer', '/', '/sbin/nologin']}, 'ansible_loop_var': 'item'}]) 
skipping: [localhost] => (item=[{'key': 'dbus', 'value': ['x', '81', '81', 'System Message Bus', '/', '/usr/sbin/nologin']}, {'changed': False, 'skipped': True, 'skip_reason': 'Conditional result was False', 'false_condition': 'item.value[1]|int >= 1000', 'item': {'key': 'dbus', 'value': ['x', '81', '81', 'System Message Bus', '/', '/usr/sbin/nologin']}, 'ansible_loop_var': 'item'}]) 
skipping: [localhost]

TASK [/stigforge/roles/rhel10_stig : Check if umask in /etc/bashrc is already set] ***
ok: [localhost]

TASK [/stigforge/roles/rhel10_stig : Replace user umask in /etc/bashrc] ********
changed: [localhost]

TASK [/stigforge/roles/rhel10_stig : Ensure the Default umask is Appended Correctly] ***
skipping: [localhost]

TASK [/stigforge/roles/rhel10_stig : Check if umask in /etc/csh.cshrc is already set] ***
skipping: [localhost]

TASK [/stigforge/roles/rhel10_stig : Replace user umask in /etc/csh.cshrc] *****
skipping: [localhost]

TASK [/stigforge/roles/rhel10_stig : Ensure the Default umask is Appended Correctly] ***
skipping: [localhost]

TASK [/stigforge/roles/rhel10_stig : Set default umask] ************************
skipping: [localhost]

TASK [/stigforge/roles/rhel10_stig : Replace user UMASK in /etc/login.defs] ****
skipping: [localhost]

TASK [/stigforge/roles/rhel10_stig : Ensure the Default UMASK is Appended Correctly] ***
skipping: [localhost]

TASK [/stigforge/roles/rhel10_stig : Ensure the Default Umask is Set Correctly in /etc/profile - Locate Profile Configuration Files Where umask Is Defined] ***
ok: [localhost]

TASK [/stigforge/roles/rhel10_stig : Ensure the Default Umask is Set Correctly in /etc/profile - Replace Existing umask Value in Files From /etc/profile.d] ***
skipping: [localhost]

TASK [/stigforge/roles/rhel10_stig : Ensure the Default Umask is Set Correctly in /etc/profile - Ensure umask Is Set in /etc/profile if Not Already Set Elsewhere] ***
changed: [localhost]

TASK [/stigforge/roles/rhel10_stig : Ensure the Default Umask is Set Correctly in /etc/profile - Ensure umask Value For All Existing umask Definition in /etc/profile] ***
ok: [localhost]

TASK [/stigforge/roles/rhel10_stig : Ensure the Default Umask is Set Correctly For Interactive Users - Get interactive users from passwd file] ***
skipping: [localhost]

TASK [/stigforge/roles/rhel10_stig : Ensure the Default Umask is Set Correctly For Interactive Users - Filter interactive users and get home directories] ***
skipping: [localhost]

TASK [/stigforge/roles/rhel10_stig : Ensure the Default Umask is Set Correctly For Interactive Users - Find dot files in interactive user home directories] ***
skipping: [localhost]

TASK [/stigforge/roles/rhel10_stig : Ensure the Default Umask is Set Correctly For Interactive Users - Comment out umask statements in user initialization files] ***
skipping: [localhost]

TASK [/stigforge/roles/rhel10_stig : Check if init_on_free argument is already present in /etc/default/grub] ***
skipping: [localhost]

TASK [/stigforge/roles/rhel10_stig : Check if init_on_free argument is already present] ***
skipping: [localhost]

TASK [/stigforge/roles/rhel10_stig : Update grub defaults and the bootloader menu] ***
skipping: [localhost]

TASK [/stigforge/roles/rhel10_stig : Check if pti argument is already present in /etc/default/grub] ***
skipping: [localhost]

TASK [/stigforge/roles/rhel10_stig : Check if pti argument is already present] ***
skipping: [localhost]

TASK [/stigforge/roles/rhel10_stig : Update grub defaults and the bootloader menu] ***
skipping: [localhost]

TASK [/stigforge/roles/rhel10_stig : Check if vsyscall argument is already present in /etc/default/grub] ***
skipping: [localhost]

TASK [/stigforge/roles/rhel10_stig : Check if vsyscall argument is already present] ***
skipping: [localhost]

TASK [/stigforge/roles/rhel10_stig : Update grub defaults and the bootloader menu] ***
skipping: [localhost]

TASK [/stigforge/roles/rhel10_stig : Set the file_groupowner_grub2_cfg_newgroup variable if represented by gid] ***
skipping: [localhost]

TASK [/stigforge/roles/rhel10_stig : Test for existence /boot/grub2/grub.cfg] ***
skipping: [localhost]

TASK [/stigforge/roles/rhel10_stig : Ensure group owner on /boot/grub2/grub.cfg] ***
skipping: [localhost]

TASK [/stigforge/roles/rhel10_stig : Set the file_owner_grub2_cfg_newown variable if represented by uid] ***
skipping: [localhost]

TASK [/stigforge/roles/rhel10_stig : Test for existence /boot/grub2/grub.cfg] ***
skipping: [localhost]

TASK [/stigforge/roles/rhel10_stig : Ensure owner on /boot/grub2/grub.cfg] *****
skipping: [localhost]

TASK [/stigforge/roles/rhel10_stig : Ensure cron Is Logging To Rsyslog - Ensure /etc/rsyslog.conf exists] ***
skipping: [localhost]

TASK [/stigforge/roles/rhel10_stig : Ensure cron Is Logging To Rsyslog - Ensure /etc/rsyslog.d directory exists] ***
skipping: [localhost]

TASK [/stigforge/roles/rhel10_stig : Ensure cron Is Logging To Rsyslog - Remove multilined cron.* action() entries from rsyslog.conf] ***
skipping: [localhost]

TASK [/stigforge/roles/rhel10_stig : Ensure cron Is Logging To Rsyslog - Remove multilined cron.* action() entries from rsyslog.d/*.conf] ***
skipping: [localhost]

TASK [/stigforge/roles/rhel10_stig : Remove *.* entries pointing to /var/log/cron from rsyslog.conf] ***
skipping: [localhost]

TASK [/stigforge/roles/rhel10_stig : Ensure cron Is Logging To Rsyslog - Remove *.* entries pointing to /var/log/cron from rsyslog.d/*.conf] ***
skipping: [localhost]

TASK [/stigforge/roles/rhel10_stig : Ensure cron Is Logging To Rsyslog - Check if the parameter cron.* is configured in /etc/rsyslog.conf] ***
skipping: [localhost]

TASK [/stigforge/roles/rhel10_stig : Ensure cron Is Logging To Rsyslog - Check if the parameter cron.* is configured in /etc/rsyslog.d] ***
skipping: [localhost]

TASK [/stigforge/roles/rhel10_stig : Ensure cron Is Logging To Rsyslog - Check if /etc/rsyslog.conf exists] ***
skipping: [localhost]

TASK [/stigforge/roles/rhel10_stig : Ensure cron Is Logging To Rsyslog - Check if the parameter cron.* is configured correctly in /etc/rsyslog.conf] ***
skipping: [localhost]

TASK [/stigforge/roles/rhel10_stig : Ensure cron Is Logging To Rsyslog - Check if the parameter cron.* is configured correctly in /etc/rsyslog.d] ***
skipping: [localhost]

TASK [/stigforge/roles/rhel10_stig : Deduplicate values from /etc/rsyslog.conf] ***
skipping: [localhost]

TASK [/stigforge/roles/rhel10_stig : Check if /etc/rsyslog.d exists] ***********
skipping: [localhost]

TASK [/stigforge/roles/rhel10_stig : Check if the parameter cron.* is present in /etc/rsyslog.d] ***
skipping: [localhost]

TASK [/stigforge/roles/rhel10_stig : Remove parameter from files in /etc/rsyslog.d] ***
skipping: [localhost]

TASK [/stigforge/roles/rhel10_stig : Insert correct line to /etc/rsyslog.d/cron.conf] ***
skipping: [localhost]

TASK [/stigforge/roles/rhel10_stig : Ensure cron Is Logging To Rsyslog - Restart the rsyslog service now] ***
skipping: [localhost]

TASK [/stigforge/roles/rhel10_stig : Ensure Rsyslog omfwd Action Authenticates Remote Logging Server: search for omfwd action directive in rsyslog include files] ***
skipping: [localhost]

TASK [/stigforge/roles/rhel10_stig : Ensure Rsyslog omfwd Action Authenticates Remote Logging Server: search for omfwd action directive in rsyslog main config file] ***
skipping: [localhost]

TASK [/stigforge/roles/rhel10_stig : Ensure Rsyslog omfwd Action Authenticates Remote Logging Server: assemble list of files with existing omfwd directives] ***
skipping: [localhost]

TASK [/stigforge/roles/rhel10_stig : Ensure Rsyslog omfwd Action Authenticates Remote Logging Server: replace wrong authmode value in omfwd action] ***
skipping: [localhost]

TASK [/stigforge/roles/rhel10_stig : Ensure Rsyslog omfwd Action Authenticates Remote Logging Server: add authmode if missing from omfwd action] ***
skipping: [localhost]

TASK [/stigforge/roles/rhel10_stig : Ensure Rsyslog omfwd Action Authenticates Remote Logging Server: replace wrong permittedpeer value in omfwd action] ***
skipping: [localhost]

TASK [/stigforge/roles/rhel10_stig : Ensure Rsyslog omfwd Action Authenticates Remote Logging Server: add permittedpeer if missing from omfwd action] ***
skipping: [localhost]

TASK [/stigforge/roles/rhel10_stig : Ensure Rsyslog omfwd Action Defines Explicit TLS Stream Driver: search for omfwd action directive in rsyslog include files] ***
skipping: [localhost]

TASK [/stigforge/roles/rhel10_stig : Ensure Rsyslog omfwd Action Defines Explicit TLS Stream Driver: search for omfwd action directive in rsyslog main config file] ***
skipping: [localhost]

TASK [/stigforge/roles/rhel10_stig : Ensure Rsyslog omfwd Action Defines Explicit TLS Stream Driver: assemble list of files with existing omfwd directives] ***
skipping: [localhost]

TASK [/stigforge/roles/rhel10_stig : Ensure Rsyslog omfwd Action Defines Explicit TLS Stream Driver: replace wrong StreamDriver value in omfwd action] ***
skipping: [localhost]

TASK [/stigforge/roles/rhel10_stig : Ensure Rsyslog omfwd Action Defines Explicit TLS Stream Driver: add StreamDriver if missing from omfwd action] ***
skipping: [localhost]

TASK [/stigforge/roles/rhel10_stig : Ensure Rsyslog omfwd Action Enables TLS Encryption: search for omfwd action directive in rsyslog include files] ***
skipping: [localhost]

TASK [/stigforge/roles/rhel10_stig : Ensure Rsyslog omfwd Action Enables TLS Encryption: search for omfwd action directive in rsyslog main config file] ***
skipping: [localhost]

TASK [/stigforge/roles/rhel10_stig : Ensure Rsyslog omfwd Action Enables TLS Encryption: assemble list of files with existing omfwd directives] ***
skipping: [localhost]

TASK [/stigforge/roles/rhel10_stig : Ensure Rsyslog omfwd Action Enables TLS Encryption: replace wrong tls value in omfwd action] ***
skipping: [localhost]

TASK [/stigforge/roles/rhel10_stig : Ensure Rsyslog omfwd Action Enables TLS Encryption: add tls if missing from omfwd action] ***
skipping: [localhost]

TASK [/stigforge/roles/rhel10_stig : Ensure Rsyslog omfwd Action Enables TLS Encryption: remove StreamDriverMode=0 from omfwd action to prevent conflict with tls=on] ***
skipping: [localhost]

TASK [/stigforge/roles/rhel10_stig : Ensure rsyslog Does Not Accept Remote Messages Unless Acting As Log Server - Define Rsyslog Config Lines Regex in Legacy Syntax] ***
skipping: [localhost]

TASK [/stigforge/roles/rhel10_stig : Ensure rsyslog Does Not Accept Remote Messages Unless Acting As Log Server - Search for Legacy Config Lines in Rsyslog Main Config File] ***
skipping: [localhost]

TASK [/stigforge/roles/rhel10_stig : Ensure rsyslog Does Not Accept Remote Messages Unless Acting As Log Server - Search for Legacy Config Lines in Rsyslog Include Files] ***
skipping: [localhost]

TASK [/stigforge/roles/rhel10_stig : Ensure rsyslog Does Not Accept Remote Messages Unless Acting As Log Server - Assemble List of Config Files With Listen Lines in Legacy Syntax] ***
skipping: [localhost]

TASK [/stigforge/roles/rhel10_stig : Ensure rsyslog Does Not Accept Remote Messages Unless Acting As Log Server - Comment Listen Config Lines Wherever Defined Using Legacy Syntax] ***
skipping: [localhost]

TASK [/stigforge/roles/rhel10_stig : Ensure rsyslog Does Not Accept Remote Messages Unless Acting As Log Server - Define Rsyslog Config Lines Regex in RainerScript Syntax] ***
skipping: [localhost]

TASK [/stigforge/roles/rhel10_stig : Ensure rsyslog Does Not Accept Remote Messages Unless Acting As Log Server - Search for RainerScript Config Lines in Rsyslog Main Config File] ***
skipping: [localhost]

TASK [/stigforge/roles/rhel10_stig : Ensure rsyslog Does Not Accept Remote Messages Unless Acting As Log Server - Search for RainerScript Config Lines in Rsyslog Include Files] ***
skipping: [localhost]

TASK [/stigforge/roles/rhel10_stig : Ensure rsyslog Does Not Accept Remote Messages Unless Acting As Log Server - Assemble List of Config Files With Listen Lines in RainerScript] ***
skipping: [localhost]

TASK [/stigforge/roles/rhel10_stig : Ensure rsyslog Does Not Accept Remote Messages Unless Acting As Log Server - Comment Listen Config Lines Wherever Defined Using RainerScript] ***
skipping: [localhost]

TASK [/stigforge/roles/rhel10_stig : Ensure rsyslog Does Not Accept Remote Messages Unless Acting As Log Server - Restart Rsyslog if Any Line Were Commented Out] ***
skipping: [localhost]

TASK [/stigforge/roles/rhel10_stig : Check for duplicate values] ***************
skipping: [localhost]

TASK [/stigforge/roles/rhel10_stig : Deduplicate values from /etc/firewalld/firewalld.conf] ***
skipping: [localhost]

TASK [/stigforge/roles/rhel10_stig : Insert correct line to /etc/firewalld/firewalld.conf] ***
skipping: [localhost]

TASK [/stigforge/roles/rhel10_stig : Configure Accepting Router Advertisements on All IPv6 Interfaces - Set fact for sysctl paths] ***
skipping: [localhost]

TASK [/stigforge/roles/rhel10_stig : Configure Accepting Router Advertisements on All IPv6 Interfaces - Find all files that contain net.ipv6.conf.all.accept_ra] ***
skipping: [localhost]

TASK [/stigforge/roles/rhel10_stig : Configure Accepting Router Advertisements on All IPv6 Interfaces - Find all files that set net.ipv6.conf.all.accept_ra to correct value] ***
skipping: [localhost]

TASK [/stigforge/roles/rhel10_stig : Configure Accepting Router Advertisements on All IPv6 Interfaces - Comment out any occurrences of net.ipv6.conf.all.accept_ra from config files] ***
skipping: [localhost]

TASK [/stigforge/roles/rhel10_stig : Configure Accepting Router Advertisements on All IPv6 Interfaces - Comment out any occurrences of net.ipv6.conf.all.accept_ra from /etc/sysctl.conf] ***
skipping: [localhost]

TASK [/stigforge/roles/rhel10_stig : Configure Accepting Router Advertisements on All IPv6 Interfaces - Ensure sysctl net.ipv6.conf.all.accept_ra is set] ***
skipping: [localhost]

TASK [/stigforge/roles/rhel10_stig : Disable Accepting ICMP Redirects for All IPv6 Interfaces - Set fact for sysctl paths] ***
skipping: [localhost]

TASK [/stigforge/roles/rhel10_stig : Disable Accepting ICMP Redirects for All IPv6 Interfaces - Find all files that contain net.ipv6.conf.all.accept_redirects] ***
skipping: [localhost]

TASK [/stigforge/roles/rhel10_stig : Disable Accepting ICMP Redirects for All IPv6 Interfaces - Find all files that set net.ipv6.conf.all.accept_redirects to correct value] ***
skipping: [localhost]

TASK [/stigforge/roles/rhel10_stig : Disable Accepting ICMP Redirects for All IPv6 Interfaces - Comment out any occurrences of net.ipv6.conf.all.accept_redirects from config files] ***
skipping: [localhost]

TASK [/stigforge/roles/rhel10_stig : Disable Accepting ICMP Redirects for All IPv6 Interfaces - Comment out any occurrences of net.ipv6.conf.all.accept_redirects from /etc/sysctl.conf] ***
skipping: [localhost]

TASK [/stigforge/roles/rhel10_stig : Disable Accepting ICMP Redirects for All IPv6 Interfaces - Ensure sysctl net.ipv6.conf.all.accept_redirects is set] ***
skipping: [localhost]

TASK [/stigforge/roles/rhel10_stig : Disable Kernel Parameter for Accepting Source-Routed Packets on all IPv6 Interfaces - Set fact for sysctl paths] ***
skipping: [localhost]

TASK [/stigforge/roles/rhel10_stig : Disable Kernel Parameter for Accepting Source-Routed Packets on all IPv6 Interfaces - Find all files that contain net.ipv6.conf.all.accept_source_route] ***
skipping: [localhost]

TASK [/stigforge/roles/rhel10_stig : Disable Kernel Parameter for Accepting Source-Routed Packets on all IPv6 Interfaces - Find all files that set net.ipv6.conf.all.accept_source_route to correct value] ***
skipping: [localhost]

TASK [/stigforge/roles/rhel10_stig : Disable Kernel Parameter for Accepting Source-Routed Packets on all IPv6 Interfaces - Comment out any occurrences of net.ipv6.conf.all.accept_source_route from config files] ***
skipping: [localhost]

TASK [/stigforge/roles/rhel10_stig : Disable Kernel Parameter for Accepting Source-Routed Packets on all IPv6 Interfaces - Comment out any occurrences of net.ipv6.conf.all.accept_source_route from /etc/sysctl.conf] ***
skipping: [localhost]

TASK [/stigforge/roles/rhel10_stig : Disable Kernel Parameter for Accepting Source-Routed Packets on all IPv6 Interfaces - Ensure sysctl net.ipv6.conf.all.accept_source_route is set] ***
skipping: [localhost]

TASK [/stigforge/roles/rhel10_stig : Disable Kernel Parameter for IPv6 Forwarding - Set fact for sysctl paths] ***
skipping: [localhost]

TASK [/stigforge/roles/rhel10_stig : Disable Kernel Parameter for IPv6 Forwarding - Find all files that contain net.ipv6.conf.all.forwarding] ***
skipping: [localhost]

TASK [/stigforge/roles/rhel10_stig : Disable Kernel Parameter for IPv6 Forwarding - Find all files that set net.ipv6.conf.all.forwarding to correct value] ***
skipping: [localhost]

TASK [/stigforge/roles/rhel10_stig : Disable Kernel Parameter for IPv6 Forwarding - Comment out any occurrences of net.ipv6.conf.all.forwarding from config files] ***
skipping: [localhost]

TASK [/stigforge/roles/rhel10_stig : Disable Kernel Parameter for IPv6 Forwarding - Comment out any occurrences of net.ipv6.conf.all.forwarding from /etc/sysctl.conf] ***
skipping: [localhost]

TASK [/stigforge/roles/rhel10_stig : Disable Kernel Parameter for IPv6 Forwarding - Ensure sysctl net.ipv6.conf.all.forwarding is set] ***
skipping: [localhost]

TASK [/stigforge/roles/rhel10_stig : Disable Accepting Router Advertisements on all IPv6 Interfaces by Default - Set fact for sysctl paths] ***
skipping: [localhost]

TASK [/stigforge/roles/rhel10_stig : Disable Accepting Router Advertisements on all IPv6 Interfaces by Default - Find all files that contain net.ipv6.conf.default.accept_ra] ***
skipping: [localhost]

TASK [/stigforge/roles/rhel10_stig : Disable Accepting Router Advertisements on all IPv6 Interfaces by Default - Find all files that set net.ipv6.conf.default.accept_ra to correct value] ***
skipping: [localhost]

TASK [/stigforge/roles/rhel10_stig : Disable Accepting Router Advertisements on all IPv6 Interfaces by Default - Comment out any occurrences of net.ipv6.conf.default.accept_ra from config files] ***
skipping: [localhost]

TASK [/stigforge/roles/rhel10_stig : Disable Accepting Router Advertisements on all IPv6 Interfaces by Default - Comment out any occurrences of net.ipv6.conf.default.accept_ra from /etc/sysctl.conf] ***
skipping: [localhost]

TASK [/stigforge/roles/rhel10_stig : Disable Accepting Router Advertisements on all IPv6 Interfaces by Default - Ensure sysctl net.ipv6.conf.default.accept_ra is set] ***
skipping: [localhost]

TASK [/stigforge/roles/rhel10_stig : Disable Kernel Parameter for Accepting ICMP Redirects by Default on IPv6 Interfaces - Set fact for sysctl paths] ***
skipping: [localhost]

TASK [/stigforge/roles/rhel10_stig : Disable Kernel Parameter for Accepting ICMP Redirects by Default on IPv6 Interfaces - Find all files that contain net.ipv6.conf.default.accept_redirects] ***
skipping: [localhost]

TASK [/stigforge/roles/rhel10_stig : Disable Kernel Parameter for Accepting ICMP Redirects by Default on IPv6 Interfaces - Find all files that set net.ipv6.conf.default.accept_redirects to correct value] ***
skipping: [localhost]

TASK [/stigforge/roles/rhel10_stig : Disable Kernel Parameter for Accepting ICMP Redirects by Default on IPv6 Interfaces - Comment out any occurrences of net.ipv6.conf.default.accept_redirects from config files] ***
skipping: [localhost]

TASK [/stigforge/roles/rhel10_stig : Disable Kernel Parameter for Accepting ICMP Redirects by Default on IPv6 Interfaces - Comment out any occurrences of net.ipv6.conf.default.accept_redirects from /etc/sysctl.conf] ***
skipping: [localhost]

TASK [/stigforge/roles/rhel10_stig : Disable Kernel Parameter for Accepting ICMP Redirects by Default on IPv6 Interfaces - Ensure sysctl net.ipv6.conf.default.accept_redirects is set] ***
skipping: [localhost]

TASK [/stigforge/roles/rhel10_stig : Disable Kernel Parameter for Accepting Source-Routed Packets on IPv6 Interfaces by Default - Set fact for sysctl paths] ***
skipping: [localhost]

TASK [/stigforge/roles/rhel10_stig : Disable Kernel Parameter for Accepting Source-Routed Packets on IPv6 Interfaces by Default - Find all files that contain net.ipv6.conf.default.accept_source_route] ***
skipping: [localhost]

TASK [/stigforge/roles/rhel10_stig : Disable Kernel Parameter for Accepting Source-Routed Packets on IPv6 Interfaces by Default - Find all files that set net.ipv6.conf.default.accept_source_route to correct value] ***
skipping: [localhost]

TASK [/stigforge/roles/rhel10_stig : Disable Kernel Parameter for Accepting Source-Routed Packets on IPv6 Interfaces by Default - Comment out any occurrences of net.ipv6.conf.default.accept_source_route from config files] ***
skipping: [localhost]

TASK [/stigforge/roles/rhel10_stig : Disable Kernel Parameter for Accepting Source-Routed Packets on IPv6 Interfaces by Default - Comment out any occurrences of net.ipv6.conf.default.accept_source_route from /etc/sysctl.conf] ***
skipping: [localhost]

TASK [/stigforge/roles/rhel10_stig : Disable Kernel Parameter for Accepting Source-Routed Packets on IPv6 Interfaces by Default - Ensure sysctl net.ipv6.conf.default.accept_source_route is set] ***
skipping: [localhost]

TASK [/stigforge/roles/rhel10_stig : Disable Accepting ICMP Redirects for All IPv4 Interfaces - Set fact for sysctl paths] ***
skipping: [localhost]

TASK [/stigforge/roles/rhel10_stig : Disable Accepting ICMP Redirects for All IPv4 Interfaces - Find all files that contain net.ipv4.conf.all.accept_redirects] ***
skipping: [localhost]

TASK [/stigforge/roles/rhel10_stig : Disable Accepting ICMP Redirects for All IPv4 Interfaces - Find all files that set net.ipv4.conf.all.accept_redirects to correct value] ***
skipping: [localhost]

TASK [/stigforge/roles/rhel10_stig : Disable Accepting ICMP Redirects for All IPv4 Interfaces - Comment out any occurrences of net.ipv4.conf.all.accept_redirects from config files] ***
skipping: [localhost]

TASK [/stigforge/roles/rhel10_stig : Disable Accepting ICMP Redirects for All IPv4 Interfaces - Comment out any occurrences of net.ipv4.conf.all.accept_redirects from /etc/sysctl.conf] ***
skipping: [localhost]

TASK [/stigforge/roles/rhel10_stig : Disable Accepting ICMP Redirects for All IPv4 Interfaces - Ensure sysctl net.ipv4.conf.all.accept_redirects is set] ***
skipping: [localhost]

TASK [/stigforge/roles/rhel10_stig : Disable Kernel Parameter for Accepting Source-Routed Packets on all IPv4 Interfaces - Set fact for sysctl paths] ***
skipping: [localhost]

TASK [/stigforge/roles/rhel10_stig : Disable Kernel Parameter for Accepting Source-Routed Packets on all IPv4 Interfaces - Find all files that contain net.ipv4.conf.all.accept_source_route] ***
skipping: [localhost]

TASK [/stigforge/roles/rhel10_stig : Disable Kernel Parameter for Accepting Source-Routed Packets on all IPv4 Interfaces - Find all files that set net.ipv4.conf.all.accept_source_route to correct value] ***
skipping: [localhost]

TASK [/stigforge/roles/rhel10_stig : Disable Kernel Parameter for Accepting Source-Routed Packets on all IPv4 Interfaces - Comment out any occurrences of net.ipv4.conf.all.accept_source_route from config files] ***
skipping: [localhost]

TASK [/stigforge/roles/rhel10_stig : Disable Kernel Parameter for Accepting Source-Routed Packets on all IPv4 Interfaces - Comment out any occurrences of net.ipv4.conf.all.accept_source_route from /etc/sysctl.conf] ***
skipping: [localhost]

TASK [/stigforge/roles/rhel10_stig : Disable Kernel Parameter for Accepting Source-Routed Packets on all IPv4 Interfaces - Ensure sysctl net.ipv4.conf.all.accept_source_route is set] ***
skipping: [localhost]

TASK [/stigforge/roles/rhel10_stig : Disable Kernel Parameter for IPv4 Forwarding on all IPv4 Interfaces - Set fact for sysctl paths] ***
skipping: [localhost]

TASK [/stigforge/roles/rhel10_stig : Disable Kernel Parameter for IPv4 Forwarding on all IPv4 Interfaces - Find all files that contain net.ipv4.conf.all.forwarding] ***
skipping: [localhost]

TASK [/stigforge/roles/rhel10_stig : Disable Kernel Parameter for IPv4 Forwarding on all IPv4 Interfaces - Find all files that set net.ipv4.conf.all.forwarding to correct value] ***
skipping: [localhost]

TASK [/stigforge/roles/rhel10_stig : Disable Kernel Parameter for IPv4 Forwarding on all IPv4 Interfaces - Comment out any occurrences of net.ipv4.conf.all.forwarding from config files] ***
skipping: [localhost]

TASK [/stigforge/roles/rhel10_stig : Disable Kernel Parameter for IPv4 Forwarding on all IPv4 Interfaces - Comment out any occurrences of net.ipv4.conf.all.forwarding from /etc/sysctl.conf] ***
skipping: [localhost]

TASK [/stigforge/roles/rhel10_stig : Disable Kernel Parameter for IPv4 Forwarding on all IPv4 Interfaces - Ensure sysctl net.ipv4.conf.all.forwarding is set] ***
skipping: [localhost]

TASK [/stigforge/roles/rhel10_stig : Enable Kernel Parameter to Log Martian Packets on all IPv4 Interfaces - Set fact for sysctl paths] ***
skipping: [localhost]

TASK [/stigforge/roles/rhel10_stig : Enable Kernel Parameter to Log Martian Packets on all IPv4 Interfaces - Find all files that contain net.ipv4.conf.all.log_martians] ***
skipping: [localhost]

TASK [/stigforge/roles/rhel10_stig : Enable Kernel Parameter to Log Martian Packets on all IPv4 Interfaces - Find all files that set net.ipv4.conf.all.log_martians to correct value] ***
skipping: [localhost]

TASK [/stigforge/roles/rhel10_stig : Enable Kernel Parameter to Log Martian Packets on all IPv4 Interfaces - Comment out any occurrences of net.ipv4.conf.all.log_martians from config files] ***
skipping: [localhost]

TASK [/stigforge/roles/rhel10_stig : Enable Kernel Parameter to Log Martian Packets on all IPv4 Interfaces - Comment out any occurrences of net.ipv4.conf.all.log_martians from /etc/sysctl.conf] ***
skipping: [localhost]

TASK [/stigforge/roles/rhel10_stig : Enable Kernel Parameter to Log Martian Packets on all IPv4 Interfaces - Ensure sysctl net.ipv4.conf.all.log_martians is set] ***
skipping: [localhost]

TASK [/stigforge/roles/rhel10_stig : Enable Kernel Parameter to Use Reverse Path Filtering on all IPv4 Interfaces - Set fact for sysctl paths] ***
skipping: [localhost]

TASK [/stigforge/roles/rhel10_stig : Enable Kernel Parameter to Use Reverse Path Filtering on all IPv4 Interfaces - Find all files that contain net.ipv4.conf.all.rp_filter] ***
skipping: [localhost]

TASK [/stigforge/roles/rhel10_stig : Enable Kernel Parameter to Use Reverse Path Filtering on all IPv4 Interfaces - Find all files that set net.ipv4.conf.all.rp_filter to correct value] ***
skipping: [localhost]

TASK [/stigforge/roles/rhel10_stig : Enable Kernel Parameter to Use Reverse Path Filtering on all IPv4 Interfaces - Comment out any occurrences of net.ipv4.conf.all.rp_filter from config files] ***
skipping: [localhost]

TASK [/stigforge/roles/rhel10_stig : Enable Kernel Parameter to Use Reverse Path Filtering on all IPv4 Interfaces - Comment out any occurrences of net.ipv4.conf.all.rp_filter from /etc/sysctl.conf] ***
skipping: [localhost]

TASK [/stigforge/roles/rhel10_stig : Enable Kernel Parameter to Use Reverse Path Filtering on all IPv4 Interfaces - Ensure sysctl net.ipv4.conf.all.rp_filter is set] ***
skipping: [localhost]

TASK [/stigforge/roles/rhel10_stig : Disable Kernel Parameter for Accepting ICMP Redirects by Default on IPv4 Interfaces - Set fact for sysctl paths] ***
skipping: [localhost]

TASK [/stigforge/roles/rhel10_stig : Disable Kernel Parameter for Accepting ICMP Redirects by Default on IPv4 Interfaces - Find all files that contain net.ipv4.conf.default.accept_redirects] ***
skipping: [localhost]

TASK [/stigforge/roles/rhel10_stig : Disable Kernel Parameter for Accepting ICMP Redirects by Default on IPv4 Interfaces - Find all files that set net.ipv4.conf.default.accept_redirects to correct value] ***
skipping: [localhost]

TASK [/stigforge/roles/rhel10_stig : Disable Kernel Parameter for Accepting ICMP Redirects by Default on IPv4 Interfaces - Comment out any occurrences of net.ipv4.conf.default.accept_redirects from config files] ***
skipping: [localhost]

TASK [/stigforge/roles/rhel10_stig : Disable Kernel Parameter for Accepting ICMP Redirects by Default on IPv4 Interfaces - Comment out any occurrences of net.ipv4.conf.default.accept_redirects from /etc/sysctl.conf] ***
skipping: [localhost]

TASK [/stigforge/roles/rhel10_stig : Disable Kernel Parameter for Accepting ICMP Redirects by Default on IPv4 Interfaces - Ensure sysctl net.ipv4.conf.default.accept_redirects is set] ***
skipping: [localhost]

TASK [/stigforge/roles/rhel10_stig : Disable Kernel Parameter for Accepting Source-Routed Packets on IPv4 Interfaces by Default - Set fact for sysctl paths] ***
skipping: [localhost]

TASK [/stigforge/roles/rhel10_stig : Disable Kernel Parameter for Accepting Source-Routed Packets on IPv4 Interfaces by Default - Find all files that contain net.ipv4.conf.default.accept_source_route] ***
skipping: [localhost]

TASK [/stigforge/roles/rhel10_stig : Disable Kernel Parameter for Accepting Source-Routed Packets on IPv4 Interfaces by Default - Find all files that set net.ipv4.conf.default.accept_source_route to correct value] ***
skipping: [localhost]

TASK [/stigforge/roles/rhel10_stig : Disable Kernel Parameter for Accepting Source-Routed Packets on IPv4 Interfaces by Default - Comment out any occurrences of net.ipv4.conf.default.accept_source_route from config files] ***
skipping: [localhost]

TASK [/stigforge/roles/rhel10_stig : Disable Kernel Parameter for Accepting Source-Routed Packets on IPv4 Interfaces by Default - Comment out any occurrences of net.ipv4.conf.default.accept_source_route from /etc/sysctl.conf] ***
skipping: [localhost]

TASK [/stigforge/roles/rhel10_stig : Disable Kernel Parameter for Accepting Source-Routed Packets on IPv4 Interfaces by Default - Ensure sysctl net.ipv4.conf.default.accept_source_route is set] ***
skipping: [localhost]

TASK [/stigforge/roles/rhel10_stig : Enable Kernel Parameter to Log Martian Packets on all IPv4 Interfaces by Default - Set fact for sysctl paths] ***
skipping: [localhost]

TASK [/stigforge/roles/rhel10_stig : Enable Kernel Parameter to Log Martian Packets on all IPv4 Interfaces by Default - Find all files that contain net.ipv4.conf.default.log_martians] ***
skipping: [localhost]

TASK [/stigforge/roles/rhel10_stig : Enable Kernel Parameter to Log Martian Packets on all IPv4 Interfaces by Default - Find all files that set net.ipv4.conf.default.log_martians to correct value] ***
skipping: [localhost]

TASK [/stigforge/roles/rhel10_stig : Enable Kernel Parameter to Log Martian Packets on all IPv4 Interfaces by Default - Comment out any occurrences of net.ipv4.conf.default.log_martians from config files] ***
skipping: [localhost]

TASK [/stigforge/roles/rhel10_stig : Enable Kernel Parameter to Log Martian Packets on all IPv4 Interfaces by Default - Comment out any occurrences of net.ipv4.conf.default.log_martians from /etc/sysctl.conf] ***
skipping: [localhost]

TASK [/stigforge/roles/rhel10_stig : Enable Kernel Parameter to Log Martian Packets on all IPv4 Interfaces by Default - Ensure sysctl net.ipv4.conf.default.log_martians is set] ***
skipping: [localhost]

TASK [/stigforge/roles/rhel10_stig : Enable Kernel Parameter to Use Reverse Path Filtering on all IPv4 Interfaces by Default - Set fact for sysctl paths] ***
skipping: [localhost]

TASK [/stigforge/roles/rhel10_stig : Enable Kernel Parameter to Use Reverse Path Filtering on all IPv4 Interfaces by Default - Find all files that contain net.ipv4.conf.default.rp_filter] ***
skipping: [localhost]

TASK [/stigforge/roles/rhel10_stig : Enable Kernel Parameter to Use Reverse Path Filtering on all IPv4 Interfaces by Default - Find all files that set net.ipv4.conf.default.rp_filter to correct value] ***
skipping: [localhost]

TASK [/stigforge/roles/rhel10_stig : Enable Kernel Parameter to Use Reverse Path Filtering on all IPv4 Interfaces by Default - Comment out any occurrences of net.ipv4.conf.default.rp_filter from config files] ***
skipping: [localhost]

TASK [/stigforge/roles/rhel10_stig : Enable Kernel Parameter to Use Reverse Path Filtering on all IPv4 Interfaces by Default - Comment out any occurrences of net.ipv4.conf.default.rp_filter from /etc/sysctl.conf] ***
skipping: [localhost]

TASK [/stigforge/roles/rhel10_stig : Enable Kernel Parameter to Use Reverse Path Filtering on all IPv4 Interfaces by Default - Ensure sysctl net.ipv4.conf.default.rp_filter is set] ***
skipping: [localhost]

TASK [/stigforge/roles/rhel10_stig : Enable Kernel Parameter to Ignore ICMP Broadcast Echo Requests on IPv4 Interfaces - Set fact for sysctl paths] ***
skipping: [localhost]

TASK [/stigforge/roles/rhel10_stig : Enable Kernel Parameter to Ignore ICMP Broadcast Echo Requests on IPv4 Interfaces - Find all files that contain net.ipv4.icmp_echo_ignore_broadcasts] ***
skipping: [localhost]

TASK [/stigforge/roles/rhel10_stig : Enable Kernel Parameter to Ignore ICMP Broadcast Echo Requests on IPv4 Interfaces - Find all files that set net.ipv4.icmp_echo_ignore_broadcasts to correct value] ***
skipping: [localhost]

TASK [/stigforge/roles/rhel10_stig : Enable Kernel Parameter to Ignore ICMP Broadcast Echo Requests on IPv4 Interfaces - Comment out any occurrences of net.ipv4.icmp_echo_ignore_broadcasts from config files] ***
skipping: [localhost]

TASK [/stigforge/roles/rhel10_stig : Enable Kernel Parameter to Ignore ICMP Broadcast Echo Requests on IPv4 Interfaces - Comment out any occurrences of net.ipv4.icmp_echo_ignore_broadcasts from /etc/sysctl.conf] ***
skipping: [localhost]

TASK [/stigforge/roles/rhel10_stig : Enable Kernel Parameter to Ignore ICMP Broadcast Echo Requests on IPv4 Interfaces - Ensure sysctl net.ipv4.icmp_echo_ignore_broadcasts is set] ***
skipping: [localhost]

TASK [/stigforge/roles/rhel10_stig : Enable Kernel Parameter to Ignore Bogus ICMP Error Responses on IPv4 Interfaces - Set fact for sysctl paths] ***
skipping: [localhost]

TASK [/stigforge/roles/rhel10_stig : Enable Kernel Parameter to Ignore Bogus ICMP Error Responses on IPv4 Interfaces - Find all files that contain net.ipv4.icmp_ignore_bogus_error_responses] ***
skipping: [localhost]

TASK [/stigforge/roles/rhel10_stig : Enable Kernel Parameter to Ignore Bogus ICMP Error Responses on IPv4 Interfaces - Find all files that set net.ipv4.icmp_ignore_bogus_error_responses to correct value] ***
skipping: [localhost]

TASK [/stigforge/roles/rhel10_stig : Enable Kernel Parameter to Ignore Bogus ICMP Error Responses on IPv4 Interfaces - Comment out any occurrences of net.ipv4.icmp_ignore_bogus_error_responses from config files] ***
skipping: [localhost]

TASK [/stigforge/roles/rhel10_stig : Enable Kernel Parameter to Ignore Bogus ICMP Error Responses on IPv4 Interfaces - Comment out any occurrences of net.ipv4.icmp_ignore_bogus_error_responses from /etc/sysctl.conf] ***
skipping: [localhost]

TASK [/stigforge/roles/rhel10_stig : Enable Kernel Parameter to Ignore Bogus ICMP Error Responses on IPv4 Interfaces - Ensure sysctl net.ipv4.icmp_ignore_bogus_error_responses is set] ***
skipping: [localhost]

TASK [/stigforge/roles/rhel10_stig : Enable Kernel Parameter to Use TCP Syncookies on Network Interfaces - Set fact for sysctl paths] ***
skipping: [localhost]

TASK [/stigforge/roles/rhel10_stig : Enable Kernel Parameter to Use TCP Syncookies on Network Interfaces - Find all files that contain net.ipv4.tcp_syncookies] ***
skipping: [localhost]

TASK [/stigforge/roles/rhel10_stig : Enable Kernel Parameter to Use TCP Syncookies on Network Interfaces - Find all files that set net.ipv4.tcp_syncookies to correct value] ***
skipping: [localhost]

TASK [/stigforge/roles/rhel10_stig : Enable Kernel Parameter to Use TCP Syncookies on Network Interfaces - Comment out any occurrences of net.ipv4.tcp_syncookies from config files] ***
skipping: [localhost]

TASK [/stigforge/roles/rhel10_stig : Enable Kernel Parameter to Use TCP Syncookies on Network Interfaces - Comment out any occurrences of net.ipv4.tcp_syncookies from /etc/sysctl.conf] ***
skipping: [localhost]

TASK [/stigforge/roles/rhel10_stig : Enable Kernel Parameter to Use TCP Syncookies on Network Interfaces - Ensure sysctl net.ipv4.tcp_syncookies is set] ***
skipping: [localhost]

TASK [/stigforge/roles/rhel10_stig : Disable Kernel Parameter for Sending ICMP Redirects on all IPv4 Interfaces - Set fact for sysctl paths] ***
skipping: [localhost]

TASK [/stigforge/roles/rhel10_stig : Disable Kernel Parameter for Sending ICMP Redirects on all IPv4 Interfaces - Find all files that contain net.ipv4.conf.all.send_redirects] ***
skipping: [localhost]

TASK [/stigforge/roles/rhel10_stig : Disable Kernel Parameter for Sending ICMP Redirects on all IPv4 Interfaces - Find all files that set net.ipv4.conf.all.send_redirects to correct value] ***
skipping: [localhost]

TASK [/stigforge/roles/rhel10_stig : Disable Kernel Parameter for Sending ICMP Redirects on all IPv4 Interfaces - Comment out any occurrences of net.ipv4.conf.all.send_redirects from config files] ***
skipping: [localhost]

TASK [/stigforge/roles/rhel10_stig : Disable Kernel Parameter for Sending ICMP Redirects on all IPv4 Interfaces - Comment out any occurrences of net.ipv4.conf.all.send_redirects from /etc/sysctl.conf] ***
skipping: [localhost]

TASK [/stigforge/roles/rhel10_stig : Disable Kernel Parameter for Sending ICMP Redirects on all IPv4 Interfaces - Ensure sysctl net.ipv4.conf.all.send_redirects is set to 0] ***
skipping: [localhost]

TASK [/stigforge/roles/rhel10_stig : Disable Kernel Parameter for Sending ICMP Redirects on all IPv4 Interfaces by Default - Set fact for sysctl paths] ***
skipping: [localhost]

TASK [/stigforge/roles/rhel10_stig : Disable Kernel Parameter for Sending ICMP Redirects on all IPv4 Interfaces by Default - Find all files that contain net.ipv4.conf.default.send_redirects] ***
skipping: [localhost]

TASK [/stigforge/roles/rhel10_stig : Disable Kernel Parameter for Sending ICMP Redirects on all IPv4 Interfaces by Default - Find all files that set net.ipv4.conf.default.send_redirects to correct value] ***
skipping: [localhost]

TASK [/stigforge/roles/rhel10_stig : Disable Kernel Parameter for Sending ICMP Redirects on all IPv4 Interfaces by Default - Comment out any occurrences of net.ipv4.conf.default.send_redirects from config files] ***
skipping: [localhost]

TASK [/stigforge/roles/rhel10_stig : Disable Kernel Parameter for Sending ICMP Redirects on all IPv4 Interfaces by Default - Comment out any occurrences of net.ipv4.conf.default.send_redirects from /etc/sysctl.conf] ***
skipping: [localhost]

TASK [/stigforge/roles/rhel10_stig : Disable Kernel Parameter for Sending ICMP Redirects on all IPv4 Interfaces by Default - Ensure sysctl net.ipv4.conf.default.send_redirects is set to 0] ***
skipping: [localhost]

TASK [/stigforge/roles/rhel10_stig : Ensure kernel module 'can' is disabled] ***
skipping: [localhost]

TASK [/stigforge/roles/rhel10_stig : Ensure kernel module 'can' is blacklisted] ***
skipping: [localhost]

TASK [/stigforge/roles/rhel10_stig : Ensure kernel module 'sctp' is disabled] ***
skipping: [localhost]

TASK [/stigforge/roles/rhel10_stig : Ensure kernel module 'sctp' is blacklisted] ***
skipping: [localhost]

TASK [/stigforge/roles/rhel10_stig : Ensure kernel module 'tipc' is disabled] ***
skipping: [localhost]

TASK [/stigforge/roles/rhel10_stig : Ensure kernel module 'tipc' is blacklisted] ***
skipping: [localhost]

TASK [/stigforge/roles/rhel10_stig : Ensure kernel module 'bluetooth' is disabled] ***
skipping: [localhost]

TASK [/stigforge/roles/rhel10_stig : Ensure kernel module 'bluetooth' is blacklisted] ***
skipping: [localhost]

TASK [/stigforge/roles/rhel10_stig : Deactivate Wireless Network Interfaces - NetworkManager Deactivate Wireless Network Interfaces] ***
skipping: [localhost]

TASK [/stigforge/roles/rhel10_stig : NetworkManager DNS Mode Must Be Must Configured - Search for a section in files] ***
skipping: [localhost] => (item={'path': '/etc/NetworkManager', 'pattern': 'NetworkManager\\.conf'}) 
skipping: [localhost] => (item={'path': '/etc/NetworkManager/conf.d', 'pattern': '.*\\.conf'}) 
skipping: [localhost]

TASK [/stigforge/roles/rhel10_stig : NetworkManager DNS Mode Must Be Must Configured - Count number of files which contain the correct section] ***
skipping: [localhost]

TASK [/stigforge/roles/rhel10_stig : NetworkManager DNS Mode Must Be Must Configured - Add missing configuration to correct section] ***
skipping: [localhost]

TASK [/stigforge/roles/rhel10_stig : NetworkManager DNS Mode Must Be Must Configured - Add configuration to new remediation file] ***
skipping: [localhost]

TASK [/stigforge/roles/rhel10_stig : Ensure All World-Writable Directories Are Owned by root User - Define Excluded (Non-Local) File Systems and Paths] ***
ok: [localhost]

TASK [/stigforge/roles/rhel10_stig : Ensure All World-Writable Directories Are Owned by root User - Find Relevant Root Directories Ignoring Pre-Defined Excluded Paths] ***
ok: [localhost]

TASK [/stigforge/roles/rhel10_stig : Ensure All World-Writable Directories Are Owned by root User - Include Relevant Root Directories in a List of Paths to be Searched] ***
ok: [localhost] => (item={'path': '/opt', 'mode': '0755', 'isdir': True, 'ischr': False, 'isblk': False, 'isreg': False, 'isfifo': False, 'islnk': False, 'issock': False, 'uid': 0, 'gid': 0, 'size': 4096, 'inode': 18900414, 'dev': 209, 'nlink': 2, 'atime': 1788514047.722894, 'mtime': 1743552000.0, 'ctime': 1788514047.7149673, 'gr_name': 'root', 'pw_name': 'root', 'wusr': True, 'rusr': True, 'xusr': True, 'wgrp': False, 'rgrp': True, 'xgrp': True, 'woth': False, 'roth': True, 'xoth': True, 'isuid': False, 'isgid': False})
ok: [localhost] => (item={'path': '/usr', 'mode': '0755', 'isdir': True, 'ischr': False, 'isblk': False, 'isreg': False, 'isfifo': False, 'islnk': False, 'issock': False, 'uid': 0, 'gid': 0, 'size': 4096, 'inode': 20743286, 'dev': 209, 'nlink': 1, 'atime': 1789216026.4156687, 'mtime': 1788346084.0, 'ctime': 1789216380.1781073, 'gr_name': 'root', 'pw_name': 'root', 'wusr': True, 'rusr': True, 'xusr': True, 'wgrp': False, 'rgrp': True, 'xgrp': True, 'woth': False, 'roth': True, 'xoth': True, 'isuid': False, 'isgid': False})
ok: [localhost] => (item={'path': '/tmp', 'mode': '1777', 'isdir': True, 'ischr': False, 'isblk': False, 'isreg': False, 'isfifo': False, 'islnk': False, 'issock': False, 'uid': 0, 'gid': 0, 'size': 4096, 'inode': 18900443, 'dev': 209, 'nlink': 1, 'atime': 1789216419.4537022, 'mtime': 1789216419.4517024, 'ctime': 1789216419.4517024, 'gr_name': 'root', 'pw_name': 'root', 'wusr': True, 'rusr': True, 'xusr': True, 'wgrp': True, 'rgrp': True, 'xgrp': True, 'woth': True, 'roth': True, 'xoth': True, 'isuid': False, 'isgid': False})
ok: [localhost] => (item={'path': '/root', 'mode': '0550', 'isdir': True, 'ischr': False, 'isblk': False, 'isreg': False, 'isfifo': False, 'islnk': False, 'issock': False, 'uid': 0, 'gid': 0, 'size': 4096, 'inode': 20743244, 'dev': 209, 'nlink': 1, 'atime': 1789216026.4156687, 'mtime': 1789216376.343049, 'ctime': 1789216376.343049, 'gr_name': 'root', 'pw_name': 'root', 'wusr': False, 'rusr': True, 'xusr': True, 'wgrp': False, 'rgrp': True, 'xgrp': True, 'woth': False, 'roth': False, 'xoth': False, 'isuid': False, 'isgid': False})
ok: [localhost] => (item={'path': '/home', 'mode': '0755', 'isdir': True, 'ischr': False, 'isblk': False, 'isreg': False, 'isfifo': False, 'islnk': False, 'issock': False, 'uid': 0, 'gid': 0, 'size': 4096, 'inode': 18900409, 'dev': 209, 'nlink': 2, 'atime': 1788514047.722894, 'mtime': 1743552000.0, 'ctime': 1788514047.7149673, 'gr_name': 'root', 'pw_name': 'root', 'wusr': True, 'rusr': True, 'xusr': True, 'wgrp': False, 'rgrp': True, 'xgrp': True, 'woth': False, 'roth': True, 'xoth': True, 'isuid': False, 'isgid': False})
ok: [localhost] => (item={'path': '/mnt', 'mode': '0755', 'isdir': True, 'ischr': False, 'isblk': False, 'isreg': False, 'isfifo': False, 'islnk': False, 'issock': False, 'uid': 0, 'gid': 0, 'size': 4096, 'inode': 18900413, 'dev': 209, 'nlink': 2, 'atime': 1788514047.722894, 'mtime': 1743552000.0, 'ctime': 1788514047.7149673, 'gr_name': 'root', 'pw_name': 'root', 'wusr': True, 'rusr': True, 'xusr': True, 'wgrp': False, 'rgrp': True, 'xgrp': True, 'woth': False, 'roth': True, 'xoth': True, 'isuid': False, 'isgid': False})
ok: [localhost] => (item={'path': '/var', 'mode': '0755', 'isdir': True, 'ischr': False, 'isblk': False, 'isreg': False, 'isfifo': False, 'islnk': False, 'issock': False, 'uid': 0, 'gid': 0, 'size': 4096, 'inode': 19018660, 'dev': 209, 'nlink': 1, 'atime': 1788514065.623261, 'mtime': 1788346092.0, 'ctime': 1789216380.739116, 'gr_name': 'root', 'pw_name': 'root', 'wusr': True, 'rusr': True, 'xusr': True, 'wgrp': False, 'rgrp': True, 'xgrp': True, 'woth': False, 'roth': True, 'xoth': True, 'isuid': False, 'isgid': False})
ok: [localhost] => (item={'path': '/afs', 'mode': '0555', 'isdir': True, 'ischr': False, 'isblk': False, 'isreg': False, 'isfifo': False, 'islnk': False, 'issock': False, 'uid': 0, 'gid': 0, 'size': 4096, 'inode': 18899299, 'dev': 209, 'nlink': 2, 'atime': 1788514047.7208939, 'mtime': 1743552000.0, 'ctime': 1788514047.7149673, 'gr_name': 'root', 'pw_name': 'root', 'wusr': False, 'rusr': True, 'xusr': True, 'wgrp': False, 'rgrp': True, 'xgrp': True, 'woth': False, 'roth': True, 'xoth': True, 'isuid': False, 'isgid': False})
ok: [localhost] => (item={'path': '/srv', 'mode': '0755', 'isdir': True, 'ischr': False, 'isblk': False, 'isreg': False, 'isfifo': False, 'islnk': False, 'issock': False, 'uid': 0, 'gid': 0, 'size': 4096, 'inode': 18900441, 'dev': 209, 'nlink': 2, 'atime': 1788514047.722894, 'mtime': 1743552000.0, 'ctime': 1788514047.7149673, 'gr_name': 'root', 'pw_name': 'root', 'wusr': True, 'rusr': True, 'xusr': True, 'wgrp': False, 'rgrp': True, 'xgrp': True, 'woth': False, 'roth': True, 'xoth': True, 'isuid': False, 'isgid': False})
ok: [localhost] => (item={'path': '/etc', 'mode': '0755', 'isdir': True, 'ischr': False, 'isblk': False, 'isreg': False, 'isfifo': False, 'islnk': False, 'issock': False, 'uid': 0, 'gid': 0, 'size': 4096, 'inode': 20847238, 'dev': 209, 'nlink': 1, 'atime': 1789216374.5900226, 'mtime': 1789216414.6721933, 'ctime': 1789216414.6721933, 'gr_name': 'root', 'pw_name': 'root', 'wusr': True, 'rusr': True, 'xusr': True, 'wgrp': False, 'rgrp': True, 'xgrp': True, 'woth': False, 'roth': True, 'xoth': True, 'isuid': False, 'isgid': False})
ok: [localhost] => (item={'path': '/media', 'mode': '0755', 'isdir': True, 'ischr': False, 'isblk': False, 'isreg': False, 'isfifo': False, 'islnk': False, 'issock': False, 'uid': 0, 'gid': 0, 'size': 4096, 'inode': 18900412, 'dev': 209, 'nlink': 2, 'atime': 1788514047.722894, 'mtime': 1743552000.0, 'ctime': 1788514047.7149673, 'gr_name': 'root', 'pw_name': 'root', 'wusr': True, 'rusr': True, 'xusr': True, 'wgrp': False, 'rgrp': True, 'xgrp': True, 'woth': False, 'roth': True, 'xoth': True, 'isuid': False, 'isgid': False})
ok: [localhost] => (item={'path': '/stigforge', 'mode': '0755', 'isdir': True, 'ischr': False, 'isblk': False, 'isreg': False, 'isfifo': False, 'islnk': False, 'issock': False, 'uid': 0, 'gid': 0, 'size': 4096, 'inode': 20743278, 'dev': 209, 'nlink': 1, 'atime': 1789216374.748025, 'mtime': 1789216374.6792517, 'ctime': 1789216375.8340414, 'gr_name': 'root', 'pw_name': 'root', 'wusr': True, 'rusr': True, 'xusr': True, 'wgrp': False, 'rgrp': True, 'xgrp': True, 'woth': False, 'roth': True, 'xoth': True, 'isuid': False, 'isgid': False})

TASK [/stigforge/roles/rhel10_stig : Ensure All World-Writable Directories Are Owned by root User - Increment Search Paths List with Local Partitions Mount Points] ***
ok: [localhost] => (item={'mount': '/stigforge/artifacts', 'device': '/dev/nvme0n1p2', 'fstype': 'ext4', 'options': 'rw,relatime,bind', 'dump': 0, 'passno': 0, 'size_total': 1005867986944, 'size_available': 483572850688, 'block_size': 4096, 'block_total': 245573239, 'block_available': 118059778, 'block_used': 127513461, 'inode_total': 62447616, 'inode_available': 59703050, 'inode_used': 2744566, 'uuid': 'N/A'})
ok: [localhost] => (item={'mount': '/stigforge/roles', 'device': '/dev/nvme0n1p2', 'fstype': 'ext4', 'options': 'ro,relatime,bind', 'dump': 0, 'passno': 0, 'size_total': 1005867986944, 'size_available': 483572850688, 'block_size': 4096, 'block_total': 245573239, 'block_available': 118059778, 'block_used': 127513461, 'inode_total': 62447616, 'inode_available': 59703050, 'inode_used': 2744566, 'uuid': 'N/A'})
ok: [localhost] => (item={'mount': '/stigforge/policy', 'device': '/dev/nvme0n1p2', 'fstype': 'ext4', 'options': 'ro,relatime,bind', 'dump': 0, 'passno': 0, 'size_total': 1005867986944, 'size_available': 483572850688, 'block_size': 4096, 'block_total': 245573239, 'block_available': 118059778, 'block_used': 127513461, 'inode_total': 62447616, 'inode_available': 59703050, 'inode_used': 2744566, 'uuid': 'N/A'})
ok: [localhost] => (item={'mount': '/stigforge/generator', 'device': '/dev/nvme0n1p2', 'fstype': 'ext4', 'options': 'ro,relatime,bind', 'dump': 0, 'passno': 0, 'size_total': 1005867986944, 'size_available': 483572850688, 'block_size': 4096, 'block_total': 245573239, 'block_available': 118059778, 'block_used': 127513461, 'inode_total': 62447616, 'inode_available': 59703050, 'inode_used': 2744566, 'uuid': 'N/A'})
ok: [localhost] => (item={'mount': '/stigforge/pyproject.toml', 'device': '/dev/nvme0n1p2', 'fstype': 'ext4', 'options': 'ro,relatime,bind', 'dump': 0, 'passno': 0, 'size_total': 1005867986944, 'size_available': 483572850688, 'block_size': 4096, 'block_total': 245573239, 'block_available': 118059778, 'block_used': 127513461, 'inode_total': 62447616, 'inode_available': 59703050, 'inode_used': 2744566, 'uuid': 'N/A'})
ok: [localhost] => (item={'mount': '/etc/resolv.conf', 'device': '/dev/nvme0n1p2', 'fstype': 'ext4', 'options': 'rw,relatime,bind', 'dump': 0, 'passno': 0, 'size_total': 1005867986944, 'size_available': 483572850688, 'block_size': 4096, 'block_total': 245573239, 'block_available': 118059778, 'block_used': 127513461, 'inode_total': 62447616, 'inode_available': 59703050, 'inode_used': 2744566, 'uuid': 'N/A'})
ok: [localhost] => (item={'mount': '/etc/hostname', 'device': '/dev/nvme0n1p2', 'fstype': 'ext4', 'options': 'rw,relatime,bind', 'dump': 0, 'passno': 0, 'size_total': 1005867986944, 'size_available': 483572850688, 'block_size': 4096, 'block_total': 245573239, 'block_available': 118059778, 'block_used': 127513461, 'inode_total': 62447616, 'inode_available': 59703050, 'inode_used': 2744566, 'uuid': 'N/A'})
ok: [localhost] => (item={'mount': '/etc/hosts', 'device': '/dev/nvme0n1p2', 'fstype': 'ext4', 'options': 'rw,relatime,bind', 'dump': 0, 'passno': 0, 'size_total': 1005867986944, 'size_available': 483572850688, 'block_size': 4096, 'block_total': 245573239, 'block_available': 118059778, 'block_used': 127513461, 'inode_total': 62447616, 'inode_available': 59703050, 'inode_used': 2744566, 'uuid': 'N/A'})

TASK [/stigforge/roles/rhel10_stig : Ensure All World-Writable Directories Are Owned by root User - Increment Search Paths List with Local NFS File System Targets] ***
skipping: [localhost] => (item={'mount': '/stigforge/artifacts', 'device': '/dev/nvme0n1p2', 'fstype': 'ext4', 'options': 'rw,relatime,bind', 'dump': 0, 'passno': 0, 'size_total': 1005867986944, 'size_available': 483572850688, 'block_size': 4096, 'block_total': 245573239, 'block_available': 118059778, 'block_used': 127513461, 'inode_total': 62447616, 'inode_available': 59703050, 'inode_used': 2744566, 'uuid': 'N/A'}) 
skipping: [localhost] => (item={'mount': '/stigforge/roles', 'device': '/dev/nvme0n1p2', 'fstype': 'ext4', 'options': 'ro,relatime,bind', 'dump': 0, 'passno': 0, 'size_total': 1005867986944, 'size_available': 483572850688, 'block_size': 4096, 'block_total': 245573239, 'block_available': 118059778, 'block_used': 127513461, 'inode_total': 62447616, 'inode_available': 59703050, 'inode_used': 2744566, 'uuid': 'N/A'}) 
skipping: [localhost] => (item={'mount': '/stigforge/policy', 'device': '/dev/nvme0n1p2', 'fstype': 'ext4', 'options': 'ro,relatime,bind', 'dump': 0, 'passno': 0, 'size_total': 1005867986944, 'size_available': 483572850688, 'block_size': 4096, 'block_total': 245573239, 'block_available': 118059778, 'block_used': 127513461, 'inode_total': 62447616, 'inode_available': 59703050, 'inode_used': 2744566, 'uuid': 'N/A'}) 
skipping: [localhost] => (item={'mount': '/stigforge/generator', 'device': '/dev/nvme0n1p2', 'fstype': 'ext4', 'options': 'ro,relatime,bind', 'dump': 0, 'passno': 0, 'size_total': 1005867986944, 'size_available': 483572850688, 'block_size': 4096, 'block_total': 245573239, 'block_available': 118059778, 'block_used': 127513461, 'inode_total': 62447616, 'inode_available': 59703050, 'inode_used': 2744566, 'uuid': 'N/A'}) 
skipping: [localhost] => (item={'mount': '/stigforge/pyproject.toml', 'device': '/dev/nvme0n1p2', 'fstype': 'ext4', 'options': 'ro,relatime,bind', 'dump': 0, 'passno': 0, 'size_total': 1005867986944, 'size_available': 483572850688, 'block_size': 4096, 'block_total': 245573239, 'block_available': 118059778, 'block_used': 127513461, 'inode_total': 62447616, 'inode_available': 59703050, 'inode_used': 2744566, 'uuid': 'N/A'}) 
skipping: [localhost] => (item={'mount': '/etc/resolv.conf', 'device': '/dev/nvme0n1p2', 'fstype': 'ext4', 'options': 'rw,relatime,bind', 'dump': 0, 'passno': 0, 'size_total': 1005867986944, 'size_available': 483572850688, 'block_size': 4096, 'block_total': 245573239, 'block_available': 118059778, 'block_used': 127513461, 'inode_total': 62447616, 'inode_available': 59703050, 'inode_used': 2744566, 'uuid': 'N/A'}) 
skipping: [localhost] => (item={'mount': '/etc/hostname', 'device': '/dev/nvme0n1p2', 'fstype': 'ext4', 'options': 'rw,relatime,bind', 'dump': 0, 'passno': 0, 'size_total': 1005867986944, 'size_available': 483572850688, 'block_size': 4096, 'block_total': 245573239, 'block_available': 118059778, 'block_used': 127513461, 'inode_total': 62447616, 'inode_available': 59703050, 'inode_used': 2744566, 'uuid': 'N/A'}) 
skipping: [localhost] => (item={'mount': '/etc/hosts', 'device': '/dev/nvme0n1p2', 'fstype': 'ext4', 'options': 'rw,relatime,bind', 'dump': 0, 'passno': 0, 'size_total': 1005867986944, 'size_available': 483572850688, 'block_size': 4096, 'block_total': 245573239, 'block_available': 118059778, 'block_used': 127513461, 'inode_total': 62447616, 'inode_available': 59703050, 'inode_used': 2744566, 'uuid': 'N/A'}) 
skipping: [localhost]

TASK [/stigforge/roles/rhel10_stig : Ensure All World-Writable Directories Are Owned by root User - Define Rule Specific Facts] ***
ok: [localhost]

TASK [/stigforge/roles/rhel10_stig : Ensure All World-Writable Directories Are Owned by root User - Find All Uncompliant Directories in Local File Systems] ***
ok: [localhost] => (item=/stigforge/artifacts)
ok: [localhost] => (item=/etc/resolv.conf)
ok: [localhost] => (item=/var)
ok: [localhost] => (item=/mnt)
ok: [localhost] => (item=/media)
ok: [localhost] => (item=/tmp)
ok: [localhost] => (item=/stigforge/generator)
ok: [localhost] => (item=/usr)
ok: [localhost] => (item=/stigforge)
ok: [localhost] => (item=/root)
ok: [localhost] => (item=/afs)
ok: [localhost] => (item=/etc/hosts)
ok: [localhost] => (item=/srv)
ok: [localhost] => (item=/stigforge/pyproject.toml)
ok: [localhost] => (item=/home)
ok: [localhost] => (item=/etc)
ok: [localhost] => (item=/opt)
ok: [localhost] => (item=/etc/hostname)
ok: [localhost] => (item=/stigforge/policy)
ok: [localhost] => (item=/stigforge/roles)

TASK [/stigforge/roles/rhel10_stig : Ensure All World-Writable Directories Are Owned by root User - Create List of World Writable Directories Not Owned by root] ***
ok: [localhost] => (item={'changed': False, 'stdout': '', 'stderr': '', 'rc': 0, 'cmd': ['find', '/stigforge/artifacts', '-xdev', '-type', 'd', '-perm', '-0002', '-uid', '+0'], 'start': '2026-09-12 12:33:39.879651', 'end': '2026-09-12 12:33:39.882309', 'delta': '0:00:00.002658', 'msg': '', 'invocation': {'module_args': {'_raw_params': 'find /stigforge/artifacts -xdev -type d -perm -0002 -uid +0', '_uses_shell': False, 'expand_argument_vars': True, 'stdin_add_newline': True, 'strip_empty_ends': True, 'argv': None, 'chdir': None, 'executable': None, 'creates': None, 'removes': None, 'stdin': None}}, 'stdout_lines': [], 'stderr_lines': [], 'failed': False, 'item': '/stigforge/artifacts', 'ansible_loop_var': 'item'})
ok: [localhost] => (item={'changed': False, 'stdout': '', 'stderr': '', 'rc': 0, 'cmd': ['find', '/etc/resolv.conf', '-xdev', '-type', 'd', '-perm', '-0002', '-uid', '+0'], 'start': '2026-09-12 12:33:40.008400', 'end': '2026-09-12 12:33:40.010845', 'delta': '0:00:00.002445', 'msg': '', 'invocation': {'module_args': {'_raw_params': 'find /etc/resolv.conf -xdev -type d -perm -0002 -uid +0', '_uses_shell': False, 'expand_argument_vars': True, 'stdin_add_newline': True, 'strip_empty_ends': True, 'argv': None, 'chdir': None, 'executable': None, 'creates': None, 'removes': None, 'stdin': None}}, 'stdout_lines': [], 'stderr_lines': [], 'failed': False, 'item': '/etc/resolv.conf', 'ansible_loop_var': 'item'})
ok: [localhost] => (item={'changed': False, 'stdout': '', 'stderr': '', 'rc': 0, 'cmd': ['find', '/var', '-xdev', '-type', 'd', '-perm', '-0002', '-uid', '+0'], 'start': '2026-09-12 12:33:40.134187', 'end': '2026-09-12 12:33:40.137510', 'delta': '0:00:00.003323', 'msg': '', 'invocation': {'module_args': {'_raw_params': 'find /var -xdev -type d -perm -0002 -uid +0', '_uses_shell': False, 'expand_argument_vars': True, 'stdin_add_newline': True, 'strip_empty_ends': True, 'argv': None, 'chdir': None, 'executable': None, 'creates': None, 'removes': None, 'stdin': None}}, 'stdout_lines': [], 'stderr_lines': [], 'failed': False, 'item': '/var', 'ansible_loop_var': 'item'})
ok: [localhost] => (item={'changed': False, 'stdout': '', 'stderr': '', 'rc': 0, 'cmd': ['find', '/mnt', '-xdev', '-type', 'd', '-perm', '-0002', '-uid', '+0'], 'start': '2026-09-12 12:33:40.263652', 'end': '2026-09-12 12:33:40.265739', 'delta': '0:00:00.002087', 'msg': '', 'invocation': {'module_args': {'_raw_params': 'find /mnt -xdev -type d -perm -0002 -uid +0', '_uses_shell': False, 'expand_argument_vars': True, 'stdin_add_newline': True, 'strip_empty_ends': True, 'argv': None, 'chdir': None, 'executable': None, 'creates': None, 'removes': None, 'stdin': None}}, 'stdout_lines': [], 'stderr_lines': [], 'failed': False, 'item': '/mnt', 'ansible_loop_var': 'item'})
ok: [localhost] => (item={'changed': False, 'stdout': '', 'stderr': '', 'rc': 0, 'cmd': ['find', '/media', '-xdev', '-type', 'd', '-perm', '-0002', '-uid', '+0'], 'start': '2026-09-12 12:33:40.392660', 'end': '2026-09-12 12:33:40.394770', 'delta': '0:00:00.002110', 'msg': '', 'invocation': {'module_args': {'_raw_params': 'find /media -xdev -type d -perm -0002 -uid +0', '_uses_shell': False, 'expand_argument_vars': True, 'stdin_add_newline': True, 'strip_empty_ends': True, 'argv': None, 'chdir': None, 'executable': None, 'creates': None, 'removes': None, 'stdin': None}}, 'stdout_lines': [], 'stderr_lines': [], 'failed': False, 'item': '/media', 'ansible_loop_var': 'item'})
ok: [localhost] => (item={'changed': False, 'stdout': '', 'stderr': '', 'rc': 0, 'cmd': ['find', '/tmp', '-xdev', '-type', 'd', '-perm', '-0002', '-uid', '+0'], 'start': '2026-09-12 12:33:40.521086', 'end': '2026-09-12 12:33:40.523510', 'delta': '0:00:00.002424', 'msg': '', 'invocation': {'module_args': {'_raw_params': 'find /tmp -xdev -type d -perm -0002 -uid +0', '_uses_shell': False, 'expand_argument_vars': True, 'stdin_add_newline': True, 'strip_empty_ends': True, 'argv': None, 'chdir': None, 'executable': None, 'creates': None, 'removes': None, 'stdin': None}}, 'stdout_lines': [], 'stderr_lines': [], 'failed': False, 'item': '/tmp', 'ansible_loop_var': 'item'})
ok: [localhost] => (item={'changed': False, 'stdout': '', 'stderr': '', 'rc': 0, 'cmd': ['find', '/stigforge/generator', '-xdev', '-type', 'd', '-perm', '-0002', '-uid', '+0'], 'start': '2026-09-12 12:33:40.653717', 'end': '2026-09-12 12:33:40.656539', 'delta': '0:00:00.002822', 'msg': '', 'invocation': {'module_args': {'_raw_params': 'find /stigforge/generator -xdev -type d -perm -0002 -uid +0', '_uses_shell': False, 'expand_argument_vars': True, 'stdin_add_newline': True, 'strip_empty_ends': True, 'argv': None, 'chdir': None, 'executable': None, 'creates': None, 'removes': None, 'stdin': None}}, 'stdout_lines': [], 'stderr_lines': [], 'failed': False, 'item': '/stigforge/generator', 'ansible_loop_var': 'item'})
ok: [localhost] => (item={'changed': False, 'stdout': '', 'stderr': '', 'rc': 0, 'cmd': ['find', '/usr', '-xdev', '-type', 'd', '-perm', '-0002', '-uid', '+0'], 'start': '2026-09-12 12:33:40.783092', 'end': '2026-09-12 12:33:40.809846', 'delta': '0:00:00.026754', 'msg': '', 'invocation': {'module_args': {'_raw_params': 'find /usr -xdev -type d -perm -0002 -uid +0', '_uses_shell': False, 'expand_argument_vars': True, 'stdin_add_newline': True, 'strip_empty_ends': True, 'argv': None, 'chdir': None, 'executable': None, 'creates': None, 'removes': None, 'stdin': None}}, 'stdout_lines': [], 'stderr_lines': [], 'failed': False, 'item': '/usr', 'ansible_loop_var': 'item'})
ok: [localhost] => (item={'changed': False, 'stdout': '', 'stderr': '', 'rc': 0, 'cmd': ['find', '/stigforge', '-xdev', '-type', 'd', '-perm', '-0002', '-uid', '+0'], 'start': '2026-09-12 12:33:40.937162', 'end': '2026-09-12 12:33:40.939679', 'delta': '0:00:00.002517', 'msg': '', 'invocation': {'module_args': {'_raw_params': 'find /stigforge -xdev -type d -perm -0002 -uid +0', '_uses_shell': False, 'expand_argument_vars': True, 'stdin_add_newline': True, 'strip_empty_ends': True, 'argv': None, 'chdir': None, 'executable': None, 'creates': None, 'removes': None, 'stdin': None}}, 'stdout_lines': [], 'stderr_lines': [], 'failed': False, 'item': '/stigforge', 'ansible_loop_var': 'item'})
ok: [localhost] => (item={'changed': False, 'stdout': '', 'stderr': '', 'rc': 0, 'cmd': ['find', '/root', '-xdev', '-type', 'd', '-perm', '-0002', '-uid', '+0'], 'start': '2026-09-12 12:33:41.063925', 'end': '2026-09-12 12:33:41.067068', 'delta': '0:00:00.003143', 'msg': '', 'invocation': {'module_args': {'_raw_params': 'find /root -xdev -type d -perm -0002 -uid +0', '_uses_shell': False, 'expand_argument_vars': True, 'stdin_add_newline': True, 'strip_empty_ends': True, 'argv': None, 'chdir': None, 'executable': None, 'creates': None, 'removes': None, 'stdin': None}}, 'stdout_lines': [], 'stderr_lines': [], 'failed': False, 'item': '/root', 'ansible_loop_var': 'item'})
ok: [localhost] => (item={'changed': False, 'stdout': '', 'stderr': '', 'rc': 0, 'cmd': ['find', '/afs', '-xdev', '-type', 'd', '-perm', '-0002', '-uid', '+0'], 'start': '2026-09-12 12:33:41.190631', 'end': '2026-09-12 12:33:41.193036', 'delta': '0:00:00.002405', 'msg': '', 'invocation': {'module_args': {'_raw_params': 'find /afs -xdev -type d -perm -0002 -uid +0', '_uses_shell': False, 'expand_argument_vars': True, 'stdin_add_newline': True, 'strip_empty_ends': True, 'argv': None, 'chdir': None, 'executable': None, 'creates': None, 'removes': None, 'stdin': None}}, 'stdout_lines': [], 'stderr_lines': [], 'failed': False, 'item': '/afs', 'ansible_loop_var': 'item'})
ok: [localhost] => (item={'changed': False, 'stdout': '', 'stderr': '', 'rc': 0, 'cmd': ['find', '/etc/hosts', '-xdev', '-type', 'd', '-perm', '-0002', '-uid', '+0'], 'start': '2026-09-12 12:33:41.322844', 'end': '2026-09-12 12:33:41.325075', 'delta': '0:00:00.002231', 'msg': '', 'invocation': {'module_args': {'_raw_params': 'find /etc/hosts -xdev -type d -perm -0002 -uid +0', '_uses_shell': False, 'expand_argument_vars': True, 'stdin_add_newline': True, 'strip_empty_ends': True, 'argv': None, 'chdir': None, 'executable': None, 'creates': None, 'removes': None, 'stdin': None}}, 'stdout_lines': [], 'stderr_lines': [], 'failed': False, 'item': '/etc/hosts', 'ansible_loop_var': 'item'})
ok: [localhost] => (item={'changed': False, 'stdout': '', 'stderr': '', 'rc': 0, 'cmd': ['find', '/srv', '-xdev', '-type', 'd', '-perm', '-0002', '-uid', '+0'], 'start': '2026-09-12 12:33:41.447152', 'end': '2026-09-12 12:33:41.449699', 'delta': '0:00:00.002547', 'msg': '', 'invocation': {'module_args': {'_raw_params': 'find /srv -xdev -type d -perm -0002 -uid +0', '_uses_shell': False, 'expand_argument_vars': True, 'stdin_add_newline': True, 'strip_empty_ends': True, 'argv': None, 'chdir': None, 'executable': None, 'creates': None, 'removes': None, 'stdin': None}}, 'stdout_lines': [], 'stderr_lines': [], 'failed': False, 'item': '/srv', 'ansible_loop_var': 'item'})
ok: [localhost] => (item={'changed': False, 'stdout': '', 'stderr': '', 'rc': 0, 'cmd': ['find', '/stigforge/pyproject.toml', '-xdev', '-type', 'd', '-perm', '-0002', '-uid', '+0'], 'start': '2026-09-12 12:33:41.572189', 'end': '2026-09-12 12:33:41.574593', 'delta': '0:00:00.002404', 'msg': '', 'invocation': {'module_args': {'_raw_params': 'find /stigforge/pyproject.toml -xdev -type d -perm -0002 -uid +0', '_uses_shell': False, 'expand_argument_vars': True, 'stdin_add_newline': True, 'strip_empty_ends': True, 'argv': None, 'chdir': None, 'executable': None, 'creates': None, 'removes': None, 'stdin': None}}, 'stdout_lines': [], 'stderr_lines': [], 'failed': False, 'item': '/stigforge/pyproject.toml', 'ansible_loop_var': 'item'})
ok: [localhost] => (item={'changed': False, 'stdout': '', 'stderr': '', 'rc': 0, 'cmd': ['find', '/home', '-xdev', '-type', 'd', '-perm', '-0002', '-uid', '+0'], 'start': '2026-09-12 12:33:41.699826', 'end': '2026-09-12 12:33:41.702539', 'delta': '0:00:00.002713', 'msg': '', 'invocation': {'module_args': {'_raw_params': 'find /home -xdev -type d -perm -0002 -uid +0', '_uses_shell': False, 'expand_argument_vars': True, 'stdin_add_newline': True, 'strip_empty_ends': True, 'argv': None, 'chdir': None, 'executable': None, 'creates': None, 'removes': None, 'stdin': None}}, 'stdout_lines': [], 'stderr_lines': [], 'failed': False, 'item': '/home', 'ansible_loop_var': 'item'})
ok: [localhost] => (item={'changed': False, 'stdout': '', 'stderr': '', 'rc': 0, 'cmd': ['find', '/etc', '-xdev', '-type', 'd', '-perm', '-0002', '-uid', '+0'], 'start': '2026-09-12 12:33:41.828394', 'end': '2026-09-12 12:33:41.832006', 'delta': '0:00:00.003612', 'msg': '', 'invocation': {'module_args': {'_raw_params': 'find /etc -xdev -type d -perm -0002 -uid +0', '_uses_shell': False, 'expand_argument_vars': True, 'stdin_add_newline': True, 'strip_empty_ends': True, 'argv': None, 'chdir': None, 'executable': None, 'creates': None, 'removes': None, 'stdin': None}}, 'stdout_lines': [], 'stderr_lines': [], 'failed': False, 'item': '/etc', 'ansible_loop_var': 'item'})
ok: [localhost] => (item={'changed': False, 'stdout': '', 'stderr': '', 'rc': 0, 'cmd': ['find', '/opt', '-xdev', '-type', 'd', '-perm', '-0002', '-uid', '+0'], 'start': '2026-09-12 12:33:41.955341', 'end': '2026-09-12 12:33:41.958023', 'delta': '0:00:00.002682', 'msg': '', 'invocation': {'module_args': {'_raw_params': 'find /opt -xdev -type d -perm -0002 -uid +0', '_uses_shell': False, 'expand_argument_vars': True, 'stdin_add_newline': True, 'strip_empty_ends': True, 'argv': None, 'chdir': None, 'executable': None, 'creates': None, 'removes': None, 'stdin': None}}, 'stdout_lines': [], 'stderr_lines': [], 'failed': False, 'item': '/opt', 'ansible_loop_var': 'item'})
ok: [localhost] => (item={'changed': False, 'stdout': '', 'stderr': '', 'rc': 0, 'cmd': ['find', '/etc/hostname', '-xdev', '-type', 'd', '-perm', '-0002', '-uid', '+0'], 'start': '2026-09-12 12:33:42.083036', 'end': '2026-09-12 12:33:42.085793', 'delta': '0:00:00.002757', 'msg': '', 'invocation': {'module_args': {'_raw_params': 'find /etc/hostname -xdev -type d -perm -0002 -uid +0', '_uses_shell': False, 'expand_argument_vars': True, 'stdin_add_newline': True, 'strip_empty_ends': True, 'argv': None, 'chdir': None, 'executable': None, 'creates': None, 'removes': None, 'stdin': None}}, 'stdout_lines': [], 'stderr_lines': [], 'failed': False, 'item': '/etc/hostname', 'ansible_loop_var': 'item'})
ok: [localhost] => (item={'changed': False, 'stdout': '', 'stderr': '', 'rc': 0, 'cmd': ['find', '/stigforge/policy', '-xdev', '-type', 'd', '-perm', '-0002', '-uid', '+0'], 'start': '2026-09-12 12:33:42.215977', 'end': '2026-09-12 12:33:42.218715', 'delta': '0:00:00.002738', 'msg': '', 'invocation': {'module_args': {'_raw_params': 'find /stigforge/policy -xdev -type d -perm -0002 -uid +0', '_uses_shell': False, 'expand_argument_vars': True, 'stdin_add_newline': True, 'strip_empty_ends': True, 'argv': None, 'chdir': None, 'executable': None, 'creates': None, 'removes': None, 'stdin': None}}, 'stdout_lines': [], 'stderr_lines': [], 'failed': False, 'item': '/stigforge/policy', 'ansible_loop_var': 'item'})
ok: [localhost] => (item={'changed': False, 'stdout': '', 'stderr': '', 'rc': 0, 'cmd': ['find', '/stigforge/roles', '-xdev', '-type', 'd', '-perm', '-0002', '-uid', '+0'], 'start': '2026-09-12 12:33:42.350987', 'end': '2026-09-12 12:33:42.354363', 'delta': '0:00:00.003376', 'msg': '', 'invocation': {'module_args': {'_raw_params': 'find /stigforge/roles -xdev -type d -perm -0002 -uid +0', '_uses_shell': False, 'expand_argument_vars': True, 'stdin_add_newline': True, 'strip_empty_ends': True, 'argv': None, 'chdir': None, 'executable': None, 'creates': None, 'removes': None, 'stdin': None}}, 'stdout_lines': [], 'stderr_lines': [], 'failed': False, 'item': '/stigforge/roles', 'ansible_loop_var': 'item'})

TASK [/stigforge/roles/rhel10_stig : Ensure All World-Writable Directories Are Owned by root User - Ensure root Ownership on Local World Writable Directories] ***
skipping: [localhost]

TASK [/stigforge/roles/rhel10_stig : Verify that All World-Writable Directories Have Sticky Bits Set - Define Excluded (Non-Local) File Systems and Paths] ***
ok: [localhost]

TASK [/stigforge/roles/rhel10_stig : Verify that All World-Writable Directories Have Sticky Bits Set - Find Relevant Root Directories Ignoring Pre-Defined Excluded Paths] ***
ok: [localhost]

TASK [/stigforge/roles/rhel10_stig : Verify that All World-Writable Directories Have Sticky Bits Set - Include Relevant Root Directories in a List of Paths to be Searched] ***
ok: [localhost] => (item={'path': '/opt', 'mode': '0755', 'isdir': True, 'ischr': False, 'isblk': False, 'isreg': False, 'isfifo': False, 'islnk': False, 'issock': False, 'uid': 0, 'gid': 0, 'size': 4096, 'inode': 18900414, 'dev': 209, 'nlink': 2, 'atime': 1788514047.722894, 'mtime': 1743552000.0, 'ctime': 1788514047.7149673, 'gr_name': 'root', 'pw_name': 'root', 'wusr': True, 'rusr': True, 'xusr': True, 'wgrp': False, 'rgrp': True, 'xgrp': True, 'woth': False, 'roth': True, 'xoth': True, 'isuid': False, 'isgid': False})
ok: [localhost] => (item={'path': '/usr', 'mode': '0755', 'isdir': True, 'ischr': False, 'isblk': False, 'isreg': False, 'isfifo': False, 'islnk': False, 'issock': False, 'uid': 0, 'gid': 0, 'size': 4096, 'inode': 20743286, 'dev': 209, 'nlink': 1, 'atime': 1789216026.4156687, 'mtime': 1788346084.0, 'ctime': 1789216380.1781073, 'gr_name': 'root', 'pw_name': 'root', 'wusr': True, 'rusr': True, 'xusr': True, 'wgrp': False, 'rgrp': True, 'xgrp': True, 'woth': False, 'roth': True, 'xoth': True, 'isuid': False, 'isgid': False})
ok: [localhost] => (item={'path': '/tmp', 'mode': '1777', 'isdir': True, 'ischr': False, 'isblk': False, 'isreg': False, 'isfifo': False, 'islnk': False, 'issock': False, 'uid': 0, 'gid': 0, 'size': 4096, 'inode': 18900443, 'dev': 209, 'nlink': 1, 'atime': 1789216422.6027842, 'mtime': 1789216422.60175, 'ctime': 1789216422.60175, 'gr_name': 'root', 'pw_name': 'root', 'wusr': True, 'rusr': True, 'xusr': True, 'wgrp': True, 'rgrp': True, 'xgrp': True, 'woth': True, 'roth': True, 'xoth': True, 'isuid': False, 'isgid': False})
ok: [localhost] => (item={'path': '/root', 'mode': '0550', 'isdir': True, 'ischr': False, 'isblk': False, 'isreg': False, 'isfifo': False, 'islnk': False, 'issock': False, 'uid': 0, 'gid': 0, 'size': 4096, 'inode': 20743244, 'dev': 209, 'nlink': 1, 'atime': 1789216421.0657268, 'mtime': 1789216376.343049, 'ctime': 1789216376.343049, 'gr_name': 'root', 'pw_name': 'root', 'wusr': False, 'rusr': True, 'xusr': True, 'wgrp': False, 'rgrp': True, 'xgrp': True, 'woth': False, 'roth': False, 'xoth': False, 'isuid': False, 'isgid': False})
ok: [localhost] => (item={'path': '/home', 'mode': '0755', 'isdir': True, 'ischr': False, 'isblk': False, 'isreg': False, 'isfifo': False, 'islnk': False, 'issock': False, 'uid': 0, 'gid': 0, 'size': 4096, 'inode': 18900409, 'dev': 209, 'nlink': 2, 'atime': 1788514047.722894, 'mtime': 1743552000.0, 'ctime': 1788514047.7149673, 'gr_name': 'root', 'pw_name': 'root', 'wusr': True, 'rusr': True, 'xusr': True, 'wgrp': False, 'rgrp': True, 'xgrp': True, 'woth': False, 'roth': True, 'xoth': True, 'isuid': False, 'isgid': False})
ok: [localhost] => (item={'path': '/mnt', 'mode': '0755', 'isdir': True, 'ischr': False, 'isblk': False, 'isreg': False, 'isfifo': False, 'islnk': False, 'issock': False, 'uid': 0, 'gid': 0, 'size': 4096, 'inode': 18900413, 'dev': 209, 'nlink': 2, 'atime': 1788514047.722894, 'mtime': 1743552000.0, 'ctime': 1788514047.7149673, 'gr_name': 'root', 'pw_name': 'root', 'wusr': True, 'rusr': True, 'xusr': True, 'wgrp': False, 'rgrp': True, 'xgrp': True, 'woth': False, 'roth': True, 'xoth': True, 'isuid': False, 'isgid': False})
ok: [localhost] => (item={'path': '/var', 'mode': '0755', 'isdir': True, 'ischr': False, 'isblk': False, 'isreg': False, 'isfifo': False, 'islnk': False, 'issock': False, 'uid': 0, 'gid': 0, 'size': 4096, 'inode': 19018660, 'dev': 209, 'nlink': 1, 'atime': 1789216420.1357126, 'mtime': 1788346092.0, 'ctime': 1789216380.739116, 'gr_name': 'root', 'pw_name': 'root', 'wusr': True, 'rusr': True, 'xusr': True, 'wgrp': False, 'rgrp': True, 'xgrp': True, 'woth': False, 'roth': True, 'xoth': True, 'isuid': False, 'isgid': False})
ok: [localhost] => (item={'path': '/afs', 'mode': '0555', 'isdir': True, 'ischr': False, 'isblk': False, 'isreg': False, 'isfifo': False, 'islnk': False, 'issock': False, 'uid': 0, 'gid': 0, 'size': 4096, 'inode': 18899299, 'dev': 209, 'nlink': 2, 'atime': 1788514047.7208939, 'mtime': 1743552000.0, 'ctime': 1788514047.7149673, 'gr_name': 'root', 'pw_name': 'root', 'wusr': False, 'rusr': True, 'xusr': True, 'wgrp': False, 'rgrp': True, 'xgrp': True, 'woth': False, 'roth': True, 'xoth': True, 'isuid': False, 'isgid': False})
ok: [localhost] => (item={'path': '/srv', 'mode': '0755', 'isdir': True, 'ischr': False, 'isblk': False, 'isreg': False, 'isfifo': False, 'islnk': False, 'issock': False, 'uid': 0, 'gid': 0, 'size': 4096, 'inode': 18900441, 'dev': 209, 'nlink': 2, 'atime': 1788514047.722894, 'mtime': 1743552000.0, 'ctime': 1788514047.7149673, 'gr_name': 'root', 'pw_name': 'root', 'wusr': True, 'rusr': True, 'xusr': True, 'wgrp': False, 'rgrp': True, 'xgrp': True, 'woth': False, 'roth': True, 'xoth': True, 'isuid': False, 'isgid': False})
ok: [localhost] => (item={'path': '/etc', 'mode': '0755', 'isdir': True, 'ischr': False, 'isblk': False, 'isreg': False, 'isfifo': False, 'islnk': False, 'issock': False, 'uid': 0, 'gid': 0, 'size': 4096, 'inode': 20847238, 'dev': 209, 'nlink': 1, 'atime': 1789216421.8297381, 'mtime': 1789216414.6721933, 'ctime': 1789216414.6721933, 'gr_name': 'root', 'pw_name': 'root', 'wusr': True, 'rusr': True, 'xusr': True, 'wgrp': False, 'rgrp': True, 'xgrp': True, 'woth': False, 'roth': True, 'xoth': True, 'isuid': False, 'isgid': False})
ok: [localhost] => (item={'path': '/media', 'mode': '0755', 'isdir': True, 'ischr': False, 'isblk': False, 'isreg': False, 'isfifo': False, 'islnk': False, 'issock': False, 'uid': 0, 'gid': 0, 'size': 4096, 'inode': 18900412, 'dev': 209, 'nlink': 2, 'atime': 1788514047.722894, 'mtime': 1743552000.0, 'ctime': 1788514047.7149673, 'gr_name': 'root', 'pw_name': 'root', 'wusr': True, 'rusr': True, 'xusr': True, 'wgrp': False, 'rgrp': True, 'xgrp': True, 'woth': False, 'roth': True, 'xoth': True, 'isuid': False, 'isgid': False})
ok: [localhost] => (item={'path': '/stigforge', 'mode': '0755', 'isdir': True, 'ischr': False, 'isblk': False, 'isreg': False, 'isfifo': False, 'islnk': False, 'issock': False, 'uid': 0, 'gid': 0, 'size': 4096, 'inode': 20743278, 'dev': 209, 'nlink': 1, 'atime': 1789216374.748025, 'mtime': 1789216374.6792517, 'ctime': 1789216375.8340414, 'gr_name': 'root', 'pw_name': 'root', 'wusr': True, 'rusr': True, 'xusr': True, 'wgrp': False, 'rgrp': True, 'xgrp': True, 'woth': False, 'roth': True, 'xoth': True, 'isuid': False, 'isgid': False})

TASK [/stigforge/roles/rhel10_stig : Verify that All World-Writable Directories Have Sticky Bits Set - Increment Search Paths List with Local Partitions Mount Points] ***
ok: [localhost] => (item={'mount': '/stigforge/artifacts', 'device': '/dev/nvme0n1p2', 'fstype': 'ext4', 'options': 'rw,relatime,bind', 'dump': 0, 'passno': 0, 'size_total': 1005867986944, 'size_available': 483572850688, 'block_size': 4096, 'block_total': 245573239, 'block_available': 118059778, 'block_used': 127513461, 'inode_total': 62447616, 'inode_available': 59703050, 'inode_used': 2744566, 'uuid': 'N/A'})
ok: [localhost] => (item={'mount': '/stigforge/roles', 'device': '/dev/nvme0n1p2', 'fstype': 'ext4', 'options': 'ro,relatime,bind', 'dump': 0, 'passno': 0, 'size_total': 1005867986944, 'size_available': 483572850688, 'block_size': 4096, 'block_total': 245573239, 'block_available': 118059778, 'block_used': 127513461, 'inode_total': 62447616, 'inode_available': 59703050, 'inode_used': 2744566, 'uuid': 'N/A'})
ok: [localhost] => (item={'mount': '/stigforge/policy', 'device': '/dev/nvme0n1p2', 'fstype': 'ext4', 'options': 'ro,relatime,bind', 'dump': 0, 'passno': 0, 'size_total': 1005867986944, 'size_available': 483572850688, 'block_size': 4096, 'block_total': 245573239, 'block_available': 118059778, 'block_used': 127513461, 'inode_total': 62447616, 'inode_available': 59703050, 'inode_used': 2744566, 'uuid': 'N/A'})
ok: [localhost] => (item={'mount': '/stigforge/generator', 'device': '/dev/nvme0n1p2', 'fstype': 'ext4', 'options': 'ro,relatime,bind', 'dump': 0, 'passno': 0, 'size_total': 1005867986944, 'size_available': 483572850688, 'block_size': 4096, 'block_total': 245573239, 'block_available': 118059778, 'block_used': 127513461, 'inode_total': 62447616, 'inode_available': 59703050, 'inode_used': 2744566, 'uuid': 'N/A'})
ok: [localhost] => (item={'mount': '/stigforge/pyproject.toml', 'device': '/dev/nvme0n1p2', 'fstype': 'ext4', 'options': 'ro,relatime,bind', 'dump': 0, 'passno': 0, 'size_total': 1005867986944, 'size_available': 483572850688, 'block_size': 4096, 'block_total': 245573239, 'block_available': 118059778, 'block_used': 127513461, 'inode_total': 62447616, 'inode_available': 59703050, 'inode_used': 2744566, 'uuid': 'N/A'})
ok: [localhost] => (item={'mount': '/etc/resolv.conf', 'device': '/dev/nvme0n1p2', 'fstype': 'ext4', 'options': 'rw,relatime,bind', 'dump': 0, 'passno': 0, 'size_total': 1005867986944, 'size_available': 483572850688, 'block_size': 4096, 'block_total': 245573239, 'block_available': 118059778, 'block_used': 127513461, 'inode_total': 62447616, 'inode_available': 59703050, 'inode_used': 2744566, 'uuid': 'N/A'})
ok: [localhost] => (item={'mount': '/etc/hostname', 'device': '/dev/nvme0n1p2', 'fstype': 'ext4', 'options': 'rw,relatime,bind', 'dump': 0, 'passno': 0, 'size_total': 1005867986944, 'size_available': 483572850688, 'block_size': 4096, 'block_total': 245573239, 'block_available': 118059778, 'block_used': 127513461, 'inode_total': 62447616, 'inode_available': 59703050, 'inode_used': 2744566, 'uuid': 'N/A'})
ok: [localhost] => (item={'mount': '/etc/hosts', 'device': '/dev/nvme0n1p2', 'fstype': 'ext4', 'options': 'rw,relatime,bind', 'dump': 0, 'passno': 0, 'size_total': 1005867986944, 'size_available': 483572850688, 'block_size': 4096, 'block_total': 245573239, 'block_available': 118059778, 'block_used': 127513461, 'inode_total': 62447616, 'inode_available': 59703050, 'inode_used': 2744566, 'uuid': 'N/A'})

TASK [/stigforge/roles/rhel10_stig : Verify that All World-Writable Directories Have Sticky Bits Set - Increment Search Paths List with Local NFS File System Targets] ***
skipping: [localhost] => (item={'mount': '/stigforge/artifacts', 'device': '/dev/nvme0n1p2', 'fstype': 'ext4', 'options': 'rw,relatime,bind', 'dump': 0, 'passno': 0, 'size_total': 1005867986944, 'size_available': 483572850688, 'block_size': 4096, 'block_total': 245573239, 'block_available': 118059778, 'block_used': 127513461, 'inode_total': 62447616, 'inode_available': 59703050, 'inode_used': 2744566, 'uuid': 'N/A'}) 
skipping: [localhost] => (item={'mount': '/stigforge/roles', 'device': '/dev/nvme0n1p2', 'fstype': 'ext4', 'options': 'ro,relatime,bind', 'dump': 0, 'passno': 0, 'size_total': 1005867986944, 'size_available': 483572850688, 'block_size': 4096, 'block_total': 245573239, 'block_available': 118059778, 'block_used': 127513461, 'inode_total': 62447616, 'inode_available': 59703050, 'inode_used': 2744566, 'uuid': 'N/A'}) 
skipping: [localhost] => (item={'mount': '/stigforge/policy', 'device': '/dev/nvme0n1p2', 'fstype': 'ext4', 'options': 'ro,relatime,bind', 'dump': 0, 'passno': 0, 'size_total': 1005867986944, 'size_available': 483572850688, 'block_size': 4096, 'block_total': 245573239, 'block_available': 118059778, 'block_used': 127513461, 'inode_total': 62447616, 'inode_available': 59703050, 'inode_used': 2744566, 'uuid': 'N/A'}) 
skipping: [localhost] => (item={'mount': '/stigforge/generator', 'device': '/dev/nvme0n1p2', 'fstype': 'ext4', 'options': 'ro,relatime,bind', 'dump': 0, 'passno': 0, 'size_total': 1005867986944, 'size_available': 483572850688, 'block_size': 4096, 'block_total': 245573239, 'block_available': 118059778, 'block_used': 127513461, 'inode_total': 62447616, 'inode_available': 59703050, 'inode_used': 2744566, 'uuid': 'N/A'}) 
skipping: [localhost] => (item={'mount': '/stigforge/pyproject.toml', 'device': '/dev/nvme0n1p2', 'fstype': 'ext4', 'options': 'ro,relatime,bind', 'dump': 0, 'passno': 0, 'size_total': 1005867986944, 'size_available': 483572850688, 'block_size': 4096, 'block_total': 245573239, 'block_available': 118059778, 'block_used': 127513461, 'inode_total': 62447616, 'inode_available': 59703050, 'inode_used': 2744566, 'uuid': 'N/A'}) 
skipping: [localhost] => (item={'mount': '/etc/resolv.conf', 'device': '/dev/nvme0n1p2', 'fstype': 'ext4', 'options': 'rw,relatime,bind', 'dump': 0, 'passno': 0, 'size_total': 1005867986944, 'size_available': 483572850688, 'block_size': 4096, 'block_total': 245573239, 'block_available': 118059778, 'block_used': 127513461, 'inode_total': 62447616, 'inode_available': 59703050, 'inode_used': 2744566, 'uuid': 'N/A'}) 
skipping: [localhost] => (item={'mount': '/etc/hostname', 'device': '/dev/nvme0n1p2', 'fstype': 'ext4', 'options': 'rw,relatime,bind', 'dump': 0, 'passno': 0, 'size_total': 1005867986944, 'size_available': 483572850688, 'block_size': 4096, 'block_total': 245573239, 'block_available': 118059778, 'block_used': 127513461, 'inode_total': 62447616, 'inode_available': 59703050, 'inode_used': 2744566, 'uuid': 'N/A'}) 
skipping: [localhost] => (item={'mount': '/etc/hosts', 'device': '/dev/nvme0n1p2', 'fstype': 'ext4', 'options': 'rw,relatime,bind', 'dump': 0, 'passno': 0, 'size_total': 1005867986944, 'size_available': 483572850688, 'block_size': 4096, 'block_total': 245573239, 'block_available': 118059778, 'block_used': 127513461, 'inode_total': 62447616, 'inode_available': 59703050, 'inode_used': 2744566, 'uuid': 'N/A'}) 
skipping: [localhost]

TASK [/stigforge/roles/rhel10_stig : Verify that All World-Writable Directories Have Sticky Bits Set - Define Rule Specific Facts] ***
ok: [localhost]

TASK [/stigforge/roles/rhel10_stig : Verify that All World-Writable Directories Have Sticky Bits Set - Find All Uncompliant Directories in Local File Systems] ***
ok: [localhost] => (item=/stigforge/artifacts)
ok: [localhost] => (item=/etc/resolv.conf)
ok: [localhost] => (item=/var)
ok: [localhost] => (item=/mnt)
ok: [localhost] => (item=/media)
ok: [localhost] => (item=/tmp)
ok: [localhost] => (item=/stigforge/generator)
ok: [localhost] => (item=/usr)
ok: [localhost] => (item=/stigforge)
ok: [localhost] => (item=/root)
ok: [localhost] => (item=/afs)
ok: [localhost] => (item=/etc/hosts)
ok: [localhost] => (item=/srv)
ok: [localhost] => (item=/stigforge/pyproject.toml)
ok: [localhost] => (item=/home)
ok: [localhost] => (item=/etc)
ok: [localhost] => (item=/opt)
ok: [localhost] => (item=/etc/hostname)
ok: [localhost] => (item=/stigforge/policy)
ok: [localhost] => (item=/stigforge/roles)

TASK [/stigforge/roles/rhel10_stig : Verify that All World-Writable Directories Have Sticky Bits Set - Create List of World Writable Directories Without Sticky Bit] ***
ok: [localhost] => (item={'changed': False, 'stdout': '', 'stderr': '', 'rc': 0, 'cmd': ['find', '/stigforge/artifacts', '-xdev', '-type', 'd', '(', '-perm', '-0002', '-a', '!', '-perm', '-1000', ')'], 'start': '2026-09-12 12:33:43.017439', 'end': '2026-09-12 12:33:43.019830', 'delta': '0:00:00.002391', 'msg': '', 'invocation': {'module_args': {'_raw_params': 'find /stigforge/artifacts -xdev -type d ( -perm -0002 -a ! -perm -1000 )', '_uses_shell': False, 'expand_argument_vars': True, 'stdin_add_newline': True, 'strip_empty_ends': True, 'argv': None, 'chdir': None, 'executable': None, 'creates': None, 'removes': None, 'stdin': None}}, 'stdout_lines': [], 'stderr_lines': [], 'failed': False, 'item': '/stigforge/artifacts', 'ansible_loop_var': 'item'})
ok: [localhost] => (item={'changed': False, 'stdout': '', 'stderr': '', 'rc': 0, 'cmd': ['find', '/etc/resolv.conf', '-xdev', '-type', 'd', '(', '-perm', '-0002', '-a', '!', '-perm', '-1000', ')'], 'start': '2026-09-12 12:33:43.145519', 'end': '2026-09-12 12:33:43.148143', 'delta': '0:00:00.002624', 'msg': '', 'invocation': {'module_args': {'_raw_params': 'find /etc/resolv.conf -xdev -type d ( -perm -0002 -a ! -perm -1000 )', '_uses_shell': False, 'expand_argument_vars': True, 'stdin_add_newline': True, 'strip_empty_ends': True, 'argv': None, 'chdir': None, 'executable': None, 'creates': None, 'removes': None, 'stdin': None}}, 'stdout_lines': [], 'stderr_lines': [], 'failed': False, 'item': '/etc/resolv.conf', 'ansible_loop_var': 'item'})
ok: [localhost] => (item={'changed': False, 'stdout': '', 'stderr': '', 'rc': 0, 'cmd': ['find', '/var', '-xdev', '-type', 'd', '(', '-perm', '-0002', '-a', '!', '-perm', '-1000', ')'], 'start': '2026-09-12 12:33:43.272937', 'end': '2026-09-12 12:33:43.276319', 'delta': '0:00:00.003382', 'msg': '', 'invocation': {'module_args': {'_raw_params': 'find /var -xdev -type d ( -perm -0002 -a ! -perm -1000 )', '_uses_shell': False, 'expand_argument_vars': True, 'stdin_add_newline': True, 'strip_empty_ends': True, 'argv': None, 'chdir': None, 'executable': None, 'creates': None, 'removes': None, 'stdin': None}}, 'stdout_lines': [], 'stderr_lines': [], 'failed': False, 'item': '/var', 'ansible_loop_var': 'item'})
ok: [localhost] => (item={'changed': False, 'stdout': '', 'stderr': '', 'rc': 0, 'cmd': ['find', '/mnt', '-xdev', '-type', 'd', '(', '-perm', '-0002', '-a', '!', '-perm', '-1000', ')'], 'start': '2026-09-12 12:33:43.403817', 'end': '2026-09-12 12:33:43.406724', 'delta': '0:00:00.002907', 'msg': '', 'invocation': {'module_args': {'_raw_params': 'find /mnt -xdev -type d ( -perm -0002 -a ! -perm -1000 )', '_uses_shell': False, 'expand_argument_vars': True, 'stdin_add_newline': True, 'strip_empty_ends': True, 'argv': None, 'chdir': None, 'executable': None, 'creates': None, 'removes': None, 'stdin': None}}, 'stdout_lines': [], 'stderr_lines': [], 'failed': False, 'item': '/mnt', 'ansible_loop_var': 'item'})
ok: [localhost] => (item={'changed': False, 'stdout': '', 'stderr': '', 'rc': 0, 'cmd': ['find', '/media', '-xdev', '-type', 'd', '(', '-perm', '-0002', '-a', '!', '-perm', '-1000', ')'], 'start': '2026-09-12 12:33:43.538278', 'end': '2026-09-12 12:33:43.541027', 'delta': '0:00:00.002749', 'msg': '', 'invocation': {'module_args': {'_raw_params': 'find /media -xdev -type d ( -perm -0002 -a ! -perm -1000 )', '_uses_shell': False, 'expand_argument_vars': True, 'stdin_add_newline': True, 'strip_empty_ends': True, 'argv': None, 'chdir': None, 'executable': None, 'creates': None, 'removes': None, 'stdin': None}}, 'stdout_lines': [], 'stderr_lines': [], 'failed': False, 'item': '/media', 'ansible_loop_var': 'item'})
ok: [localhost] => (item={'changed': False, 'stdout': '', 'stderr': '', 'rc': 0, 'cmd': ['find', '/tmp', '-xdev', '-type', 'd', '(', '-perm', '-0002', '-a', '!', '-perm', '-1000', ')'], 'start': '2026-09-12 12:33:43.668363', 'end': '2026-09-12 12:33:43.670930', 'delta': '0:00:00.002567', 'msg': '', 'invocation': {'module_args': {'_raw_params': 'find /tmp -xdev -type d ( -perm -0002 -a ! -perm -1000 )', '_uses_shell': False, 'expand_argument_vars': True, 'stdin_add_newline': True, 'strip_empty_ends': True, 'argv': None, 'chdir': None, 'executable': None, 'creates': None, 'removes': None, 'stdin': None}}, 'stdout_lines': [], 'stderr_lines': [], 'failed': False, 'item': '/tmp', 'ansible_loop_var': 'item'})
ok: [localhost] => (item={'changed': False, 'stdout': '', 'stderr': '', 'rc': 0, 'cmd': ['find', '/stigforge/generator', '-xdev', '-type', 'd', '(', '-perm', '-0002', '-a', '!', '-perm', '-1000', ')'], 'start': '2026-09-12 12:33:43.792163', 'end': '2026-09-12 12:33:43.794849', 'delta': '0:00:00.002686', 'msg': '', 'invocation': {'module_args': {'_raw_params': 'find /stigforge/generator -xdev -type d ( -perm -0002 -a ! -perm -1000 )', '_uses_shell': False, 'expand_argument_vars': True, 'stdin_add_newline': True, 'strip_empty_ends': True, 'argv': None, 'chdir': None, 'executable': None, 'creates': None, 'removes': None, 'stdin': None}}, 'stdout_lines': [], 'stderr_lines': [], 'failed': False, 'item': '/stigforge/generator', 'ansible_loop_var': 'item'})
ok: [localhost] => (item={'changed': False, 'stdout': '', 'stderr': '', 'rc': 0, 'cmd': ['find', '/usr', '-xdev', '-type', 'd', '(', '-perm', '-0002', '-a', '!', '-perm', '-1000', ')'], 'start': '2026-09-12 12:33:43.918342', 'end': '2026-09-12 12:33:43.940512', 'delta': '0:00:00.022170', 'msg': '', 'invocation': {'module_args': {'_raw_params': 'find /usr -xdev -type d ( -perm -0002 -a ! -perm -1000 )', '_uses_shell': False, 'expand_argument_vars': True, 'stdin_add_newline': True, 'strip_empty_ends': True, 'argv': None, 'chdir': None, 'executable': None, 'creates': None, 'removes': None, 'stdin': None}}, 'stdout_lines': [], 'stderr_lines': [], 'failed': False, 'item': '/usr', 'ansible_loop_var': 'item'})
ok: [localhost] => (item={'changed': False, 'stdout': '', 'stderr': '', 'rc': 0, 'cmd': ['find', '/stigforge', '-xdev', '-type', 'd', '(', '-perm', '-0002', '-a', '!', '-perm', '-1000', ')'], 'start': '2026-09-12 12:33:44.065894', 'end': '2026-09-12 12:33:44.068836', 'delta': '0:00:00.002942', 'msg': '', 'invocation': {'module_args': {'_raw_params': 'find /stigforge -xdev -type d ( -perm -0002 -a ! -perm -1000 )', '_uses_shell': False, 'expand_argument_vars': True, 'stdin_add_newline': True, 'strip_empty_ends': True, 'argv': None, 'chdir': None, 'executable': None, 'creates': None, 'removes': None, 'stdin': None}}, 'stdout_lines': [], 'stderr_lines': [], 'failed': False, 'item': '/stigforge', 'ansible_loop_var': 'item'})
ok: [localhost] => (item={'changed': False, 'stdout': '', 'stderr': '', 'rc': 0, 'cmd': ['find', '/root', '-xdev', '-type', 'd', '(', '-perm', '-0002', '-a', '!', '-perm', '-1000', ')'], 'start': '2026-09-12 12:33:44.198690', 'end': '2026-09-12 12:33:44.202152', 'delta': '0:00:00.003462', 'msg': '', 'invocation': {'module_args': {'_raw_params': 'find /root -xdev -type d ( -perm -0002 -a ! -perm -1000 )', '_uses_shell': False, 'expand_argument_vars': True, 'stdin_add_newline': True, 'strip_empty_ends': True, 'argv': None, 'chdir': None, 'executable': None, 'creates': None, 'removes': None, 'stdin': None}}, 'stdout_lines': [], 'stderr_lines': [], 'failed': False, 'item': '/root', 'ansible_loop_var': 'item'})
ok: [localhost] => (item={'changed': False, 'stdout': '', 'stderr': '', 'rc': 0, 'cmd': ['find', '/afs', '-xdev', '-type', 'd', '(', '-perm', '-0002', '-a', '!', '-perm', '-1000', ')'], 'start': '2026-09-12 12:33:44.327585', 'end': '2026-09-12 12:33:44.330021', 'delta': '0:00:00.002436', 'msg': '', 'invocation': {'module_args': {'_raw_params': 'find /afs -xdev -type d ( -perm -0002 -a ! -perm -1000 )', '_uses_shell': False, 'expand_argument_vars': True, 'stdin_add_newline': True, 'strip_empty_ends': True, 'argv': None, 'chdir': None, 'executable': None, 'creates': None, 'removes': None, 'stdin': None}}, 'stdout_lines': [], 'stderr_lines': [], 'failed': False, 'item': '/afs', 'ansible_loop_var': 'item'})
ok: [localhost] => (item={'changed': False, 'stdout': '', 'stderr': '', 'rc': 0, 'cmd': ['find', '/etc/hosts', '-xdev', '-type', 'd', '(', '-perm', '-0002', '-a', '!', '-perm', '-1000', ')'], 'start': '2026-09-12 12:33:44.455080', 'end': '2026-09-12 12:33:44.457709', 'delta': '0:00:00.002629', 'msg': '', 'invocation': {'module_args': {'_raw_params': 'find /etc/hosts -xdev -type d ( -perm -0002 -a ! -perm -1000 )', '_uses_shell': False, 'expand_argument_vars': True, 'stdin_add_newline': True, 'strip_empty_ends': True, 'argv': None, 'chdir': None, 'executable': None, 'creates': None, 'removes': None, 'stdin': None}}, 'stdout_lines': [], 'stderr_lines': [], 'failed': False, 'item': '/etc/hosts', 'ansible_loop_var': 'item'})
ok: [localhost] => (item={'changed': False, 'stdout': '', 'stderr': '', 'rc': 0, 'cmd': ['find', '/srv', '-xdev', '-type', 'd', '(', '-perm', '-0002', '-a', '!', '-perm', '-1000', ')'], 'start': '2026-09-12 12:33:44.587319', 'end': '2026-09-12 12:33:44.589476', 'delta': '0:00:00.002157', 'msg': '', 'invocation': {'module_args': {'_raw_params': 'find /srv -xdev -type d ( -perm -0002 -a ! -perm -1000 )', '_uses_shell': False, 'expand_argument_vars': True, 'stdin_add_newline': True, 'strip_empty_ends': True, 'argv': None, 'chdir': None, 'executable': None, 'creates': None, 'removes': None, 'stdin': None}}, 'stdout_lines': [], 'stderr_lines': [], 'failed': False, 'item': '/srv', 'ansible_loop_var': 'item'})
ok: [localhost] => (item={'changed': False, 'stdout': '', 'stderr': '', 'rc': 0, 'cmd': ['find', '/stigforge/pyproject.toml', '-xdev', '-type', 'd', '(', '-perm', '-0002', '-a', '!', '-perm', '-1000', ')'], 'start': '2026-09-12 12:33:44.716216', 'end': '2026-09-12 12:33:44.718632', 'delta': '0:00:00.002416', 'msg': '', 'invocation': {'module_args': {'_raw_params': 'find /stigforge/pyproject.toml -xdev -type d ( -perm -0002 -a ! -perm -1000 )', '_uses_shell': False, 'expand_argument_vars': True, 'stdin_add_newline': True, 'strip_empty_ends': True, 'argv': None, 'chdir': None, 'executable': None, 'creates': None, 'removes': None, 'stdin': None}}, 'stdout_lines': [], 'stderr_lines': [], 'failed': False, 'item': '/stigforge/pyproject.toml', 'ansible_loop_var': 'item'})
ok: [localhost] => (item={'changed': False, 'stdout': '', 'stderr': '', 'rc': 0, 'cmd': ['find', '/home', '-xdev', '-type', 'd', '(', '-perm', '-0002', '-a', '!', '-perm', '-1000', ')'], 'start': '2026-09-12 12:33:44.852683', 'end': '2026-09-12 12:33:44.855391', 'delta': '0:00:00.002708', 'msg': '', 'invocation': {'module_args': {'_raw_params': 'find /home -xdev -type d ( -perm -0002 -a ! -perm -1000 )', '_uses_shell': False, 'expand_argument_vars': True, 'stdin_add_newline': True, 'strip_empty_ends': True, 'argv': None, 'chdir': None, 'executable': None, 'creates': None, 'removes': None, 'stdin': None}}, 'stdout_lines': [], 'stderr_lines': [], 'failed': False, 'item': '/home', 'ansible_loop_var': 'item'})
ok: [localhost] => (item={'changed': False, 'stdout': '', 'stderr': '', 'rc': 0, 'cmd': ['find', '/etc', '-xdev', '-type', 'd', '(', '-perm', '-0002', '-a', '!', '-perm', '-1000', ')'], 'start': '2026-09-12 12:33:44.983443', 'end': '2026-09-12 12:33:44.986651', 'delta': '0:00:00.003208', 'msg': '', 'invocation': {'module_args': {'_raw_params': 'find /etc -xdev -type d ( -perm -0002 -a ! -perm -1000 )', '_uses_shell': False, 'expand_argument_vars': True, 'stdin_add_newline': True, 'strip_empty_ends': True, 'argv': None, 'chdir': None, 'executable': None, 'creates': None, 'removes': None, 'stdin': None}}, 'stdout_lines': [], 'stderr_lines': [], 'failed': False, 'item': '/etc', 'ansible_loop_var': 'item'})
ok: [localhost] => (item={'changed': False, 'stdout': '', 'stderr': '', 'rc': 0, 'cmd': ['find', '/opt', '-xdev', '-type', 'd', '(', '-perm', '-0002', '-a', '!', '-perm', '-1000', ')'], 'start': '2026-09-12 12:33:45.113681', 'end': '2026-09-12 12:33:45.116335', 'delta': '0:00:00.002654', 'msg': '', 'invocation': {'module_args': {'_raw_params': 'find /opt -xdev -type d ( -perm -0002 -a ! -perm -1000 )', '_uses_shell': False, 'expand_argument_vars': True, 'stdin_add_newline': True, 'strip_empty_ends': True, 'argv': None, 'chdir': None, 'executable': None, 'creates': None, 'removes': None, 'stdin': None}}, 'stdout_lines': [], 'stderr_lines': [], 'failed': False, 'item': '/opt', 'ansible_loop_var': 'item'})
ok: [localhost] => (item={'changed': False, 'stdout': '', 'stderr': '', 'rc': 0, 'cmd': ['find', '/etc/hostname', '-xdev', '-type', 'd', '(', '-perm', '-0002', '-a', '!', '-perm', '-1000', ')'], 'start': '2026-09-12 12:33:45.252262', 'end': '2026-09-12 12:33:45.255087', 'delta': '0:00:00.002825', 'msg': '', 'invocation': {'module_args': {'_raw_params': 'find /etc/hostname -xdev -type d ( -perm -0002 -a ! -perm -1000 )', '_uses_shell': False, 'expand_argument_vars': True, 'stdin_add_newline': True, 'strip_empty_ends': True, 'argv': None, 'chdir': None, 'executable': None, 'creates': None, 'removes': None, 'stdin': None}}, 'stdout_lines': [], 'stderr_lines': [], 'failed': False, 'item': '/etc/hostname', 'ansible_loop_var': 'item'})
ok: [localhost] => (item={'changed': False, 'stdout': '', 'stderr': '', 'rc': 0, 'cmd': ['find', '/stigforge/policy', '-xdev', '-type', 'd', '(', '-perm', '-0002', '-a', '!', '-perm', '-1000', ')'], 'start': '2026-09-12 12:33:45.400159', 'end': '2026-09-12 12:33:45.402571', 'delta': '0:00:00.002412', 'msg': '', 'invocation': {'module_args': {'_raw_params': 'find /stigforge/policy -xdev -type d ( -perm -0002 -a ! -perm -1000 )', '_uses_shell': False, 'expand_argument_vars': True, 'stdin_add_newline': True, 'strip_empty_ends': True, 'argv': None, 'chdir': None, 'executable': None, 'creates': None, 'removes': None, 'stdin': None}}, 'stdout_lines': [], 'stderr_lines': [], 'failed': False, 'item': '/stigforge/policy', 'ansible_loop_var': 'item'})
ok: [localhost] => (item={'changed': False, 'stdout': '', 'stderr': '', 'rc': 0, 'cmd': ['find', '/stigforge/roles', '-xdev', '-type', 'd', '(', '-perm', '-0002', '-a', '!', '-perm', '-1000', ')'], 'start': '2026-09-12 12:33:45.533056', 'end': '2026-09-12 12:33:45.536592', 'delta': '0:00:00.003536', 'msg': '', 'invocation': {'module_args': {'_raw_params': 'find /stigforge/roles -xdev -type d ( -perm -0002 -a ! -perm -1000 )', '_uses_shell': False, 'expand_argument_vars': True, 'stdin_add_newline': True, 'strip_empty_ends': True, 'argv': None, 'chdir': None, 'executable': None, 'creates': None, 'removes': None, 'stdin': None}}, 'stdout_lines': [], 'stderr_lines': [], 'failed': False, 'item': '/stigforge/roles', 'ansible_loop_var': 'item'})

TASK [/stigforge/roles/rhel10_stig : Verify that All World-Writable Directories Have Sticky Bits Set - Ensure Sticky Bit is Set on Local World Writable Directories] ***
skipping: [localhost]

TASK [/stigforge/roles/rhel10_stig : Enable Kernel Parameter to Enforce DAC on Hardlinks - Set fact for sysctl paths] ***
skipping: [localhost]

TASK [/stigforge/roles/rhel10_stig : Enable Kernel Parameter to Enforce DAC on Hardlinks - Find all files that contain fs.protected_hardlinks] ***
skipping: [localhost]

TASK [/stigforge/roles/rhel10_stig : Enable Kernel Parameter to Enforce DAC on Hardlinks - Find all files that set fs.protected_hardlinks to correct value] ***
skipping: [localhost]

TASK [/stigforge/roles/rhel10_stig : Enable Kernel Parameter to Enforce DAC on Hardlinks - Comment out any occurrences of fs.protected_hardlinks from config files] ***
skipping: [localhost]

TASK [/stigforge/roles/rhel10_stig : Enable Kernel Parameter to Enforce DAC on Hardlinks - Comment out any occurrences of fs.protected_hardlinks from /etc/sysctl.conf] ***
skipping: [localhost]

TASK [/stigforge/roles/rhel10_stig : Enable Kernel Parameter to Enforce DAC on Hardlinks - Ensure sysctl fs.protected_hardlinks is set to 1] ***
skipping: [localhost]

TASK [/stigforge/roles/rhel10_stig : Enable Kernel Parameter to Enforce DAC on Symlinks - Set fact for sysctl paths] ***
skipping: [localhost]

TASK [/stigforge/roles/rhel10_stig : Enable Kernel Parameter to Enforce DAC on Symlinks - Find all files that contain fs.protected_symlinks] ***
skipping: [localhost]

TASK [/stigforge/roles/rhel10_stig : Enable Kernel Parameter to Enforce DAC on Symlinks - Find all files that set fs.protected_symlinks to correct value] ***
skipping: [localhost]

TASK [/stigforge/roles/rhel10_stig : Enable Kernel Parameter to Enforce DAC on Symlinks - Comment out any occurrences of fs.protected_symlinks from config files] ***
skipping: [localhost]

TASK [/stigforge/roles/rhel10_stig : Enable Kernel Parameter to Enforce DAC on Symlinks - Comment out any occurrences of fs.protected_symlinks from /etc/sysctl.conf] ***
skipping: [localhost]

TASK [/stigforge/roles/rhel10_stig : Enable Kernel Parameter to Enforce DAC on Symlinks - Ensure sysctl fs.protected_symlinks is set to 1] ***
skipping: [localhost]

TASK [/stigforge/roles/rhel10_stig : Set the file_groupowner_backup_etc_group_newgroup variable if represented by gid] ***
ok: [localhost]

TASK [/stigforge/roles/rhel10_stig : Test for existence /etc/group-] ***********
ok: [localhost]

TASK [/stigforge/roles/rhel10_stig : Ensure group owner on /etc/group-] ********
ok: [localhost]

TASK [/stigforge/roles/rhel10_stig : Set the file_groupowner_backup_etc_gshadow_newgroup variable if represented by gid] ***
ok: [localhost]

TASK [/stigforge/roles/rhel10_stig : Test for existence /etc/gshadow-] *********
ok: [localhost]

TASK [/stigforge/roles/rhel10_stig : Ensure group owner on /etc/gshadow-] ******
ok: [localhost]

TASK [/stigforge/roles/rhel10_stig : Set the file_groupowner_backup_etc_passwd_newgroup variable if represented by gid] ***
ok: [localhost]

TASK [/stigforge/roles/rhel10_stig : Test for existence /etc/passwd-] **********
ok: [localhost]

TASK [/stigforge/roles/rhel10_stig : Ensure group owner on /etc/passwd-] *******
ok: [localhost]

TASK [/stigforge/roles/rhel10_stig : Set the file_groupowner_backup_etc_shadow_newgroup variable if represented by gid] ***
ok: [localhost]

TASK [/stigforge/roles/rhel10_stig : Test for existence /etc/shadow-] **********
ok: [localhost]

TASK [/stigforge/roles/rhel10_stig : Ensure group owner on /etc/shadow-] *******
ok: [localhost]

TASK [/stigforge/roles/rhel10_stig : Set the file_groupowner_etc_group_newgroup variable if represented by gid] ***
ok: [localhost]

TASK [/stigforge/roles/rhel10_stig : Test for existence /etc/group] ************
ok: [localhost]

TASK [/stigforge/roles/rhel10_stig : Ensure group owner on /etc/group] *********
ok: [localhost]

TASK [/stigforge/roles/rhel10_stig : Set the file_groupowner_etc_gshadow_newgroup variable if represented by gid] ***
ok: [localhost]

TASK [/stigforge/roles/rhel10_stig : Test for existence /etc/gshadow] **********
ok: [localhost]

TASK [/stigforge/roles/rhel10_stig : Ensure group owner on /etc/gshadow] *******
ok: [localhost]

TASK [/stigforge/roles/rhel10_stig : Set the file_groupowner_etc_passwd_newgroup variable if represented by gid] ***
ok: [localhost]

TASK [/stigforge/roles/rhel10_stig : Test for existence /etc/passwd] ***********
ok: [localhost]

TASK [/stigforge/roles/rhel10_stig : Ensure group owner on /etc/passwd] ********
ok: [localhost]

TASK [/stigforge/roles/rhel10_stig : Set the file_groupowner_etc_shadow_newgroup variable if represented by gid] ***
ok: [localhost]

TASK [/stigforge/roles/rhel10_stig : Test for existence /etc/shadow] ***********
ok: [localhost]

TASK [/stigforge/roles/rhel10_stig : Ensure group owner on /etc/shadow] ********
ok: [localhost]

TASK [/stigforge/roles/rhel10_stig : Set the file_owner_backup_etc_group_newown variable if represented by uid] ***
ok: [localhost]

TASK [/stigforge/roles/rhel10_stig : Test for existence /etc/group-] ***********
ok: [localhost]

TASK [/stigforge/roles/rhel10_stig : Ensure owner on /etc/group-] **************
ok: [localhost]

TASK [/stigforge/roles/rhel10_stig : Set the file_owner_backup_etc_gshadow_newown variable if represented by uid] ***
ok: [localhost]

TASK [/stigforge/roles/rhel10_stig : Test for existence /etc/gshadow-] *********
ok: [localhost]

TASK [/stigforge/roles/rhel10_stig : Ensure owner on /etc/gshadow-] ************
ok: [localhost]

TASK [/stigforge/roles/rhel10_stig : Set the file_owner_backup_etc_passwd_newown variable if represented by uid] ***
ok: [localhost]

TASK [/stigforge/roles/rhel10_stig : Test for existence /etc/passwd-] **********
ok: [localhost]

TASK [/stigforge/roles/rhel10_stig : Ensure owner on /etc/passwd-] *************
ok: [localhost]

TASK [/stigforge/roles/rhel10_stig : Set the file_owner_backup_etc_shadow_newown variable if represented by uid] ***
ok: [localhost]

TASK [/stigforge/roles/rhel10_stig : Test for existence /etc/shadow-] **********
ok: [localhost]

TASK [/stigforge/roles/rhel10_stig : Ensure owner on /etc/shadow-] *************
ok: [localhost]

TASK [/stigforge/roles/rhel10_stig : Set the file_owner_etc_group_newown variable if represented by uid] ***
ok: [localhost]

TASK [/stigforge/roles/rhel10_stig : Test for existence /etc/group] ************
ok: [localhost]

TASK [/stigforge/roles/rhel10_stig : Ensure owner on /etc/group] ***************
ok: [localhost]

TASK [/stigforge/roles/rhel10_stig : Set the file_owner_etc_gshadow_newown variable if represented by uid] ***
ok: [localhost]

TASK [/stigforge/roles/rhel10_stig : Test for existence /etc/gshadow] **********
ok: [localhost]

TASK [/stigforge/roles/rhel10_stig : Ensure owner on /etc/gshadow] *************
ok: [localhost]

TASK [/stigforge/roles/rhel10_stig : Set the file_owner_etc_passwd_newown variable if represented by uid] ***
ok: [localhost]

TASK [/stigforge/roles/rhel10_stig : Test for existence /etc/passwd] ***********
ok: [localhost]

TASK [/stigforge/roles/rhel10_stig : Ensure owner on /etc/passwd] **************
ok: [localhost]

TASK [/stigforge/roles/rhel10_stig : Set the file_owner_etc_shadow_newown variable if represented by uid] ***
ok: [localhost]

TASK [/stigforge/roles/rhel10_stig : Test for existence /etc/shadow] ***********
ok: [localhost]

TASK [/stigforge/roles/rhel10_stig : Ensure owner on /etc/shadow] **************
ok: [localhost]

TASK [/stigforge/roles/rhel10_stig : Test for existence /etc/group-] ***********
ok: [localhost]

TASK [/stigforge/roles/rhel10_stig : Ensure permission u-xs,g-xws,o-xwt on /etc/group-] ***
ok: [localhost]

TASK [/stigforge/roles/rhel10_stig : Test for existence /etc/gshadow-] *********
ok: [localhost]

TASK [/stigforge/roles/rhel10_stig : Ensure permission u-xwrs,g-xwrs,o-xwrt on /etc/gshadow-] ***
ok: [localhost]

TASK [/stigforge/roles/rhel10_stig : Test for existence /etc/passwd-] **********
ok: [localhost]

TASK [/stigforge/roles/rhel10_stig : Ensure permission u-xs,g-xws,o-xwt on /etc/passwd-] ***
ok: [localhost]

TASK [/stigforge/roles/rhel10_stig : Test for existence /etc/shadow-] **********
ok: [localhost]

TASK [/stigforge/roles/rhel10_stig : Ensure permission u-xwrs,g-xwrs,o-xwrt on /etc/shadow-] ***
ok: [localhost]

TASK [/stigforge/roles/rhel10_stig : Test for existence /etc/group] ************
ok: [localhost]

TASK [/stigforge/roles/rhel10_stig : Ensure permission u-xs,g-xws,o-xwt on /etc/group] ***
ok: [localhost]

TASK [/stigforge/roles/rhel10_stig : Test for existence /etc/gshadow] **********
ok: [localhost]

TASK [/stigforge/roles/rhel10_stig : Ensure permission u-xwrs,g-xwrs,o-xwrt on /etc/gshadow] ***
ok: [localhost]

TASK [/stigforge/roles/rhel10_stig : Test for existence /etc/passwd] ***********
ok: [localhost]

TASK [/stigforge/roles/rhel10_stig : Ensure permission u-xs,g-xws,o-xwt on /etc/passwd] ***
ok: [localhost]

TASK [/stigforge/roles/rhel10_stig : Test for existence /etc/shadow] ***********
ok: [localhost]

TASK [/stigforge/roles/rhel10_stig : Ensure permission u-xwrs,g-xwrs,o-xwrt on /etc/shadow] ***
ok: [localhost]

TASK [/stigforge/roles/rhel10_stig : Set the file_groupowner_var_log_newgroup variable if represented by gid] ***
ok: [localhost]

TASK [/stigforge/roles/rhel10_stig : Ensure group owner on /var/log/] **********
ok: [localhost]

TASK [/stigforge/roles/rhel10_stig : Set the file_groupowner_var_log_messages_newgroup variable if represented by gid] ***
ok: [localhost]

TASK [/stigforge/roles/rhel10_stig : Test for existence /var/log/messages] *****
ok: [localhost]

TASK [/stigforge/roles/rhel10_stig : Ensure group owner on /var/log/messages] ***
skipping: [localhost]

TASK [/stigforge/roles/rhel10_stig : Set the file_owner_var_log_newown variable if represented by uid] ***
ok: [localhost]

TASK [/stigforge/roles/rhel10_stig : Ensure owner on directory /var/log/] ******
ok: [localhost]

TASK [/stigforge/roles/rhel10_stig : Set the file_owner_var_log_messages_newown variable if represented by uid] ***
ok: [localhost]

TASK [/stigforge/roles/rhel10_stig : Test for existence /var/log/messages] *****
ok: [localhost]

TASK [/stigforge/roles/rhel10_stig : Ensure owner on /var/log/messages] ********
skipping: [localhost]

TASK [/stigforge/roles/rhel10_stig : Find /var/log/ file(s)] *******************
ok: [localhost]

TASK [/stigforge/roles/rhel10_stig : Set permissions for /var/log/ file(s)] ****
skipping: [localhost]

TASK [/stigforge/roles/rhel10_stig : Test for existence /var/log/messages] *****
ok: [localhost]

TASK [/stigforge/roles/rhel10_stig : Ensure permission u-xs,g-xwrs,o-xwrt on /var/log/messages] ***
skipping: [localhost]

TASK [/stigforge/roles/rhel10_stig : Set the dir_group_ownership_library_dirs_newgroup variable if represented by gid] ***
ok: [localhost]

TASK [/stigforge/roles/rhel10_stig : Ensure group owner on /lib/ recursively] ***
ok: [localhost]

TASK [/stigforge/roles/rhel10_stig : Ensure group owner on /lib64/ recursively] ***
ok: [localhost]

TASK [/stigforge/roles/rhel10_stig : Ensure group owner on /usr/lib/ recursively] ***
ok: [localhost]

TASK [/stigforge/roles/rhel10_stig : Ensure group owner on /usr/lib64/ recursively] ***
ok: [localhost]

TASK [/stigforge/roles/rhel10_stig : Set the dir_ownership_library_dirs_newown variable if represented by uid] ***
ok: [localhost]

TASK [/stigforge/roles/rhel10_stig : Ensure owner on directory /lib/ recursively] ***
ok: [localhost]

TASK [/stigforge/roles/rhel10_stig : Ensure owner on directory /lib64/ recursively] ***
ok: [localhost]

TASK [/stigforge/roles/rhel10_stig : Ensure owner on directory /usr/lib/ recursively] ***
ok: [localhost]

TASK [/stigforge/roles/rhel10_stig : Ensure owner on directory /usr/lib64/ recursively] ***
ok: [localhost]

TASK [/stigforge/roles/rhel10_stig : Find /lib/ file(s) recursively] ***********
ok: [localhost]

TASK [/stigforge/roles/rhel10_stig : Set permissions for /lib/ file(s)] ********
skipping: [localhost]

TASK [/stigforge/roles/rhel10_stig : Find /lib64/ file(s) recursively] *********
ok: [localhost]

TASK [/stigforge/roles/rhel10_stig : Set permissions for /lib64/ file(s)] ******
skipping: [localhost]

TASK [/stigforge/roles/rhel10_stig : Find /usr/lib/ file(s) recursively] *******
ok: [localhost]

TASK [/stigforge/roles/rhel10_stig : Set permissions for /usr/lib/ file(s)] ****
skipping: [localhost]

TASK [/stigforge/roles/rhel10_stig : Find /usr/lib64/ file(s) recursively] *****
ok: [localhost]

TASK [/stigforge/roles/rhel10_stig : Set permissions for /usr/lib64/ file(s)] ***
skipping: [localhost]

TASK [/stigforge/roles/rhel10_stig : Verify that system commands files are group owned by root or a system account - Find system command files with incorrect group ownership] ***
ok: [localhost] => (item=/bin)
ok: [localhost] => (item=/sbin)
ok: [localhost] => (item=/usr/bin)
ok: [localhost] => (item=/usr/sbin)
ok: [localhost] => (item=/usr/local/bin)
ok: [localhost] => (item=/usr/local/sbin)

TASK [/stigforge/roles/rhel10_stig : Verify that system commands files are group owned by root or a system account - Set group ownership to root for system command files] ***
skipping: [localhost]

TASK [/stigforge/roles/rhel10_stig : Read list of system executables without root ownership] ***
ok: [localhost]

TASK [/stigforge/roles/rhel10_stig : Set ownership to root of system executables] ***
skipping: [localhost]

TASK [/stigforge/roles/rhel10_stig : Set the file_ownership_library_dirs_newown variable if represented by uid] ***
ok: [localhost]

TASK [/stigforge/roles/rhel10_stig : Find /lib/ file(s) matching ^.*\.so.*$ recursively] ***
ok: [localhost]

TASK [/stigforge/roles/rhel10_stig : Ensure owner on /lib/ file(s) matching ^.*\.so.*$] ***
skipping: [localhost]

TASK [/stigforge/roles/rhel10_stig : Find /lib64/ file(s) matching ^.*\.so.*$ recursively] ***
ok: [localhost]

TASK [/stigforge/roles/rhel10_stig : Ensure owner on /lib64/ file(s) matching ^.*\.so.*$] ***
skipping: [localhost]

TASK [/stigforge/roles/rhel10_stig : Find /usr/lib/ file(s) matching ^.*\.so.*$ recursively] ***
ok: [localhost]

TASK [/stigforge/roles/rhel10_stig : Ensure owner on /usr/lib/ file(s) matching ^.*\.so.*$] ***
skipping: [localhost]

TASK [/stigforge/roles/rhel10_stig : Find /usr/lib64/ file(s) matching ^.*\.so.*$ recursively] ***
ok: [localhost]

TASK [/stigforge/roles/rhel10_stig : Ensure owner on /usr/lib64/ file(s) matching ^.*\.so.*$] ***
skipping: [localhost]

TASK [/stigforge/roles/rhel10_stig : Read list of world and group writable system executables] ***
ok: [localhost]

TASK [/stigforge/roles/rhel10_stig : Remove world/group writability of system executables] ***
skipping: [localhost]

TASK [/stigforge/roles/rhel10_stig : Find /lib/ file(s) recursively] ***********
ok: [localhost]

TASK [/stigforge/roles/rhel10_stig : Set permissions for /lib/ file(s)] ********
skipping: [localhost]

TASK [/stigforge/roles/rhel10_stig : Find /lib64/ file(s) recursively] *********
ok: [localhost]

TASK [/stigforge/roles/rhel10_stig : Set permissions for /lib64/ file(s)] ******
skipping: [localhost]

TASK [/stigforge/roles/rhel10_stig : Find /usr/lib/ file(s) recursively] *******
ok: [localhost]

TASK [/stigforge/roles/rhel10_stig : Set permissions for /usr/lib/ file(s)] ****
skipping: [localhost]

TASK [/stigforge/roles/rhel10_stig : Find /usr/lib64/ file(s) recursively] *****
ok: [localhost]

TASK [/stigforge/roles/rhel10_stig : Set permissions for /usr/lib64/ file(s)] ***
skipping: [localhost]

TASK [/stigforge/roles/rhel10_stig : Set the root_permissions_syslibrary_files_newgroup variable if represented by gid] ***
ok: [localhost]

TASK [/stigforge/roles/rhel10_stig : Find /lib/ file(s) matching ^.*\.so.*$ recursively] ***
ok: [localhost]

TASK [/stigforge/roles/rhel10_stig : Ensure group owner on /lib/ file(s) matching ^.*\.so.*$] ***
skipping: [localhost]

TASK [/stigforge/roles/rhel10_stig : Find /lib64/ file(s) matching ^.*\.so.*$ recursively] ***
ok: [localhost]

TASK [/stigforge/roles/rhel10_stig : Ensure group owner on /lib64/ file(s) matching ^.*\.so.*$] ***
skipping: [localhost]

TASK [/stigforge/roles/rhel10_stig : Find /usr/lib/ file(s) matching ^.*\.so.*$ recursively] ***
ok: [localhost]

TASK [/stigforge/roles/rhel10_stig : Ensure group owner on /usr/lib/ file(s) matching ^.*\.so.*$] ***
skipping: [localhost]

TASK [/stigforge/roles/rhel10_stig : Find /usr/lib64/ file(s) matching ^.*\.so.*$ recursively] ***
ok: [localhost]

TASK [/stigforge/roles/rhel10_stig : Ensure group owner on /usr/lib64/ file(s) matching ^.*\.so.*$] ***
skipping: [localhost]

TASK [/stigforge/roles/rhel10_stig : Ensure rootfiles tmpfile.d is Configured Correctly - Find configuration files] ***
ok: [localhost]

TASK [/stigforge/roles/rhel10_stig : Ensure rootfiles tmpfile.d is Configured Correctly - Remove existing configuration] ***
skipping: [localhost]

TASK [/stigforge/roles/rhel10_stig : Ensure rootfiles tmpfile.d is Configured Correctly] ***
changed: [localhost]

TASK [/stigforge/roles/rhel10_stig : Ensure rootfiles tmpfile.d is Configured Correctly - Find configuration files] ***
ok: [localhost]

TASK [/stigforge/roles/rhel10_stig : Ensure rootfiles tmpfile.d is Configured Correctly - Remove existing configuration] ***
ok: [localhost] => (item={'path': '/etc/tmpfiles.d/rootfiles.conf', 'mode': '0644', 'isdir': False, 'ischr': False, 'isblk': False, 'isreg': True, 'isfifo': False, 'islnk': False, 'issock': False, 'uid': 0, 'gid': 0, 'size': 71, 'inode': 20847414, 'dev': 209, 'nlink': 1, 'atime': 1789216441.1270294, 'mtime': 1789216441.1279526, 'ctime': 1789216441.1279526, 'gr_name': 'root', 'pw_name': 'root', 'wusr': True, 'rusr': True, 'xusr': False, 'wgrp': False, 'rgrp': True, 'xgrp': False, 'woth': False, 'roth': True, 'xoth': False, 'isuid': False, 'isgid': False})

TASK [/stigforge/roles/rhel10_stig : Ensure rootfiles tmpfile.d is Configured Correctly] ***
changed: [localhost]

TASK [/stigforge/roles/rhel10_stig : Ensure rootfiles tmpfile.d is Configured Correctly - Find configuration files] ***
ok: [localhost]

TASK [/stigforge/roles/rhel10_stig : Ensure rootfiles tmpfile.d is Configured Correctly - Remove existing configuration] ***
ok: [localhost] => (item={'path': '/etc/tmpfiles.d/rootfiles.conf', 'mode': '0644', 'isdir': False, 'ischr': False, 'isblk': False, 'isreg': True, 'isfifo': False, 'islnk': False, 'issock': False, 'uid': 0, 'gid': 0, 'size': 144, 'inode': 20847416, 'dev': 209, 'nlink': 1, 'atime': 1789216441.5676134, 'mtime': 1789216441.5676136, 'ctime': 1789216441.5675547, 'gr_name': 'root', 'pw_name': 'root', 'wusr': True, 'rusr': True, 'xusr': False, 'wgrp': False, 'rgrp': True, 'xgrp': False, 'woth': False, 'roth': True, 'xoth': False, 'isuid': False, 'isgid': False})

TASK [/stigforge/roles/rhel10_stig : Ensure rootfiles tmpfile.d is Configured Correctly] ***
changed: [localhost]

TASK [/stigforge/roles/rhel10_stig : Ensure rootfiles tmpfile.d is Configured Correctly - Find configuration files] ***
ok: [localhost]

TASK [/stigforge/roles/rhel10_stig : Ensure rootfiles tmpfile.d is Configured Correctly - Remove existing configuration] ***
ok: [localhost] => (item={'path': '/etc/tmpfiles.d/rootfiles.conf', 'mode': '0644', 'isdir': False, 'ischr': False, 'isblk': False, 'isreg': True, 'isfifo': False, 'islnk': False, 'issock': False, 'uid': 0, 'gid': 0, 'size': 205, 'inode': 20847414, 'dev': 209, 'nlink': 1, 'atime': 1789216442.0154564, 'mtime': 1789216442.0154567, 'ctime': 1789216442.0153959, 'gr_name': 'root', 'pw_name': 'root', 'wusr': True, 'rusr': True, 'xusr': False, 'wgrp': False, 'rgrp': True, 'xgrp': False, 'woth': False, 'roth': True, 'xoth': False, 'isuid': False, 'isgid': False})

TASK [/stigforge/roles/rhel10_stig : Ensure rootfiles tmpfile.d is Configured Correctly] ***
changed: [localhost]

TASK [/stigforge/roles/rhel10_stig : Ensure rootfiles tmpfile.d is Configured Correctly - Find configuration files] ***
ok: [localhost]

TASK [/stigforge/roles/rhel10_stig : Ensure rootfiles tmpfile.d is Configured Correctly - Remove existing configuration] ***
ok: [localhost] => (item={'path': '/etc/tmpfiles.d/rootfiles.conf', 'mode': '0644', 'isdir': False, 'ischr': False, 'isblk': False, 'isreg': True, 'isfifo': False, 'islnk': False, 'issock': False, 'uid': 0, 'gid': 0, 'size': 264, 'inode': 20847416, 'dev': 209, 'nlink': 1, 'atime': 1789216442.4584544, 'mtime': 1789216442.4584546, 'ctime': 1789216442.458389, 'gr_name': 'root', 'pw_name': 'root', 'wusr': True, 'rusr': True, 'xusr': False, 'wgrp': False, 'rgrp': True, 'xgrp': False, 'woth': False, 'roth': True, 'xoth': False, 'isuid': False, 'isgid': False})

TASK [/stigforge/roles/rhel10_stig : Ensure rootfiles tmpfile.d is Configured Correctly] ***
changed: [localhost]

TASK [/stigforge/roles/rhel10_stig : Ensure kernel module 'usb-storage' is disabled] ***
skipping: [localhost]

TASK [/stigforge/roles/rhel10_stig : Ensure kernel module 'usb-storage' is blacklisted] ***
skipping: [localhost]

TASK [/stigforge/roles/rhel10_stig : Add nosuid Option to /boot/efi: Check information associated to mountpoint] ***
skipping: [localhost]

TASK [/stigforge/roles/rhel10_stig : Add nosuid Option to /boot/efi: Create mount_info dictionary variable] ***
skipping: [localhost]

TASK [/stigforge/roles/rhel10_stig : Add nosuid Option to /boot/efi: If /boot/efi not mounted, craft mount_info manually] ***
skipping: [localhost] => (item=['target', '/boot/efi']) 
skipping: [localhost] => (item=['source', '']) 
skipping: [localhost] => (item=['fstype', '']) 
skipping: [localhost] => (item=['options', 'defaults']) 
skipping: [localhost]

TASK [/stigforge/roles/rhel10_stig : Add nosuid Option to /boot/efi: Make sure nosuid option is part of the to /boot/efi options] ***
skipping: [localhost]

TASK [/stigforge/roles/rhel10_stig : Add nosuid Option to /boot/efi: Ensure /boot/efi is mounted with nosuid option] ***
skipping: [localhost]

TASK [/stigforge/roles/rhel10_stig : Add nodev Option to /boot: Check information associated to mountpoint] ***
skipping: [localhost]

TASK [/stigforge/roles/rhel10_stig : Add nodev Option to /boot: Create mount_info dictionary variable] ***
skipping: [localhost]

TASK [/stigforge/roles/rhel10_stig : Add nodev Option to /boot: If /boot not mounted, craft mount_info manually] ***
skipping: [localhost] => (item=['target', '/boot']) 
skipping: [localhost] => (item=['source', '']) 
skipping: [localhost] => (item=['fstype', '']) 
skipping: [localhost] => (item=['options', 'defaults']) 
skipping: [localhost]

TASK [/stigforge/roles/rhel10_stig : Add nodev Option to /boot: Make sure nodev option is part of the to /boot options] ***
skipping: [localhost]

TASK [/stigforge/roles/rhel10_stig : Add nodev Option to /boot: Ensure /boot is mounted with nodev option] ***
skipping: [localhost]

TASK [/stigforge/roles/rhel10_stig : Add nosuid Option to /boot: Check information associated to mountpoint] ***
skipping: [localhost]

TASK [/stigforge/roles/rhel10_stig : Add nosuid Option to /boot: Create mount_info dictionary variable] ***
skipping: [localhost]

TASK [/stigforge/roles/rhel10_stig : Add nosuid Option to /boot: If /boot not mounted, craft mount_info manually] ***
skipping: [localhost] => (item=['target', '/boot']) 
skipping: [localhost] => (item=['source', '']) 
skipping: [localhost] => (item=['fstype', '']) 
skipping: [localhost] => (item=['options', 'defaults']) 
skipping: [localhost]

TASK [/stigforge/roles/rhel10_stig : Add nosuid Option to /boot: Make sure nosuid option is part of the to /boot options] ***
skipping: [localhost]

TASK [/stigforge/roles/rhel10_stig : Add nosuid Option to /boot: Ensure /boot is mounted with nosuid option] ***
skipping: [localhost]

TASK [/stigforge/roles/rhel10_stig : Add nodev Option to /dev/shm: Check information associated to mountpoint] ***
skipping: [localhost]

TASK [/stigforge/roles/rhel10_stig : Add nodev Option to /dev/shm: Create mount_info dictionary variable] ***
skipping: [localhost]

TASK [/stigforge/roles/rhel10_stig : Add nodev Option to /dev/shm: If /dev/shm not mounted, craft mount_info manually] ***
skipping: [localhost] => (item=['target', '/dev/shm']) 
skipping: [localhost] => (item=['source', 'tmpfs']) 
skipping: [localhost] => (item=['fstype', 'tmpfs']) 
skipping: [localhost] => (item=['options', 'defaults']) 
skipping: [localhost]

TASK [/stigforge/roles/rhel10_stig : Add nodev Option to /dev/shm: Make sure nodev option is part of the to /dev/shm options] ***
skipping: [localhost]

TASK [/stigforge/roles/rhel10_stig : Add nodev Option to /dev/shm: Ensure /dev/shm is mounted with nodev option] ***
skipping: [localhost]

TASK [/stigforge/roles/rhel10_stig : Add noexec Option to /dev/shm: Check information associated to mountpoint] ***
skipping: [localhost]

TASK [/stigforge/roles/rhel10_stig : Add noexec Option to /dev/shm: Create mount_info dictionary variable] ***
skipping: [localhost]

TASK [/stigforge/roles/rhel10_stig : Add noexec Option to /dev/shm: If /dev/shm not mounted, craft mount_info manually] ***
skipping: [localhost] => (item=['target', '/dev/shm']) 
skipping: [localhost] => (item=['source', 'tmpfs']) 
skipping: [localhost] => (item=['fstype', 'tmpfs']) 
skipping: [localhost] => (item=['options', 'defaults']) 
skipping: [localhost]

TASK [/stigforge/roles/rhel10_stig : Add noexec Option to /dev/shm: Make sure noexec option is part of the to /dev/shm options] ***
skipping: [localhost]

TASK [/stigforge/roles/rhel10_stig : Add noexec Option to /dev/shm: Ensure /dev/shm is mounted with noexec option] ***
skipping: [localhost]

TASK [/stigforge/roles/rhel10_stig : Add nosuid Option to /dev/shm: Check information associated to mountpoint] ***
skipping: [localhost]

TASK [/stigforge/roles/rhel10_stig : Add nosuid Option to /dev/shm: Create mount_info dictionary variable] ***
skipping: [localhost]

TASK [/stigforge/roles/rhel10_stig : Add nosuid Option to /dev/shm: If /dev/shm not mounted, craft mount_info manually] ***
skipping: [localhost] => (item=['target', '/dev/shm']) 
skipping: [localhost] => (item=['source', 'tmpfs']) 
skipping: [localhost] => (item=['fstype', 'tmpfs']) 
skipping: [localhost] => (item=['options', 'defaults']) 
skipping: [localhost]

TASK [/stigforge/roles/rhel10_stig : Add nosuid Option to /dev/shm: Make sure nosuid option is part of the to /dev/shm options] ***
skipping: [localhost]

TASK [/stigforge/roles/rhel10_stig : Add nosuid Option to /dev/shm: Ensure /dev/shm is mounted with nosuid option] ***
skipping: [localhost]

TASK [/stigforge/roles/rhel10_stig : Add nodev Option to /home: Check information associated to mountpoint] ***
skipping: [localhost]

TASK [/stigforge/roles/rhel10_stig : Add nodev Option to /home: Create mount_info dictionary variable] ***
skipping: [localhost]

TASK [/stigforge/roles/rhel10_stig : Add nodev Option to /home: If /home not mounted, craft mount_info manually] ***
skipping: [localhost] => (item=['target', '/home']) 
skipping: [localhost] => (item=['source', '']) 
skipping: [localhost] => (item=['fstype', '']) 
skipping: [localhost] => (item=['options', 'defaults']) 
skipping: [localhost]

TASK [/stigforge/roles/rhel10_stig : Add nodev Option to /home: Make sure nodev option is part of the to /home options] ***
skipping: [localhost]

TASK [/stigforge/roles/rhel10_stig : Add nodev Option to /home: Ensure /home is mounted with nodev option] ***
skipping: [localhost]

TASK [/stigforge/roles/rhel10_stig : Add noexec Option to /home: Check information associated to mountpoint] ***
skipping: [localhost]

TASK [/stigforge/roles/rhel10_stig : Add noexec Option to /home: Create mount_info dictionary variable] ***
skipping: [localhost]

TASK [/stigforge/roles/rhel10_stig : Add noexec Option to /home: If /home not mounted, craft mount_info manually] ***
skipping: [localhost] => (item=['target', '/home']) 
skipping: [localhost] => (item=['source', '']) 
skipping: [localhost] => (item=['fstype', '']) 
skipping: [localhost] => (item=['options', 'defaults']) 
skipping: [localhost]

TASK [/stigforge/roles/rhel10_stig : Add noexec Option to /home: Make sure noexec option is part of the to /home options] ***
skipping: [localhost]

TASK [/stigforge/roles/rhel10_stig : Add noexec Option to /home: Ensure /home is mounted with noexec option] ***
skipping: [localhost]

TASK [/stigforge/roles/rhel10_stig : Add nosuid Option to /home: Check information associated to mountpoint] ***
skipping: [localhost]

TASK [/stigforge/roles/rhel10_stig : Add nosuid Option to /home: Create mount_info dictionary variable] ***
skipping: [localhost]

TASK [/stigforge/roles/rhel10_stig : Add nosuid Option to /home: If /home not mounted, craft mount_info manually] ***
skipping: [localhost] => (item=['target', '/home']) 
skipping: [localhost] => (item=['source', '']) 
skipping: [localhost] => (item=['fstype', '']) 
skipping: [localhost] => (item=['options', 'defaults']) 
skipping: [localhost]

TASK [/stigforge/roles/rhel10_stig : Add nosuid Option to /home: Make sure nosuid option is part of the to /home options] ***
skipping: [localhost]

TASK [/stigforge/roles/rhel10_stig : Add nosuid Option to /home: Ensure /home is mounted with nosuid option] ***
skipping: [localhost]

TASK [/stigforge/roles/rhel10_stig : Add nodev Option to Non-Root Local Partitions: Refresh facts] ***
skipping: [localhost]

TASK [/stigforge/roles/rhel10_stig : Add nodev Option to Non-Root Local Partitions: Define excluded (non-local) file systems] ***
skipping: [localhost]

TASK [/stigforge/roles/rhel10_stig : Add nodev Option to Non-Root Local Partitions: Ensure non-root local partitions are mounted with nodev option] ***
skipping: [localhost] => (item={'mount': '/stigforge/artifacts', 'device': '/dev/nvme0n1p2', 'fstype': 'ext4', 'options': 'rw,relatime,bind', 'dump': 0, 'passno': 0, 'size_total': 1005867986944, 'size_available': 483572850688, 'block_size': 4096, 'block_total': 245573239, 'block_available': 118059778, 'block_used': 127513461, 'inode_total': 62447616, 'inode_available': 59703050, 'inode_used': 2744566, 'uuid': 'N/A'}) 
skipping: [localhost] => (item={'mount': '/stigforge/roles', 'device': '/dev/nvme0n1p2', 'fstype': 'ext4', 'options': 'ro,relatime,bind', 'dump': 0, 'passno': 0, 'size_total': 1005867986944, 'size_available': 483572850688, 'block_size': 4096, 'block_total': 245573239, 'block_available': 118059778, 'block_used': 127513461, 'inode_total': 62447616, 'inode_available': 59703050, 'inode_used': 2744566, 'uuid': 'N/A'}) 
skipping: [localhost] => (item={'mount': '/stigforge/policy', 'device': '/dev/nvme0n1p2', 'fstype': 'ext4', 'options': 'ro,relatime,bind', 'dump': 0, 'passno': 0, 'size_total': 1005867986944, 'size_available': 483572850688, 'block_size': 4096, 'block_total': 245573239, 'block_available': 118059778, 'block_used': 127513461, 'inode_total': 62447616, 'inode_available': 59703050, 'inode_used': 2744566, 'uuid': 'N/A'}) 
skipping: [localhost] => (item={'mount': '/stigforge/generator', 'device': '/dev/nvme0n1p2', 'fstype': 'ext4', 'options': 'ro,relatime,bind', 'dump': 0, 'passno': 0, 'size_total': 1005867986944, 'size_available': 483572850688, 'block_size': 4096, 'block_total': 245573239, 'block_available': 118059778, 'block_used': 127513461, 'inode_total': 62447616, 'inode_available': 59703050, 'inode_used': 2744566, 'uuid': 'N/A'}) 
skipping: [localhost] => (item={'mount': '/stigforge/pyproject.toml', 'device': '/dev/nvme0n1p2', 'fstype': 'ext4', 'options': 'ro,relatime,bind', 'dump': 0, 'passno': 0, 'size_total': 1005867986944, 'size_available': 483572850688, 'block_size': 4096, 'block_total': 245573239, 'block_available': 118059778, 'block_used': 127513461, 'inode_total': 62447616, 'inode_available': 59703050, 'inode_used': 2744566, 'uuid': 'N/A'}) 
skipping: [localhost] => (item={'mount': '/etc/resolv.conf', 'device': '/dev/nvme0n1p2', 'fstype': 'ext4', 'options': 'rw,relatime,bind', 'dump': 0, 'passno': 0, 'size_total': 1005867986944, 'size_available': 483572850688, 'block_size': 4096, 'block_total': 245573239, 'block_available': 118059778, 'block_used': 127513461, 'inode_total': 62447616, 'inode_available': 59703050, 'inode_used': 2744566, 'uuid': 'N/A'}) 
skipping: [localhost] => (item={'mount': '/etc/hostname', 'device': '/dev/nvme0n1p2', 'fstype': 'ext4', 'options': 'rw,relatime,bind', 'dump': 0, 'passno': 0, 'size_total': 1005867986944, 'size_available': 483572850688, 'block_size': 4096, 'block_total': 245573239, 'block_available': 118059778, 'block_used': 127513461, 'inode_total': 62447616, 'inode_available': 59703050, 'inode_used': 2744566, 'uuid': 'N/A'}) 
skipping: [localhost] => (item={'mount': '/etc/hosts', 'device': '/dev/nvme0n1p2', 'fstype': 'ext4', 'options': 'rw,relatime,bind', 'dump': 0, 'passno': 0, 'size_total': 1005867986944, 'size_available': 483572850688, 'block_size': 4096, 'block_total': 245573239, 'block_available': 118059778, 'block_used': 127513461, 'inode_total': 62447616, 'inode_available': 59703050, 'inode_used': 2744566, 'uuid': 'N/A'}) 
skipping: [localhost]

TASK [/stigforge/roles/rhel10_stig : Add nodev Option to Non-Root Local Partitions: Ensure nodev option in /etc/fstab for non-root local partitions] ***
skipping: [localhost]

TASK [/stigforge/roles/rhel10_stig : Add nodev Option to /tmp: Check information associated to mountpoint] ***
skipping: [localhost]

TASK [/stigforge/roles/rhel10_stig : Add nodev Option to /tmp: Create mount_info dictionary variable] ***
skipping: [localhost]

TASK [/stigforge/roles/rhel10_stig : Add nodev Option to /tmp: If /tmp not mounted, craft mount_info manually] ***
skipping: [localhost] => (item=['target', '/tmp']) 
skipping: [localhost] => (item=['source', '']) 
skipping: [localhost] => (item=['fstype', '']) 
skipping: [localhost] => (item=['options', 'defaults']) 
skipping: [localhost]

TASK [/stigforge/roles/rhel10_stig : Add nodev Option to /tmp: Make sure nodev option is part of the to /tmp options] ***
skipping: [localhost]

TASK [/stigforge/roles/rhel10_stig : Add nodev Option to /tmp: Ensure /tmp is mounted with nodev option] ***
skipping: [localhost]

TASK [/stigforge/roles/rhel10_stig : Add noexec Option to /tmp: Check information associated to mountpoint] ***
skipping: [localhost]

TASK [/stigforge/roles/rhel10_stig : Add noexec Option to /tmp: Create mount_info dictionary variable] ***
skipping: [localhost]

TASK [/stigforge/roles/rhel10_stig : Add noexec Option to /tmp: If /tmp not mounted, craft mount_info manually] ***
skipping: [localhost] => (item=['target', '/tmp']) 
skipping: [localhost] => (item=['source', '']) 
skipping: [localhost] => (item=['fstype', '']) 
skipping: [localhost] => (item=['options', 'defaults']) 
skipping: [localhost]

TASK [/stigforge/roles/rhel10_stig : Add noexec Option to /tmp: Make sure noexec option is part of the to /tmp options] ***
skipping: [localhost]

TASK [/stigforge/roles/rhel10_stig : Add noexec Option to /tmp: Ensure /tmp is mounted with noexec option] ***
skipping: [localhost]

TASK [/stigforge/roles/rhel10_stig : Add nosuid Option to /tmp: Check information associated to mountpoint] ***
skipping: [localhost]

TASK [/stigforge/roles/rhel10_stig : Add nosuid Option to /tmp: Create mount_info dictionary variable] ***
skipping: [localhost]

TASK [/stigforge/roles/rhel10_stig : Add nosuid Option to /tmp: If /tmp not mounted, craft mount_info manually] ***
skipping: [localhost] => (item=['target', '/tmp']) 
skipping: [localhost] => (item=['source', '']) 
skipping: [localhost] => (item=['fstype', '']) 
skipping: [localhost] => (item=['options', 'defaults']) 
skipping: [localhost]

TASK [/stigforge/roles/rhel10_stig : Add nosuid Option to /tmp: Make sure nosuid option is part of the to /tmp options] ***
skipping: [localhost]

TASK [/stigforge/roles/rhel10_stig : Add nosuid Option to /tmp: Ensure /tmp is mounted with nosuid option] ***
skipping: [localhost]

TASK [/stigforge/roles/rhel10_stig : Add nodev Option to /var/log/audit: Check information associated to mountpoint] ***
skipping: [localhost]

TASK [/stigforge/roles/rhel10_stig : Add nodev Option to /var/log/audit: Create mount_info dictionary variable] ***
skipping: [localhost]

TASK [/stigforge/roles/rhel10_stig : Add nodev Option to /var/log/audit: If /var/log/audit not mounted, craft mount_info manually] ***
skipping: [localhost] => (item=['target', '/var/log/audit']) 
skipping: [localhost] => (item=['source', '']) 
skipping: [localhost] => (item=['fstype', '']) 
skipping: [localhost] => (item=['options', 'defaults']) 
skipping: [localhost]

TASK [/stigforge/roles/rhel10_stig : Add nodev Option to /var/log/audit: Make sure nodev option is part of the to /var/log/audit options] ***
skipping: [localhost]

TASK [/stigforge/roles/rhel10_stig : Add nodev Option to /var/log/audit: Ensure /var/log/audit is mounted with nodev option] ***
skipping: [localhost]

TASK [/stigforge/roles/rhel10_stig : Add noexec Option to /var/log/audit: Check information associated to mountpoint] ***
skipping: [localhost]

TASK [/stigforge/roles/rhel10_stig : Add noexec Option to /var/log/audit: Create mount_info dictionary variable] ***
skipping: [localhost]

TASK [/stigforge/roles/rhel10_stig : Add noexec Option to /var/log/audit: If /var/log/audit not mounted, craft mount_info manually] ***
skipping: [localhost] => (item=['target', '/var/log/audit']) 
skipping: [localhost] => (item=['source', '']) 
skipping: [localhost] => (item=['fstype', '']) 
skipping: [localhost] => (item=['options', 'defaults']) 
skipping: [localhost]

TASK [/stigforge/roles/rhel10_stig : Add noexec Option to /var/log/audit: Make sure noexec option is part of the to /var/log/audit options] ***
skipping: [localhost]

TASK [/stigforge/roles/rhel10_stig : Add noexec Option to /var/log/audit: Ensure /var/log/audit is mounted with noexec option] ***
skipping: [localhost]

TASK [/stigforge/roles/rhel10_stig : Add nosuid Option to /var/log/audit: Check information associated to mountpoint] ***
skipping: [localhost]

TASK [/stigforge/roles/rhel10_stig : Add nosuid Option to /var/log/audit: Create mount_info dictionary variable] ***
skipping: [localhost]

TASK [/stigforge/roles/rhel10_stig : Add nosuid Option to /var/log/audit: If /var/log/audit not mounted, craft mount_info manually] ***
skipping: [localhost] => (item=['target', '/var/log/audit']) 
skipping: [localhost] => (item=['source', '']) 
skipping: [localhost] => (item=['fstype', '']) 
skipping: [localhost] => (item=['options', 'defaults']) 
skipping: [localhost]

TASK [/stigforge/roles/rhel10_stig : Add nosuid Option to /var/log/audit: Make sure nosuid option is part of the to /var/log/audit options] ***
skipping: [localhost]

TASK [/stigforge/roles/rhel10_stig : Add nosuid Option to /var/log/audit: Ensure /var/log/audit is mounted with nosuid option] ***
skipping: [localhost]

TASK [/stigforge/roles/rhel10_stig : Add nodev Option to /var/log: Check information associated to mountpoint] ***
skipping: [localhost]

TASK [/stigforge/roles/rhel10_stig : Add nodev Option to /var/log: Create mount_info dictionary variable] ***
skipping: [localhost]

TASK [/stigforge/roles/rhel10_stig : Add nodev Option to /var/log: If /var/log not mounted, craft mount_info manually] ***
skipping: [localhost] => (item=['target', '/var/log']) 
skipping: [localhost] => (item=['source', '']) 
skipping: [localhost] => (item=['fstype', '']) 
skipping: [localhost] => (item=['options', 'defaults']) 
skipping: [localhost]

TASK [/stigforge/roles/rhel10_stig : Add nodev Option to /var/log: Make sure nodev option is part of the to /var/log options] ***
skipping: [localhost]

TASK [/stigforge/roles/rhel10_stig : Add nodev Option to /var/log: Ensure /var/log is mounted with nodev option] ***
skipping: [localhost]

TASK [/stigforge/roles/rhel10_stig : Add noexec Option to /var/log: Check information associated to mountpoint] ***
skipping: [localhost]

TASK [/stigforge/roles/rhel10_stig : Add noexec Option to /var/log: Create mount_info dictionary variable] ***
skipping: [localhost]

TASK [/stigforge/roles/rhel10_stig : Add noexec Option to /var/log: If /var/log not mounted, craft mount_info manually] ***
skipping: [localhost] => (item=['target', '/var/log']) 
skipping: [localhost] => (item=['source', '']) 
skipping: [localhost] => (item=['fstype', '']) 
skipping: [localhost] => (item=['options', 'defaults']) 
skipping: [localhost]

TASK [/stigforge/roles/rhel10_stig : Add noexec Option to /var/log: Make sure noexec option is part of the to /var/log options] ***
skipping: [localhost]

TASK [/stigforge/roles/rhel10_stig : Add noexec Option to /var/log: Ensure /var/log is mounted with noexec option] ***
skipping: [localhost]

TASK [/stigforge/roles/rhel10_stig : Add nosuid Option to /var/log: Check information associated to mountpoint] ***
skipping: [localhost]

TASK [/stigforge/roles/rhel10_stig : Add nosuid Option to /var/log: Create mount_info dictionary variable] ***
skipping: [localhost]

TASK [/stigforge/roles/rhel10_stig : Add nosuid Option to /var/log: If /var/log not mounted, craft mount_info manually] ***
skipping: [localhost] => (item=['target', '/var/log']) 
skipping: [localhost] => (item=['source', '']) 
skipping: [localhost] => (item=['fstype', '']) 
skipping: [localhost] => (item=['options', 'defaults']) 
skipping: [localhost]

TASK [/stigforge/roles/rhel10_stig : Add nosuid Option to /var/log: Make sure nosuid option is part of the to /var/log options] ***
skipping: [localhost]

TASK [/stigforge/roles/rhel10_stig : Add nosuid Option to /var/log: Ensure /var/log is mounted with nosuid option] ***
skipping: [localhost]

TASK [/stigforge/roles/rhel10_stig : Add nodev Option to /var: Check information associated to mountpoint] ***
skipping: [localhost]

TASK [/stigforge/roles/rhel10_stig : Add nodev Option to /var: Create mount_info dictionary variable] ***
skipping: [localhost]

TASK [/stigforge/roles/rhel10_stig : Add nodev Option to /var: If /var not mounted, craft mount_info manually] ***
skipping: [localhost] => (item=['target', '/var']) 
skipping: [localhost] => (item=['source', '']) 
skipping: [localhost] => (item=['fstype', '']) 
skipping: [localhost] => (item=['options', 'defaults']) 
skipping: [localhost]

TASK [/stigforge/roles/rhel10_stig : Add nodev Option to /var: Make sure nodev option is part of the to /var options] ***
skipping: [localhost]

TASK [/stigforge/roles/rhel10_stig : Add nodev Option to /var: Ensure /var is mounted with nodev option] ***
skipping: [localhost]

TASK [/stigforge/roles/rhel10_stig : Add nodev Option to /var/tmp: Check information associated to mountpoint] ***
skipping: [localhost]

TASK [/stigforge/roles/rhel10_stig : Add nodev Option to /var/tmp: Create mount_info dictionary variable] ***
skipping: [localhost]

TASK [/stigforge/roles/rhel10_stig : Add nodev Option to /var/tmp: If /var/tmp not mounted, craft mount_info manually] ***
skipping: [localhost] => (item=['target', '/var/tmp']) 
skipping: [localhost] => (item=['source', '']) 
skipping: [localhost] => (item=['fstype', '']) 
skipping: [localhost] => (item=['options', 'defaults']) 
skipping: [localhost]

TASK [/stigforge/roles/rhel10_stig : Add nodev Option to /var/tmp: Make sure nodev option is part of the to /var/tmp options] ***
skipping: [localhost]

TASK [/stigforge/roles/rhel10_stig : Add nodev Option to /var/tmp: Ensure /var/tmp is mounted with nodev option] ***
skipping: [localhost]

TASK [/stigforge/roles/rhel10_stig : Add noexec Option to /var/tmp: Check information associated to mountpoint] ***
skipping: [localhost]

TASK [/stigforge/roles/rhel10_stig : Add noexec Option to /var/tmp: Create mount_info dictionary variable] ***
skipping: [localhost]

TASK [/stigforge/roles/rhel10_stig : Add noexec Option to /var/tmp: If /var/tmp not mounted, craft mount_info manually] ***
skipping: [localhost] => (item=['target', '/var/tmp']) 
skipping: [localhost] => (item=['source', '']) 
skipping: [localhost] => (item=['fstype', '']) 
skipping: [localhost] => (item=['options', 'defaults']) 
skipping: [localhost]

TASK [/stigforge/roles/rhel10_stig : Add noexec Option to /var/tmp: Make sure noexec option is part of the to /var/tmp options] ***
skipping: [localhost]

TASK [/stigforge/roles/rhel10_stig : Add noexec Option to /var/tmp: Ensure /var/tmp is mounted with noexec option] ***
skipping: [localhost]

TASK [/stigforge/roles/rhel10_stig : Add nosuid Option to /var/tmp: Check information associated to mountpoint] ***
skipping: [localhost]

TASK [/stigforge/roles/rhel10_stig : Add nosuid Option to /var/tmp: Create mount_info dictionary variable] ***
skipping: [localhost]

TASK [/stigforge/roles/rhel10_stig : Add nosuid Option to /var/tmp: If /var/tmp not mounted, craft mount_info manually] ***
skipping: [localhost] => (item=['target', '/var/tmp']) 
skipping: [localhost] => (item=['source', '']) 
skipping: [localhost] => (item=['fstype', '']) 
skipping: [localhost] => (item=['options', 'defaults']) 
skipping: [localhost]

TASK [/stigforge/roles/rhel10_stig : Add nosuid Option to /var/tmp: Make sure nosuid option is part of the to /var/tmp options] ***
skipping: [localhost]

TASK [/stigforge/roles/rhel10_stig : Add nosuid Option to /var/tmp: Ensure /var/tmp is mounted with nosuid option] ***
skipping: [localhost]

TASK [/stigforge/roles/rhel10_stig : Disable storing core dumps - Set fact for sysctl paths] ***
skipping: [localhost]

TASK [/stigforge/roles/rhel10_stig : Disable storing core dumps - Find all files that contain kernel.core_pattern] ***
skipping: [localhost]

TASK [/stigforge/roles/rhel10_stig : Disable storing core dumps - Find all files that set kernel.core_pattern to correct value] ***
skipping: [localhost]

TASK [/stigforge/roles/rhel10_stig : Disable storing core dumps - Comment out any occurrences of kernel.core_pattern from config files] ***
skipping: [localhost]

TASK [/stigforge/roles/rhel10_stig : Disable storing core dumps - Comment out any occurrences of kernel.core_pattern from /etc/sysctl.conf] ***
skipping: [localhost]

TASK [/stigforge/roles/rhel10_stig : Disable storing core dumps - Ensure sysctl kernel.core_pattern is set to |/bin/false] ***
skipping: [localhost]

TASK [/stigforge/roles/rhel10_stig : Restrict Access to Kernel Message Buffer - Set fact for sysctl paths] ***
skipping: [localhost]

TASK [/stigforge/roles/rhel10_stig : Restrict Access to Kernel Message Buffer - Find all files that contain kernel.dmesg_restrict] ***
skipping: [localhost]

TASK [/stigforge/roles/rhel10_stig : Restrict Access to Kernel Message Buffer - Find all files that set kernel.dmesg_restrict to correct value] ***
skipping: [localhost]

TASK [/stigforge/roles/rhel10_stig : Restrict Access to Kernel Message Buffer - Comment out any occurrences of kernel.dmesg_restrict from config files] ***
skipping: [localhost]

TASK [/stigforge/roles/rhel10_stig : Restrict Access to Kernel Message Buffer - Comment out any occurrences of kernel.dmesg_restrict from /etc/sysctl.conf] ***
skipping: [localhost]

TASK [/stigforge/roles/rhel10_stig : Restrict Access to Kernel Message Buffer - Ensure sysctl kernel.dmesg_restrict is set to 1] ***
skipping: [localhost]

TASK [/stigforge/roles/rhel10_stig : Disable Kernel Image Loading - Set fact for sysctl paths] ***
skipping: [localhost]

TASK [/stigforge/roles/rhel10_stig : Disable Kernel Image Loading - Find all files that contain kernel.kexec_load_disabled] ***
skipping: [localhost]

TASK [/stigforge/roles/rhel10_stig : Disable Kernel Image Loading - Find all files that set kernel.kexec_load_disabled to correct value] ***
skipping: [localhost]

TASK [/stigforge/roles/rhel10_stig : Disable Kernel Image Loading - Comment out any occurrences of kernel.kexec_load_disabled from config files] ***
skipping: [localhost]

TASK [/stigforge/roles/rhel10_stig : Disable Kernel Image Loading - Comment out any occurrences of kernel.kexec_load_disabled from /etc/sysctl.conf] ***
skipping: [localhost]

TASK [/stigforge/roles/rhel10_stig : Disable Kernel Image Loading - Ensure sysctl kernel.kexec_load_disabled is set to 1] ***
skipping: [localhost]

TASK [/stigforge/roles/rhel10_stig : Disallow kernel profiling by unprivileged users - Set fact for sysctl paths] ***
skipping: [localhost]

TASK [/stigforge/roles/rhel10_stig : Disallow kernel profiling by unprivileged users - Find all files that contain kernel.perf_event_paranoid] ***
skipping: [localhost]

TASK [/stigforge/roles/rhel10_stig : Disallow kernel profiling by unprivileged users - Find all files that set kernel.perf_event_paranoid to correct value] ***
skipping: [localhost]

TASK [/stigforge/roles/rhel10_stig : Disallow kernel profiling by unprivileged users - Comment out any occurrences of kernel.perf_event_paranoid from config files] ***
skipping: [localhost]

TASK [/stigforge/roles/rhel10_stig : Disallow kernel profiling by unprivileged users - Comment out any occurrences of kernel.perf_event_paranoid from /etc/sysctl.conf] ***
skipping: [localhost]

TASK [/stigforge/roles/rhel10_stig : Disallow kernel profiling by unprivileged users - Ensure sysctl kernel.perf_event_paranoid is set to 2] ***
skipping: [localhost]

TASK [/stigforge/roles/rhel10_stig : Disable Access to Network bpf() Syscall From Unprivileged Processes - Set fact for sysctl paths] ***
skipping: [localhost]

TASK [/stigforge/roles/rhel10_stig : Disable Access to Network bpf() Syscall From Unprivileged Processes - Find all files that contain kernel.unprivileged_bpf_disabled] ***
skipping: [localhost]

TASK [/stigforge/roles/rhel10_stig : Disable Access to Network bpf() Syscall From Unprivileged Processes - Find all files that set kernel.unprivileged_bpf_disabled to correct value] ***
skipping: [localhost]

TASK [/stigforge/roles/rhel10_stig : Disable Access to Network bpf() Syscall From Unprivileged Processes - Comment out any occurrences of kernel.unprivileged_bpf_disabled from config files] ***
skipping: [localhost]

TASK [/stigforge/roles/rhel10_stig : Disable Access to Network bpf() Syscall From Unprivileged Processes - Comment out any occurrences of kernel.unprivileged_bpf_disabled from /etc/sysctl.conf] ***
skipping: [localhost]

TASK [/stigforge/roles/rhel10_stig : Disable Access to Network bpf() Syscall From Unprivileged Processes - Ensure sysctl kernel.unprivileged_bpf_disabled is set to 1] ***
skipping: [localhost]

TASK [/stigforge/roles/rhel10_stig : Restrict usage of ptrace to descendant processes - Set fact for sysctl paths] ***
skipping: [localhost]

TASK [/stigforge/roles/rhel10_stig : Restrict usage of ptrace to descendant processes - Find all files that contain kernel.yama.ptrace_scope] ***
skipping: [localhost]

TASK [/stigforge/roles/rhel10_stig : Restrict usage of ptrace to descendant processes - Find all files that set kernel.yama.ptrace_scope to correct value] ***
skipping: [localhost]

TASK [/stigforge/roles/rhel10_stig : Restrict usage of ptrace to descendant processes - Comment out any occurrences of kernel.yama.ptrace_scope from config files] ***
skipping: [localhost]

TASK [/stigforge/roles/rhel10_stig : Restrict usage of ptrace to descendant processes - Comment out any occurrences of kernel.yama.ptrace_scope from /etc/sysctl.conf] ***
skipping: [localhost]

TASK [/stigforge/roles/rhel10_stig : Restrict usage of ptrace to descendant processes - Ensure sysctl kernel.yama.ptrace_scope is set to 1] ***
skipping: [localhost]

TASK [/stigforge/roles/rhel10_stig : Harden the operation of the BPF just-in-time compiler - Set fact for sysctl paths] ***
skipping: [localhost]

TASK [/stigforge/roles/rhel10_stig : Harden the operation of the BPF just-in-time compiler - Find all files that contain net.core.bpf_jit_harden] ***
skipping: [localhost]

TASK [/stigforge/roles/rhel10_stig : Harden the operation of the BPF just-in-time compiler - Find all files that set net.core.bpf_jit_harden to correct value] ***
skipping: [localhost]

TASK [/stigforge/roles/rhel10_stig : Harden the operation of the BPF just-in-time compiler - Comment out any occurrences of net.core.bpf_jit_harden from config files] ***
skipping: [localhost]

TASK [/stigforge/roles/rhel10_stig : Harden the operation of the BPF just-in-time compiler - Comment out any occurrences of net.core.bpf_jit_harden from /etc/sysctl.conf] ***
skipping: [localhost]

TASK [/stigforge/roles/rhel10_stig : Harden the operation of the BPF just-in-time compiler - Ensure sysctl net.core.bpf_jit_harden is set to 2] ***
skipping: [localhost]

TASK [/stigforge/roles/rhel10_stig : Disable acquiring, saving, and processing core dumps - Collect systemd Socket Units Present in the System] ***
skipping: [localhost]

TASK [/stigforge/roles/rhel10_stig : Disable acquiring, saving, and processing core dumps - Ensure systemd-coredump.socket is Masked] ***
skipping: [localhost]

TASK [/stigforge/roles/rhel10_stig : Disable core dump backtraces - Search for a section in files] ***
skipping: [localhost] => (item={'path': '/etc/systemd', 'pattern': 'coredump\\.conf'}) 
skipping: [localhost] => (item={'path': '/etc/systemd/coredump.conf.d', 'pattern': '.*\\.conf'}) 
skipping: [localhost]

TASK [/stigforge/roles/rhel10_stig : Disable core dump backtraces - Count number of files which contain the correct section] ***
skipping: [localhost]

TASK [/stigforge/roles/rhel10_stig : Disable core dump backtraces - Add missing configuration to correct section] ***
skipping: [localhost]

TASK [/stigforge/roles/rhel10_stig : Disable core dump backtraces - Add configuration to new remediation file] ***
skipping: [localhost]

TASK [/stigforge/roles/rhel10_stig : Disable storing core dump - Search for a section in files] ***
skipping: [localhost] => (item={'path': '/etc/systemd', 'pattern': 'coredump\\.conf'}) 
skipping: [localhost] => (item={'path': '/etc/systemd/coredump.conf.d', 'pattern': '.*\\.conf'}) 
skipping: [localhost]

TASK [/stigforge/roles/rhel10_stig : Disable storing core dump - Count number of files which contain the correct section] ***
skipping: [localhost]

TASK [/stigforge/roles/rhel10_stig : Disable storing core dump - Add missing configuration to correct section] ***
skipping: [localhost]

TASK [/stigforge/roles/rhel10_stig : Disable storing core dump - Add configuration to new remediation file] ***
skipping: [localhost]

TASK [/stigforge/roles/rhel10_stig : Disable Core Dumps for All Users - Set dirs, files and regex variables] ***
skipping: [localhost]

TASK [/stigforge/roles/rhel10_stig : Disable Core Dumps for All Users - Find valid drop-ins for core limit] ***
skipping: [localhost]

TASK [/stigforge/roles/rhel10_stig : Disable Core Dumps for All Users - Find all drop-ins with any core limit] ***
skipping: [localhost]

TASK [/stigforge/roles/rhel10_stig : Disable Core Dumps for All Users - Get invalid drop-ins] ***
skipping: [localhost]

TASK [/stigforge/roles/rhel10_stig : Disable Core Dumps for All Users - Comment invalid * hard core lines in drop-ins] ***
skipping: [localhost]

TASK [/stigforge/roles/rhel10_stig : Disable Core Dumps for All Users - Check if main limits.conf contains correct core limit] ***
skipping: [localhost]

TASK [/stigforge/roles/rhel10_stig : Disable Core Dumps for All Users - Set fact if configuration is valid] ***
skipping: [localhost]

TASK [/stigforge/roles/rhel10_stig : Disable Core Dumps for All Users - Ensure drop-in directory exists] ***
skipping: [localhost]

TASK [/stigforge/roles/rhel10_stig : Disable Core Dumps for All Users - Deploy 10-ssg-hardening.conf drop-in with correct core limit] ***
skipping: [localhost]

TASK [/stigforge/roles/rhel10_stig : Check if noexec argument is already present in /etc/default/grub] ***
skipping: [localhost]

TASK [/stigforge/roles/rhel10_stig : Check if noexec argument is present] ******
skipping: [localhost]

TASK [/stigforge/roles/rhel10_stig : Update grub defaults and the bootloader menu] ***
skipping: [localhost]

TASK [/stigforge/roles/rhel10_stig : Restrict Exposed Kernel Pointer Addresses Access - Set fact for sysctl paths] ***
skipping: [localhost]

TASK [/stigforge/roles/rhel10_stig : Restrict Exposed Kernel Pointer Addresses Access - Find all files that contain kernel.kptr_restrict] ***
skipping: [localhost]

TASK [/stigforge/roles/rhel10_stig : Restrict Exposed Kernel Pointer Addresses Access - Find all files that set kernel.kptr_restrict to correct value] ***
skipping: [localhost]

TASK [/stigforge/roles/rhel10_stig : Restrict Exposed Kernel Pointer Addresses Access - Comment out any occurrences of kernel.kptr_restrict from config files] ***
skipping: [localhost]

TASK [/stigforge/roles/rhel10_stig : Restrict Exposed Kernel Pointer Addresses Access - Comment out any occurrences of kernel.kptr_restrict from /etc/sysctl.conf] ***
skipping: [localhost]

TASK [/stigforge/roles/rhel10_stig : Restrict Exposed Kernel Pointer Addresses Access - Ensure sysctl kernel.kptr_restrict is set] ***
skipping: [localhost]

TASK [/stigforge/roles/rhel10_stig : Enable Randomized Layout of Virtual Address Space - Set fact for sysctl paths] ***
skipping: [localhost]

TASK [/stigforge/roles/rhel10_stig : Enable Randomized Layout of Virtual Address Space - Find all files that contain kernel.randomize_va_space] ***
skipping: [localhost]

TASK [/stigforge/roles/rhel10_stig : Enable Randomized Layout of Virtual Address Space - Find all files that set kernel.randomize_va_space to correct value] ***
skipping: [localhost]

TASK [/stigforge/roles/rhel10_stig : Enable Randomized Layout of Virtual Address Space - Comment out any occurrences of kernel.randomize_va_space from config files] ***
skipping: [localhost]

TASK [/stigforge/roles/rhel10_stig : Enable Randomized Layout of Virtual Address Space - Comment out any occurrences of kernel.randomize_va_space from /etc/sysctl.conf] ***
skipping: [localhost]

TASK [/stigforge/roles/rhel10_stig : Enable Randomized Layout of Virtual Address Space - Ensure sysctl kernel.randomize_va_space is set to 2] ***
skipping: [localhost]

TASK [/stigforge/roles/rhel10_stig : Check if page_poison argument is already present in /etc/default/grub] ***
skipping: [localhost]

TASK [/stigforge/roles/rhel10_stig : Check if page_poison argument is already present] ***
skipping: [localhost]

TASK [/stigforge/roles/rhel10_stig : Update grub defaults and the bootloader menu] ***
skipping: [localhost]

TASK [/stigforge/roles/rhel10_stig : Check for duplicate values] ***************
skipping: [localhost]

TASK [/stigforge/roles/rhel10_stig : Deduplicate values from /etc/selinux/config] ***
skipping: [localhost]

TASK [/stigforge/roles/rhel10_stig : Insert correct line to /etc/selinux/config] ***
skipping: [localhost]

TASK [/stigforge/roles/rhel10_stig : Ensure SELinux State is Enforcing - Check current SELinux state] ***
skipping: [localhost]

TASK [/stigforge/roles/rhel10_stig : Check for duplicate values] ***************
skipping: [localhost]

TASK [/stigforge/roles/rhel10_stig : Deduplicate values from /etc/selinux/config] ***
skipping: [localhost]

TASK [/stigforge/roles/rhel10_stig : Insert correct line to /etc/selinux/config] ***
skipping: [localhost]

TASK [/stigforge/roles/rhel10_stig : Ensure SELinux State is Enforcing - Mark system to relabel SELinux on next boot] ***
skipping: [localhost]

TASK [/stigforge/roles/rhel10_stig : Set the file_groupowner_cron_d_newgroup variable if represented by gid] ***
skipping: [localhost]

TASK [/stigforge/roles/rhel10_stig : Ensure group owner on /etc/cron.d/] *******
skipping: [localhost]

TASK [/stigforge/roles/rhel10_stig : Set the file_groupowner_cron_daily_newgroup variable if represented by gid] ***
skipping: [localhost]

TASK [/stigforge/roles/rhel10_stig : Ensure group owner on /etc/cron.daily/] ***
skipping: [localhost]

TASK [/stigforge/roles/rhel10_stig : Set the file_groupowner_cron_deny_newgroup variable if represented by gid] ***
skipping: [localhost]

TASK [/stigforge/roles/rhel10_stig : Test for existence /etc/cron.deny] ********
skipping: [localhost]

TASK [/stigforge/roles/rhel10_stig : Ensure group owner on /etc/cron.deny] *****
skipping: [localhost]

TASK [/stigforge/roles/rhel10_stig : Set the file_groupowner_cron_hourly_newgroup variable if represented by gid] ***
skipping: [localhost]

TASK [/stigforge/roles/rhel10_stig : Ensure group owner on /etc/cron.hourly/] ***
skipping: [localhost]

TASK [/stigforge/roles/rhel10_stig : Set the file_groupowner_cron_monthly_newgroup variable if represented by gid] ***
skipping: [localhost]

TASK [/stigforge/roles/rhel10_stig : Ensure group owner on /etc/cron.monthly/] ***
skipping: [localhost]

TASK [/stigforge/roles/rhel10_stig : Set the file_groupowner_cron_weekly_newgroup variable if represented by gid] ***
skipping: [localhost]

TASK [/stigforge/roles/rhel10_stig : Ensure group owner on /etc/cron.weekly/] ***
skipping: [localhost]

TASK [/stigforge/roles/rhel10_stig : Set the file_groupowner_crontab_newgroup variable if represented by gid] ***
skipping: [localhost]

TASK [/stigforge/roles/rhel10_stig : Test for existence /etc/crontab] **********
skipping: [localhost]

TASK [/stigforge/roles/rhel10_stig : Ensure group owner on /etc/crontab] *******
skipping: [localhost]

TASK [/stigforge/roles/rhel10_stig : Set the file_owner_cron_d_newown variable if represented by uid] ***
skipping: [localhost]

TASK [/stigforge/roles/rhel10_stig : Ensure owner on directory /etc/cron.d/] ***
skipping: [localhost]

TASK [/stigforge/roles/rhel10_stig : Set the file_owner_cron_daily_newown variable if represented by uid] ***
skipping: [localhost]

TASK [/stigforge/roles/rhel10_stig : Ensure owner on directory /etc/cron.daily/] ***
skipping: [localhost]

TASK [/stigforge/roles/rhel10_stig : Set the file_owner_cron_deny_newown variable if represented by uid] ***
skipping: [localhost]

TASK [/stigforge/roles/rhel10_stig : Test for existence /etc/cron.deny] ********
skipping: [localhost]

TASK [/stigforge/roles/rhel10_stig : Ensure owner on /etc/cron.deny] ***********
skipping: [localhost]

TASK [/stigforge/roles/rhel10_stig : Set the file_owner_cron_hourly_newown variable if represented by uid] ***
skipping: [localhost]

TASK [/stigforge/roles/rhel10_stig : Ensure owner on directory /etc/cron.hourly/] ***
skipping: [localhost]

TASK [/stigforge/roles/rhel10_stig : Set the file_owner_cron_monthly_newown variable if represented by uid] ***
skipping: [localhost]

TASK [/stigforge/roles/rhel10_stig : Ensure owner on directory /etc/cron.monthly/] ***
skipping: [localhost]

TASK [/stigforge/roles/rhel10_stig : Set the file_owner_cron_weekly_newown variable if represented by uid] ***
skipping: [localhost]

TASK [/stigforge/roles/rhel10_stig : Ensure owner on directory /etc/cron.weekly/] ***
skipping: [localhost]

TASK [/stigforge/roles/rhel10_stig : Set the file_owner_crontab_newown variable if represented by uid] ***
skipping: [localhost]

TASK [/stigforge/roles/rhel10_stig : Test for existence /etc/crontab] **********
skipping: [localhost]

TASK [/stigforge/roles/rhel10_stig : Ensure owner on /etc/crontab] *************
skipping: [localhost]

TASK [/stigforge/roles/rhel10_stig : Verify Permissions on Cron Configuration Files Are Not Modified - Restore ownership of cronie files] ***
skipping: [localhost]

TASK [/stigforge/roles/rhel10_stig : Verify Permissions on Cron Configuration Files Are Not Modified - Restore permissions of cronie files] ***
skipping: [localhost]

TASK [/stigforge/roles/rhel10_stig : Verify Permissions on Cron Configuration Files Are Not Modified - Restore ownership of crontabs files] ***
skipping: [localhost]

TASK [/stigforge/roles/rhel10_stig : Verify Permissions on Cron Configuration Files Are Not Modified - Restore permissions of crontabs files] ***
skipping: [localhost]

TASK [/stigforge/roles/rhel10_stig : Configure Fapolicy Module to Employ a Deny-all, Permit-by-exception Policy to Allow the Execution of Authorized Software Programs. - Ensure a Final Rule Denying Everything] ***
skipping: [localhost]

TASK [/stigforge/roles/rhel10_stig : Configure Fapolicy Module to Employ a Deny-all, Permit-by-exception Policy to Allow the Execution of Authorized Software Programs. - Ensure fapolicyd is Not Permissive] ***
skipping: [localhost]

TASK [/stigforge/roles/rhel10_stig : Configure Fapolicy Module to Employ a Deny-all, Permit-by-exception Policy to Allow the Execution of Authorized Software Programs. - Restart fapolicyd If Permissive Mode or Final Rule is Changed] ***
skipping: [localhost]

TASK [/stigforge/roles/rhel10_stig : Configure System to Forward All Mail For The Root Account - Make sure that "/etc/aliases" has a defined value for root] ***
skipping: [localhost]

TASK [/stigforge/roles/rhel10_stig : Configure System to Forward All Mail For The Root Account - Check if newaliases command is available] ***
skipping: [localhost]

TASK [/stigforge/roles/rhel10_stig : Configure System to Forward All Mail For The Root Account - Update postfix aliases] ***
skipping: [localhost]

TASK [/stigforge/roles/rhel10_stig : Check for duplicate values] ***************
skipping: [localhost]

TASK [/stigforge/roles/rhel10_stig : Deduplicate values from /etc/aliases] *****
skipping: [localhost]

TASK [/stigforge/roles/rhel10_stig : Insert correct line to /etc/aliases] ******
skipping: [localhost]

TASK [/stigforge/roles/rhel10_stig : Configure System to Forward All Mail From Postmaster to The Root Account - Check if newaliases command is available] ***
skipping: [localhost]

TASK [/stigforge/roles/rhel10_stig : Configure System to Forward All Mail From Postmaster to The Root Account - Update postfix aliases] ***
skipping: [localhost]

TASK [/stigforge/roles/rhel10_stig : Check for duplicate values] ***************
skipping: [localhost]

TASK [/stigforge/roles/rhel10_stig : Deduplicate values from /etc/postfix/main.cf] ***
skipping: [localhost]

TASK [/stigforge/roles/rhel10_stig : Insert correct line to /etc/postfix/main.cf] ***
skipping: [localhost]

TASK [/stigforge/roles/rhel10_stig : Get nfs and nfs4 mount points, that don't have sec=krb5:krb5i:krb5p] ***
skipping: [localhost]

TASK [/stigforge/roles/rhel10_stig : Add sec=krb5:krb5i:krb5p to nfs and nfs4 mount points] ***
skipping: [localhost]

TASK [/stigforge/roles/rhel10_stig : Get nfs and nfs4 mount points, that don't have nodev] ***
skipping: [localhost]

TASK [/stigforge/roles/rhel10_stig : Add nodev to nfs and nfs4 mount points] ***
skipping: [localhost]

TASK [/stigforge/roles/rhel10_stig : Get nfs and nfs4 mount points, that don't have noexec] ***
skipping: [localhost]

TASK [/stigforge/roles/rhel10_stig : Add noexec to nfs and nfs4 mount points] ***
skipping: [localhost]

TASK [/stigforge/roles/rhel10_stig : Get nfs and nfs4 mount points, that don't have nosuid] ***
skipping: [localhost]

TASK [/stigforge/roles/rhel10_stig : Add nosuid to nfs and nfs4 mount points] ***
skipping: [localhost]

TASK [/stigforge/roles/rhel10_stig : Check if chrony main config has active server/pool entries] ***
skipping: [localhost]

TASK [/stigforge/roles/rhel10_stig : Extract sourcedir paths from chrony configuration] ***
skipping: [localhost]

TASK [/stigforge/roles/rhel10_stig : Check for server/pool entries in sourcedir .sources files] ***
skipping: [localhost]

TASK [/stigforge/roles/rhel10_stig : Extract confdir paths from chrony configuration] ***
skipping: [localhost]

TASK [/stigforge/roles/rhel10_stig : Check for server/pool entries in confdir .conf files] ***
skipping: [localhost]

TASK [/stigforge/roles/rhel10_stig : Create sourcedir directory if needed] *****
skipping: [localhost]

TASK [/stigforge/roles/rhel10_stig : Add remote time servers to sourcedir .sources file] ***
skipping: [localhost] => (item=0.us.pool.ntp.mil) 
skipping: [localhost]

TASK [/stigforge/roles/rhel10_stig : Create confdir directory if needed] *******
skipping: [localhost]

TASK [/stigforge/roles/rhel10_stig : Add remote time servers to confdir .conf file] ***
skipping: [localhost] => (item=0.us.pool.ntp.mil) 
skipping: [localhost]

TASK [/stigforge/roles/rhel10_stig : Add remote time servers to main chrony configuration] ***
skipping: [localhost] => (item=0.us.pool.ntp.mil) 
skipping: [localhost]

TASK [/stigforge/roles/rhel10_stig : Check for duplicate values] ***************
skipping: [localhost]

TASK [/stigforge/roles/rhel10_stig : Deduplicate values from /etc/chrony.conf] ***
skipping: [localhost]

TASK [/stigforge/roles/rhel10_stig : Insert correct line to /etc/chrony.conf] ***
skipping: [localhost]

TASK [/stigforge/roles/rhel10_stig : Check for duplicate values] ***************
skipping: [localhost]

TASK [/stigforge/roles/rhel10_stig : Deduplicate values from /etc/chrony.conf] ***
skipping: [localhost]

TASK [/stigforge/roles/rhel10_stig : Insert correct line to /etc/chrony.conf] ***
skipping: [localhost]

TASK [/stigforge/roles/rhel10_stig : Configure Time Service Maxpoll Interval - Check That /etc/ntp.conf Exist] ***
skipping: [localhost]

TASK [/stigforge/roles/rhel10_stig : Configure Time Service Maxpoll Interval - Update the maxpoll Values in /etc/ntp.conf] ***
skipping: [localhost]

TASK [/stigforge/roles/rhel10_stig : Configure Time Service Maxpoll Interval - Set the maxpoll Values in /etc/ntp.conf] ***
skipping: [localhost]

TASK [/stigforge/roles/rhel10_stig : Configure Time Service Maxpoll Interval - Check That /etc/chrony.conf Exist] ***
skipping: [localhost]

TASK [/stigforge/roles/rhel10_stig : Configure Time Service Maxpoll Interval - Update the maxpoll Values in /etc/chrony.conf] ***
skipping: [localhost]

TASK [/stigforge/roles/rhel10_stig : Configure Time Service Maxpoll Interval - Set the maxpoll Values in /etc/chrony.conf] ***
skipping: [localhost]

TASK [/stigforge/roles/rhel10_stig : Configure Time Service Maxpoll Interval - Check That /etc/chrony.d/ Exist] ***
skipping: [localhost]

TASK [/stigforge/roles/rhel10_stig : Configure Time Service Maxpoll Interval - Get Conf Files from /etc/chrony.d/] ***
skipping: [localhost]

TASK [/stigforge/roles/rhel10_stig : Configure Time Service Maxpoll Interval - Update the maxpoll Values in /etc/chrony.d/] ***
skipping: [localhost]

TASK [/stigforge/roles/rhel10_stig : Configure Time Service Maxpoll Interval - Set the maxpoll Values in /etc/chrony.d/] ***
skipping: [localhost]

TASK [/stigforge/roles/rhel10_stig : Remove Host-Based Authentication Files - Define Excluded (Non-Local) File Systems and Paths] ***
ok: [localhost]

TASK [/stigforge/roles/rhel10_stig : Remove Host-Based Authentication Files - Find Relevant Root Directories Ignoring Pre-Defined Excluded Paths] ***
ok: [localhost]

TASK [/stigforge/roles/rhel10_stig : Remove Host-Based Authentication Files - Include Relevant Root Directories in a List of Paths to be Searched] ***
ok: [localhost] => (item={'path': '/opt', 'mode': '0755', 'isdir': True, 'ischr': False, 'isblk': False, 'isreg': False, 'isfifo': False, 'islnk': False, 'issock': False, 'uid': 0, 'gid': 0, 'size': 4096, 'inode': 18900414, 'dev': 209, 'nlink': 2, 'atime': 1788514047.722894, 'mtime': 1743552000.0, 'ctime': 1788514047.7149673, 'gr_name': 'root', 'pw_name': 'root', 'wusr': True, 'rusr': True, 'xusr': True, 'wgrp': False, 'rgrp': True, 'xgrp': True, 'woth': False, 'roth': True, 'xoth': True, 'isuid': False, 'isgid': False})
ok: [localhost] => (item={'path': '/usr', 'mode': '0755', 'isdir': True, 'ischr': False, 'isblk': False, 'isreg': False, 'isfifo': False, 'islnk': False, 'issock': False, 'uid': 0, 'gid': 0, 'size': 4096, 'inode': 20743286, 'dev': 209, 'nlink': 1, 'atime': 1789216026.4156687, 'mtime': 1788346084.0, 'ctime': 1789216380.1781073, 'gr_name': 'root', 'pw_name': 'root', 'wusr': True, 'rusr': True, 'xusr': True, 'wgrp': False, 'rgrp': True, 'xgrp': True, 'woth': False, 'roth': True, 'xoth': True, 'isuid': False, 'isgid': False})
ok: [localhost] => (item={'path': '/tmp', 'mode': '1777', 'isdir': True, 'ischr': False, 'isblk': False, 'isreg': False, 'isfifo': False, 'islnk': False, 'issock': False, 'uid': 0, 'gid': 0, 'size': 4096, 'inode': 18900443, 'dev': 209, 'nlink': 1, 'atime': 1789216449.6442623, 'mtime': 1789216449.6421578, 'ctime': 1789216449.6421578, 'gr_name': 'root', 'pw_name': 'root', 'wusr': True, 'rusr': True, 'xusr': True, 'wgrp': True, 'rgrp': True, 'xgrp': True, 'woth': True, 'roth': True, 'xoth': True, 'isuid': False, 'isgid': False})
ok: [localhost] => (item={'path': '/root', 'mode': '0550', 'isdir': True, 'ischr': False, 'isblk': False, 'isreg': False, 'isfifo': False, 'islnk': False, 'issock': False, 'uid': 0, 'gid': 0, 'size': 4096, 'inode': 20743244, 'dev': 209, 'nlink': 1, 'atime': 1789216421.0657268, 'mtime': 1789216376.343049, 'ctime': 1789216376.343049, 'gr_name': 'root', 'pw_name': 'root', 'wusr': False, 'rusr': True, 'xusr': True, 'wgrp': False, 'rgrp': True, 'xgrp': True, 'woth': False, 'roth': False, 'xoth': False, 'isuid': False, 'isgid': False})
ok: [localhost] => (item={'path': '/home', 'mode': '0755', 'isdir': True, 'ischr': False, 'isblk': False, 'isreg': False, 'isfifo': False, 'islnk': False, 'issock': False, 'uid': 0, 'gid': 0, 'size': 4096, 'inode': 18900409, 'dev': 209, 'nlink': 2, 'atime': 1788514047.722894, 'mtime': 1743552000.0, 'ctime': 1788514047.7149673, 'gr_name': 'root', 'pw_name': 'root', 'wusr': True, 'rusr': True, 'xusr': True, 'wgrp': False, 'rgrp': True, 'xgrp': True, 'woth': False, 'roth': True, 'xoth': True, 'isuid': False, 'isgid': False})
ok: [localhost] => (item={'path': '/mnt', 'mode': '0755', 'isdir': True, 'ischr': False, 'isblk': False, 'isreg': False, 'isfifo': False, 'islnk': False, 'issock': False, 'uid': 0, 'gid': 0, 'size': 4096, 'inode': 18900413, 'dev': 209, 'nlink': 2, 'atime': 1788514047.722894, 'mtime': 1743552000.0, 'ctime': 1788514047.7149673, 'gr_name': 'root', 'pw_name': 'root', 'wusr': True, 'rusr': True, 'xusr': True, 'wgrp': False, 'rgrp': True, 'xgrp': True, 'woth': False, 'roth': True, 'xoth': True, 'isuid': False, 'isgid': False})
ok: [localhost] => (item={'path': '/var', 'mode': '0755', 'isdir': True, 'ischr': False, 'isblk': False, 'isreg': False, 'isfifo': False, 'islnk': False, 'issock': False, 'uid': 0, 'gid': 0, 'size': 4096, 'inode': 19018660, 'dev': 209, 'nlink': 1, 'atime': 1789216420.1357126, 'mtime': 1788346092.0, 'ctime': 1789216380.739116, 'gr_name': 'root', 'pw_name': 'root', 'wusr': True, 'rusr': True, 'xusr': True, 'wgrp': False, 'rgrp': True, 'xgrp': True, 'woth': False, 'roth': True, 'xoth': True, 'isuid': False, 'isgid': False})
ok: [localhost] => (item={'path': '/afs', 'mode': '0555', 'isdir': True, 'ischr': False, 'isblk': False, 'isreg': False, 'isfifo': False, 'islnk': False, 'issock': False, 'uid': 0, 'gid': 0, 'size': 4096, 'inode': 18899299, 'dev': 209, 'nlink': 2, 'atime': 1788514047.7208939, 'mtime': 1743552000.0, 'ctime': 1788514047.7149673, 'gr_name': 'root', 'pw_name': 'root', 'wusr': False, 'rusr': True, 'xusr': True, 'wgrp': False, 'rgrp': True, 'xgrp': True, 'woth': False, 'roth': True, 'xoth': True, 'isuid': False, 'isgid': False})
ok: [localhost] => (item={'path': '/srv', 'mode': '0755', 'isdir': True, 'ischr': False, 'isblk': False, 'isreg': False, 'isfifo': False, 'islnk': False, 'issock': False, 'uid': 0, 'gid': 0, 'size': 4096, 'inode': 18900441, 'dev': 209, 'nlink': 2, 'atime': 1788514047.722894, 'mtime': 1743552000.0, 'ctime': 1788514047.7149673, 'gr_name': 'root', 'pw_name': 'root', 'wusr': True, 'rusr': True, 'xusr': True, 'wgrp': False, 'rgrp': True, 'xgrp': True, 'woth': False, 'roth': True, 'xoth': True, 'isuid': False, 'isgid': False})
ok: [localhost] => (item={'path': '/etc', 'mode': '0755', 'isdir': True, 'ischr': False, 'isblk': False, 'isreg': False, 'isfifo': False, 'islnk': False, 'issock': False, 'uid': 0, 'gid': 0, 'size': 4096, 'inode': 20847238, 'dev': 209, 'nlink': 1, 'atime': 1789216421.8297381, 'mtime': 1789216414.6721933, 'ctime': 1789216441.1279526, 'gr_name': 'root', 'pw_name': 'root', 'wusr': True, 'rusr': True, 'xusr': True, 'wgrp': False, 'rgrp': True, 'xgrp': True, 'woth': False, 'roth': True, 'xoth': True, 'isuid': False, 'isgid': False})
ok: [localhost] => (item={'path': '/media', 'mode': '0755', 'isdir': True, 'ischr': False, 'isblk': False, 'isreg': False, 'isfifo': False, 'islnk': False, 'issock': False, 'uid': 0, 'gid': 0, 'size': 4096, 'inode': 18900412, 'dev': 209, 'nlink': 2, 'atime': 1788514047.722894, 'mtime': 1743552000.0, 'ctime': 1788514047.7149673, 'gr_name': 'root', 'pw_name': 'root', 'wusr': True, 'rusr': True, 'xusr': True, 'wgrp': False, 'rgrp': True, 'xgrp': True, 'woth': False, 'roth': True, 'xoth': True, 'isuid': False, 'isgid': False})
ok: [localhost] => (item={'path': '/stigforge', 'mode': '0755', 'isdir': True, 'ischr': False, 'isblk': False, 'isreg': False, 'isfifo': False, 'islnk': False, 'issock': False, 'uid': 0, 'gid': 0, 'size': 4096, 'inode': 20743278, 'dev': 209, 'nlink': 1, 'atime': 1789216374.748025, 'mtime': 1789216374.6792517, 'ctime': 1789216375.8340414, 'gr_name': 'root', 'pw_name': 'root', 'wusr': True, 'rusr': True, 'xusr': True, 'wgrp': False, 'rgrp': True, 'xgrp': True, 'woth': False, 'roth': True, 'xoth': True, 'isuid': False, 'isgid': False})

TASK [/stigforge/roles/rhel10_stig : Remove Host-Based Authentication Files - Increment Search Paths List with Local Partitions Mount Points] ***
ok: [localhost] => (item={'mount': '/stigforge/artifacts', 'device': '/dev/nvme0n1p2', 'fstype': 'ext4', 'options': 'rw,relatime,bind', 'dump': 0, 'passno': 0, 'size_total': 1005867986944, 'size_available': 483572850688, 'block_size': 4096, 'block_total': 245573239, 'block_available': 118059778, 'block_used': 127513461, 'inode_total': 62447616, 'inode_available': 59703050, 'inode_used': 2744566, 'uuid': 'N/A'})
ok: [localhost] => (item={'mount': '/stigforge/roles', 'device': '/dev/nvme0n1p2', 'fstype': 'ext4', 'options': 'ro,relatime,bind', 'dump': 0, 'passno': 0, 'size_total': 1005867986944, 'size_available': 483572850688, 'block_size': 4096, 'block_total': 245573239, 'block_available': 118059778, 'block_used': 127513461, 'inode_total': 62447616, 'inode_available': 59703050, 'inode_used': 2744566, 'uuid': 'N/A'})
ok: [localhost] => (item={'mount': '/stigforge/policy', 'device': '/dev/nvme0n1p2', 'fstype': 'ext4', 'options': 'ro,relatime,bind', 'dump': 0, 'passno': 0, 'size_total': 1005867986944, 'size_available': 483572850688, 'block_size': 4096, 'block_total': 245573239, 'block_available': 118059778, 'block_used': 127513461, 'inode_total': 62447616, 'inode_available': 59703050, 'inode_used': 2744566, 'uuid': 'N/A'})
ok: [localhost] => (item={'mount': '/stigforge/generator', 'device': '/dev/nvme0n1p2', 'fstype': 'ext4', 'options': 'ro,relatime,bind', 'dump': 0, 'passno': 0, 'size_total': 1005867986944, 'size_available': 483572850688, 'block_size': 4096, 'block_total': 245573239, 'block_available': 118059778, 'block_used': 127513461, 'inode_total': 62447616, 'inode_available': 59703050, 'inode_used': 2744566, 'uuid': 'N/A'})
ok: [localhost] => (item={'mount': '/stigforge/pyproject.toml', 'device': '/dev/nvme0n1p2', 'fstype': 'ext4', 'options': 'ro,relatime,bind', 'dump': 0, 'passno': 0, 'size_total': 1005867986944, 'size_available': 483572850688, 'block_size': 4096, 'block_total': 245573239, 'block_available': 118059778, 'block_used': 127513461, 'inode_total': 62447616, 'inode_available': 59703050, 'inode_used': 2744566, 'uuid': 'N/A'})
ok: [localhost] => (item={'mount': '/etc/resolv.conf', 'device': '/dev/nvme0n1p2', 'fstype': 'ext4', 'options': 'rw,relatime,bind', 'dump': 0, 'passno': 0, 'size_total': 1005867986944, 'size_available': 483572850688, 'block_size': 4096, 'block_total': 245573239, 'block_available': 118059778, 'block_used': 127513461, 'inode_total': 62447616, 'inode_available': 59703050, 'inode_used': 2744566, 'uuid': 'N/A'})
ok: [localhost] => (item={'mount': '/etc/hostname', 'device': '/dev/nvme0n1p2', 'fstype': 'ext4', 'options': 'rw,relatime,bind', 'dump': 0, 'passno': 0, 'size_total': 1005867986944, 'size_available': 483572850688, 'block_size': 4096, 'block_total': 245573239, 'block_available': 118059778, 'block_used': 127513461, 'inode_total': 62447616, 'inode_available': 59703050, 'inode_used': 2744566, 'uuid': 'N/A'})
ok: [localhost] => (item={'mount': '/etc/hosts', 'device': '/dev/nvme0n1p2', 'fstype': 'ext4', 'options': 'rw,relatime,bind', 'dump': 0, 'passno': 0, 'size_total': 1005867986944, 'size_available': 483572850688, 'block_size': 4096, 'block_total': 245573239, 'block_available': 118059778, 'block_used': 127513461, 'inode_total': 62447616, 'inode_available': 59703050, 'inode_used': 2744566, 'uuid': 'N/A'})

TASK [/stigforge/roles/rhel10_stig : Remove Host-Based Authentication Files - Increment Search Paths List with Local NFS File System Targets] ***
skipping: [localhost] => (item={'mount': '/stigforge/artifacts', 'device': '/dev/nvme0n1p2', 'fstype': 'ext4', 'options': 'rw,relatime,bind', 'dump': 0, 'passno': 0, 'size_total': 1005867986944, 'size_available': 483572850688, 'block_size': 4096, 'block_total': 245573239, 'block_available': 118059778, 'block_used': 127513461, 'inode_total': 62447616, 'inode_available': 59703050, 'inode_used': 2744566, 'uuid': 'N/A'}) 
skipping: [localhost] => (item={'mount': '/stigforge/roles', 'device': '/dev/nvme0n1p2', 'fstype': 'ext4', 'options': 'ro,relatime,bind', 'dump': 0, 'passno': 0, 'size_total': 1005867986944, 'size_available': 483572850688, 'block_size': 4096, 'block_total': 245573239, 'block_available': 118059778, 'block_used': 127513461, 'inode_total': 62447616, 'inode_available': 59703050, 'inode_used': 2744566, 'uuid': 'N/A'}) 
skipping: [localhost] => (item={'mount': '/stigforge/policy', 'device': '/dev/nvme0n1p2', 'fstype': 'ext4', 'options': 'ro,relatime,bind', 'dump': 0, 'passno': 0, 'size_total': 1005867986944, 'size_available': 483572850688, 'block_size': 4096, 'block_total': 245573239, 'block_available': 118059778, 'block_used': 127513461, 'inode_total': 62447616, 'inode_available': 59703050, 'inode_used': 2744566, 'uuid': 'N/A'}) 
skipping: [localhost] => (item={'mount': '/stigforge/generator', 'device': '/dev/nvme0n1p2', 'fstype': 'ext4', 'options': 'ro,relatime,bind', 'dump': 0, 'passno': 0, 'size_total': 1005867986944, 'size_available': 483572850688, 'block_size': 4096, 'block_total': 245573239, 'block_available': 118059778, 'block_used': 127513461, 'inode_total': 62447616, 'inode_available': 59703050, 'inode_used': 2744566, 'uuid': 'N/A'}) 
skipping: [localhost] => (item={'mount': '/stigforge/pyproject.toml', 'device': '/dev/nvme0n1p2', 'fstype': 'ext4', 'options': 'ro,relatime,bind', 'dump': 0, 'passno': 0, 'size_total': 1005867986944, 'size_available': 483572850688, 'block_size': 4096, 'block_total': 245573239, 'block_available': 118059778, 'block_used': 127513461, 'inode_total': 62447616, 'inode_available': 59703050, 'inode_used': 2744566, 'uuid': 'N/A'}) 
skipping: [localhost] => (item={'mount': '/etc/resolv.conf', 'device': '/dev/nvme0n1p2', 'fstype': 'ext4', 'options': 'rw,relatime,bind', 'dump': 0, 'passno': 0, 'size_total': 1005867986944, 'size_available': 483572850688, 'block_size': 4096, 'block_total': 245573239, 'block_available': 118059778, 'block_used': 127513461, 'inode_total': 62447616, 'inode_available': 59703050, 'inode_used': 2744566, 'uuid': 'N/A'}) 
skipping: [localhost] => (item={'mount': '/etc/hostname', 'device': '/dev/nvme0n1p2', 'fstype': 'ext4', 'options': 'rw,relatime,bind', 'dump': 0, 'passno': 0, 'size_total': 1005867986944, 'size_available': 483572850688, 'block_size': 4096, 'block_total': 245573239, 'block_available': 118059778, 'block_used': 127513461, 'inode_total': 62447616, 'inode_available': 59703050, 'inode_used': 2744566, 'uuid': 'N/A'}) 
skipping: [localhost] => (item={'mount': '/etc/hosts', 'device': '/dev/nvme0n1p2', 'fstype': 'ext4', 'options': 'rw,relatime,bind', 'dump': 0, 'passno': 0, 'size_total': 1005867986944, 'size_available': 483572850688, 'block_size': 4096, 'block_total': 245573239, 'block_available': 118059778, 'block_used': 127513461, 'inode_total': 62447616, 'inode_available': 59703050, 'inode_used': 2744566, 'uuid': 'N/A'}) 
skipping: [localhost]

TASK [/stigforge/roles/rhel10_stig : Remove Host-Based Authentication Files - Define Rule Specific Facts] ***
ok: [localhost]

TASK [/stigforge/roles/rhel10_stig : Remove Host-Based Authentication Files - Find All shosts.equiv Files in Local File Systems] ***
ok: [localhost] => (item=/stigforge/artifacts)
ok: [localhost] => (item=/etc/resolv.conf)
ok: [localhost] => (item=/var)
ok: [localhost] => (item=/mnt)
ok: [localhost] => (item=/media)
ok: [localhost] => (item=/tmp)
ok: [localhost] => (item=/stigforge/generator)
ok: [localhost] => (item=/usr)
ok: [localhost] => (item=/stigforge)
ok: [localhost] => (item=/root)
ok: [localhost] => (item=/afs)
ok: [localhost] => (item=/etc/hosts)
ok: [localhost] => (item=/srv)
ok: [localhost] => (item=/stigforge/pyproject.toml)
ok: [localhost] => (item=/home)
ok: [localhost] => (item=/etc)
ok: [localhost] => (item=/opt)
ok: [localhost] => (item=/etc/hostname)
ok: [localhost] => (item=/stigforge/policy)
ok: [localhost] => (item=/stigforge/roles)

TASK [/stigforge/roles/rhel10_stig : Remove Host-Based Authentication Files - Create List of shosts.equiv Files Present in Local File Systems] ***
ok: [localhost] => (item={'changed': False, 'stdout': '', 'stderr': '', 'rc': 0, 'cmd': ['find', '/stigforge/artifacts', '-xdev', '-type', 'f', '-name', 'shosts.equiv'], 'start': '2026-09-12 12:34:10.039710', 'end': '2026-09-12 12:34:10.043115', 'delta': '0:00:00.003405', 'msg': '', 'invocation': {'module_args': {'_raw_params': 'find /stigforge/artifacts -xdev -type f -name "shosts.equiv"', '_uses_shell': False, 'expand_argument_vars': True, 'stdin_add_newline': True, 'strip_empty_ends': True, 'argv': None, 'chdir': None, 'executable': None, 'creates': None, 'removes': None, 'stdin': None}}, 'stdout_lines': [], 'stderr_lines': [], 'failed': False, 'item': '/stigforge/artifacts', 'ansible_loop_var': 'item'})
ok: [localhost] => (item={'changed': False, 'stdout': '', 'stderr': '', 'rc': 0, 'cmd': ['find', '/etc/resolv.conf', '-xdev', '-type', 'f', '-name', 'shosts.equiv'], 'start': '2026-09-12 12:34:10.163204', 'end': '2026-09-12 12:34:10.165619', 'delta': '0:00:00.002415', 'msg': '', 'invocation': {'module_args': {'_raw_params': 'find /etc/resolv.conf -xdev -type f -name "shosts.equiv"', '_uses_shell': False, 'expand_argument_vars': True, 'stdin_add_newline': True, 'strip_empty_ends': True, 'argv': None, 'chdir': None, 'executable': None, 'creates': None, 'removes': None, 'stdin': None}}, 'stdout_lines': [], 'stderr_lines': [], 'failed': False, 'item': '/etc/resolv.conf', 'ansible_loop_var': 'item'})
ok: [localhost] => (item={'changed': False, 'stdout': '', 'stderr': '', 'rc': 0, 'cmd': ['find', '/var', '-xdev', '-type', 'f', '-name', 'shosts.equiv'], 'start': '2026-09-12 12:34:10.283166', 'end': '2026-09-12 12:34:10.286061', 'delta': '0:00:00.002895', 'msg': '', 'invocation': {'module_args': {'_raw_params': 'find /var -xdev -type f -name "shosts.equiv"', '_uses_shell': False, 'expand_argument_vars': True, 'stdin_add_newline': True, 'strip_empty_ends': True, 'argv': None, 'chdir': None, 'executable': None, 'creates': None, 'removes': None, 'stdin': None}}, 'stdout_lines': [], 'stderr_lines': [], 'failed': False, 'item': '/var', 'ansible_loop_var': 'item'})
ok: [localhost] => (item={'changed': False, 'stdout': '', 'stderr': '', 'rc': 0, 'cmd': ['find', '/mnt', '-xdev', '-type', 'f', '-name', 'shosts.equiv'], 'start': '2026-09-12 12:34:10.405422', 'end': '2026-09-12 12:34:10.408345', 'delta': '0:00:00.002923', 'msg': '', 'invocation': {'module_args': {'_raw_params': 'find /mnt -xdev -type f -name "shosts.equiv"', '_uses_shell': False, 'expand_argument_vars': True, 'stdin_add_newline': True, 'strip_empty_ends': True, 'argv': None, 'chdir': None, 'executable': None, 'creates': None, 'removes': None, 'stdin': None}}, 'stdout_lines': [], 'stderr_lines': [], 'failed': False, 'item': '/mnt', 'ansible_loop_var': 'item'})
ok: [localhost] => (item={'changed': False, 'stdout': '', 'stderr': '', 'rc': 0, 'cmd': ['find', '/media', '-xdev', '-type', 'f', '-name', 'shosts.equiv'], 'start': '2026-09-12 12:34:10.524593', 'end': '2026-09-12 12:34:10.526980', 'delta': '0:00:00.002387', 'msg': '', 'invocation': {'module_args': {'_raw_params': 'find /media -xdev -type f -name "shosts.equiv"', '_uses_shell': False, 'expand_argument_vars': True, 'stdin_add_newline': True, 'strip_empty_ends': True, 'argv': None, 'chdir': None, 'executable': None, 'creates': None, 'removes': None, 'stdin': None}}, 'stdout_lines': [], 'stderr_lines': [], 'failed': False, 'item': '/media', 'ansible_loop_var': 'item'})
ok: [localhost] => (item={'changed': False, 'stdout': '', 'stderr': '', 'rc': 0, 'cmd': ['find', '/tmp', '-xdev', '-type', 'f', '-name', 'shosts.equiv'], 'start': '2026-09-12 12:34:10.644945', 'end': '2026-09-12 12:34:10.647713', 'delta': '0:00:00.002768', 'msg': '', 'invocation': {'module_args': {'_raw_params': 'find /tmp -xdev -type f -name "shosts.equiv"', '_uses_shell': False, 'expand_argument_vars': True, 'stdin_add_newline': True, 'strip_empty_ends': True, 'argv': None, 'chdir': None, 'executable': None, 'creates': None, 'removes': None, 'stdin': None}}, 'stdout_lines': [], 'stderr_lines': [], 'failed': False, 'item': '/tmp', 'ansible_loop_var': 'item'})
ok: [localhost] => (item={'changed': False, 'stdout': '', 'stderr': '', 'rc': 0, 'cmd': ['find', '/stigforge/generator', '-xdev', '-type', 'f', '-name', 'shosts.equiv'], 'start': '2026-09-12 12:34:10.765049', 'end': '2026-09-12 12:34:10.767782', 'delta': '0:00:00.002733', 'msg': '', 'invocation': {'module_args': {'_raw_params': 'find /stigforge/generator -xdev -type f -name "shosts.equiv"', '_uses_shell': False, 'expand_argument_vars': True, 'stdin_add_newline': True, 'strip_empty_ends': True, 'argv': None, 'chdir': None, 'executable': None, 'creates': None, 'removes': None, 'stdin': None}}, 'stdout_lines': [], 'stderr_lines': [], 'failed': False, 'item': '/stigforge/generator', 'ansible_loop_var': 'item'})
ok: [localhost] => (item={'changed': False, 'stdout': '', 'stderr': '', 'rc': 0, 'cmd': ['find', '/usr', '-xdev', '-type', 'f', '-name', 'shosts.equiv'], 'start': '2026-09-12 12:34:10.887791', 'end': '2026-09-12 12:34:10.923179', 'delta': '0:00:00.035388', 'msg': '', 'invocation': {'module_args': {'_raw_params': 'find /usr -xdev -type f -name "shosts.equiv"', '_uses_shell': False, 'expand_argument_vars': True, 'stdin_add_newline': True, 'strip_empty_ends': True, 'argv': None, 'chdir': None, 'executable': None, 'creates': None, 'removes': None, 'stdin': None}}, 'stdout_lines': [], 'stderr_lines': [], 'failed': False, 'item': '/usr', 'ansible_loop_var': 'item'})
ok: [localhost] => (item={'changed': False, 'stdout': '', 'stderr': '', 'rc': 0, 'cmd': ['find', '/stigforge', '-xdev', '-type', 'f', '-name', 'shosts.equiv'], 'start': '2026-09-12 12:34:11.054390', 'end': '2026-09-12 12:34:11.056933', 'delta': '0:00:00.002543', 'msg': '', 'invocation': {'module_args': {'_raw_params': 'find /stigforge -xdev -type f -name "shosts.equiv"', '_uses_shell': False, 'expand_argument_vars': True, 'stdin_add_newline': True, 'strip_empty_ends': True, 'argv': None, 'chdir': None, 'executable': None, 'creates': None, 'removes': None, 'stdin': None}}, 'stdout_lines': [], 'stderr_lines': [], 'failed': False, 'item': '/stigforge', 'ansible_loop_var': 'item'})
ok: [localhost] => (item={'changed': False, 'stdout': '', 'stderr': '', 'rc': 0, 'cmd': ['find', '/root', '-xdev', '-type', 'f', '-name', 'shosts.equiv'], 'start': '2026-09-12 12:34:11.181083', 'end': '2026-09-12 12:34:11.184650', 'delta': '0:00:00.003567', 'msg': '', 'invocation': {'module_args': {'_raw_params': 'find /root -xdev -type f -name "shosts.equiv"', '_uses_shell': False, 'expand_argument_vars': True, 'stdin_add_newline': True, 'strip_empty_ends': True, 'argv': None, 'chdir': None, 'executable': None, 'creates': None, 'removes': None, 'stdin': None}}, 'stdout_lines': [], 'stderr_lines': [], 'failed': False, 'item': '/root', 'ansible_loop_var': 'item'})
ok: [localhost] => (item={'changed': False, 'stdout': '', 'stderr': '', 'rc': 0, 'cmd': ['find', '/afs', '-xdev', '-type', 'f', '-name', 'shosts.equiv'], 'start': '2026-09-12 12:34:11.304310', 'end': '2026-09-12 12:34:11.306635', 'delta': '0:00:00.002325', 'msg': '', 'invocation': {'module_args': {'_raw_params': 'find /afs -xdev -type f -name "shosts.equiv"', '_uses_shell': False, 'expand_argument_vars': True, 'stdin_add_newline': True, 'strip_empty_ends': True, 'argv': None, 'chdir': None, 'executable': None, 'creates': None, 'removes': None, 'stdin': None}}, 'stdout_lines': [], 'stderr_lines': [], 'failed': False, 'item': '/afs', 'ansible_loop_var': 'item'})
ok: [localhost] => (item={'changed': False, 'stdout': '', 'stderr': '', 'rc': 0, 'cmd': ['find', '/etc/hosts', '-xdev', '-type', 'f', '-name', 'shosts.equiv'], 'start': '2026-09-12 12:34:11.423836', 'end': '2026-09-12 12:34:11.426690', 'delta': '0:00:00.002854', 'msg': '', 'invocation': {'module_args': {'_raw_params': 'find /etc/hosts -xdev -type f -name "shosts.equiv"', '_uses_shell': False, 'expand_argument_vars': True, 'stdin_add_newline': True, 'strip_empty_ends': True, 'argv': None, 'chdir': None, 'executable': None, 'creates': None, 'removes': None, 'stdin': None}}, 'stdout_lines': [], 'stderr_lines': [], 'failed': False, 'item': '/etc/hosts', 'ansible_loop_var': 'item'})
ok: [localhost] => (item={'changed': False, 'stdout': '', 'stderr': '', 'rc': 0, 'cmd': ['find', '/srv', '-xdev', '-type', 'f', '-name', 'shosts.equiv'], 'start': '2026-09-12 12:34:11.550190', 'end': '2026-09-12 12:34:11.553037', 'delta': '0:00:00.002847', 'msg': '', 'invocation': {'module_args': {'_raw_params': 'find /srv -xdev -type f -name "shosts.equiv"', '_uses_shell': False, 'expand_argument_vars': True, 'stdin_add_newline': True, 'strip_empty_ends': True, 'argv': None, 'chdir': None, 'executable': None, 'creates': None, 'removes': None, 'stdin': None}}, 'stdout_lines': [], 'stderr_lines': [], 'failed': False, 'item': '/srv', 'ansible_loop_var': 'item'})
ok: [localhost] => (item={'changed': False, 'stdout': '', 'stderr': '', 'rc': 0, 'cmd': ['find', '/stigforge/pyproject.toml', '-xdev', '-type', 'f', '-name', 'shosts.equiv'], 'start': '2026-09-12 12:34:11.672683', 'end': '2026-09-12 12:34:12.676370', 'delta': '0:00:01.003687', 'msg': '', 'invocation': {'module_args': {'_raw_params': 'find /stigforge/pyproject.toml -xdev -type f -name "shosts.equiv"', '_uses_shell': False, 'expand_argument_vars': True, 'stdin_add_newline': True, 'strip_empty_ends': True, 'argv': None, 'chdir': None, 'executable': None, 'creates': None, 'removes': None, 'stdin': None}}, 'stdout_lines': [], 'stderr_lines': [], 'failed': False, 'item': '/stigforge/pyproject.toml', 'ansible_loop_var': 'item'})
ok: [localhost] => (item={'changed': False, 'stdout': '', 'stderr': '', 'rc': 0, 'cmd': ['find', '/home', '-xdev', '-type', 'f', '-name', 'shosts.equiv'], 'start': '2026-09-12 12:34:12.817123', 'end': '2026-09-12 12:34:12.819720', 'delta': '0:00:00.002597', 'msg': '', 'invocation': {'module_args': {'_raw_params': 'find /home -xdev -type f -name "shosts.equiv"', '_uses_shell': False, 'expand_argument_vars': True, 'stdin_add_newline': True, 'strip_empty_ends': True, 'argv': None, 'chdir': None, 'executable': None, 'creates': None, 'removes': None, 'stdin': None}}, 'stdout_lines': [], 'stderr_lines': [], 'failed': False, 'item': '/home', 'ansible_loop_var': 'item'})
ok: [localhost] => (item={'changed': False, 'stdout': '', 'stderr': '', 'rc': 0, 'cmd': ['find', '/etc', '-xdev', '-type', 'f', '-name', 'shosts.equiv'], 'start': '2026-09-12 12:34:12.944301', 'end': '2026-09-12 12:34:12.947962', 'delta': '0:00:00.003661', 'msg': '', 'invocation': {'module_args': {'_raw_params': 'find /etc -xdev -type f -name "shosts.equiv"', '_uses_shell': False, 'expand_argument_vars': True, 'stdin_add_newline': True, 'strip_empty_ends': True, 'argv': None, 'chdir': None, 'executable': None, 'creates': None, 'removes': None, 'stdin': None}}, 'stdout_lines': [], 'stderr_lines': [], 'failed': False, 'item': '/etc', 'ansible_loop_var': 'item'})
ok: [localhost] => (item={'changed': False, 'stdout': '', 'stderr': '', 'rc': 0, 'cmd': ['find', '/opt', '-xdev', '-type', 'f', '-name', 'shosts.equiv'], 'start': '2026-09-12 12:34:13.066067', 'end': '2026-09-12 12:34:13.068521', 'delta': '0:00:00.002454', 'msg': '', 'invocation': {'module_args': {'_raw_params': 'find /opt -xdev -type f -name "shosts.equiv"', '_uses_shell': False, 'expand_argument_vars': True, 'stdin_add_newline': True, 'strip_empty_ends': True, 'argv': None, 'chdir': None, 'executable': None, 'creates': None, 'removes': None, 'stdin': None}}, 'stdout_lines': [], 'stderr_lines': [], 'failed': False, 'item': '/opt', 'ansible_loop_var': 'item'})
ok: [localhost] => (item={'changed': False, 'stdout': '', 'stderr': '', 'rc': 0, 'cmd': ['find', '/etc/hostname', '-xdev', '-type', 'f', '-name', 'shosts.equiv'], 'start': '2026-09-12 12:34:13.191656', 'end': '2026-09-12 12:34:13.193888', 'delta': '0:00:00.002232', 'msg': '', 'invocation': {'module_args': {'_raw_params': 'find /etc/hostname -xdev -type f -name "shosts.equiv"', '_uses_shell': False, 'expand_argument_vars': True, 'stdin_add_newline': True, 'strip_empty_ends': True, 'argv': None, 'chdir': None, 'executable': None, 'creates': None, 'removes': None, 'stdin': None}}, 'stdout_lines': [], 'stderr_lines': [], 'failed': False, 'item': '/etc/hostname', 'ansible_loop_var': 'item'})
ok: [localhost] => (item={'changed': False, 'stdout': '', 'stderr': '', 'rc': 0, 'cmd': ['find', '/stigforge/policy', '-xdev', '-type', 'f', '-name', 'shosts.equiv'], 'start': '2026-09-12 12:34:13.316198', 'end': '2026-09-12 12:34:13.318896', 'delta': '0:00:00.002698', 'msg': '', 'invocation': {'module_args': {'_raw_params': 'find /stigforge/policy -xdev -type f -name "shosts.equiv"', '_uses_shell': False, 'expand_argument_vars': True, 'stdin_add_newline': True, 'strip_empty_ends': True, 'argv': None, 'chdir': None, 'executable': None, 'creates': None, 'removes': None, 'stdin': None}}, 'stdout_lines': [], 'stderr_lines': [], 'failed': False, 'item': '/stigforge/policy', 'ansible_loop_var': 'item'})
ok: [localhost] => (item={'changed': False, 'stdout': '', 'stderr': '', 'rc': 0, 'cmd': ['find', '/stigforge/roles', '-xdev', '-type', 'f', '-name', 'shosts.equiv'], 'start': '2026-09-12 12:34:13.436935', 'end': '2026-09-12 12:34:13.440569', 'delta': '0:00:00.003634', 'msg': '', 'invocation': {'module_args': {'_raw_params': 'find /stigforge/roles -xdev -type f -name "shosts.equiv"', '_uses_shell': False, 'expand_argument_vars': True, 'stdin_add_newline': True, 'strip_empty_ends': True, 'argv': None, 'chdir': None, 'executable': None, 'creates': None, 'removes': None, 'stdin': None}}, 'stdout_lines': [], 'stderr_lines': [], 'failed': False, 'item': '/stigforge/roles', 'ansible_loop_var': 'item'})

TASK [/stigforge/roles/rhel10_stig : Remove Host-Based Authentication Files - Ensure No shosts.equiv Files Are Present in the System] ***
ok: [localhost] => (item=/shosts.equiv)

TASK [/stigforge/roles/rhel10_stig : Remove User Host-Based Authentication Files - Define Excluded (Non-Local) File Systems and Paths] ***
ok: [localhost]

TASK [/stigforge/roles/rhel10_stig : Remove User Host-Based Authentication Files - Find Relevant Root Directories Ignoring Pre-Defined Excluded Paths] ***
ok: [localhost]

TASK [/stigforge/roles/rhel10_stig : Remove User Host-Based Authentication Files - Include Relevant Root Directories in a List of Paths to be Searched] ***
ok: [localhost] => (item={'path': '/opt', 'mode': '0755', 'isdir': True, 'ischr': False, 'isblk': False, 'isreg': False, 'isfifo': False, 'islnk': False, 'issock': False, 'uid': 0, 'gid': 0, 'size': 4096, 'inode': 18900414, 'dev': 209, 'nlink': 2, 'atime': 1788514047.722894, 'mtime': 1743552000.0, 'ctime': 1788514047.7149673, 'gr_name': 'root', 'pw_name': 'root', 'wusr': True, 'rusr': True, 'xusr': True, 'wgrp': False, 'rgrp': True, 'xgrp': True, 'woth': False, 'roth': True, 'xoth': True, 'isuid': False, 'isgid': False})
ok: [localhost] => (item={'path': '/usr', 'mode': '0755', 'isdir': True, 'ischr': False, 'isblk': False, 'isreg': False, 'isfifo': False, 'islnk': False, 'issock': False, 'uid': 0, 'gid': 0, 'size': 4096, 'inode': 20743286, 'dev': 209, 'nlink': 1, 'atime': 1789216026.4156687, 'mtime': 1788346084.0, 'ctime': 1789216380.1781073, 'gr_name': 'root', 'pw_name': 'root', 'wusr': True, 'rusr': True, 'xusr': True, 'wgrp': False, 'rgrp': True, 'xgrp': True, 'woth': False, 'roth': True, 'xoth': True, 'isuid': False, 'isgid': False})
ok: [localhost] => (item={'path': '/tmp', 'mode': '1777', 'isdir': True, 'ischr': False, 'isblk': False, 'isreg': False, 'isfifo': False, 'islnk': False, 'issock': False, 'uid': 0, 'gid': 0, 'size': 4096, 'inode': 18900443, 'dev': 209, 'nlink': 1, 'atime': 1789216453.7987869, 'mtime': 1789216453.7972205, 'ctime': 1789216453.7972205, 'gr_name': 'root', 'pw_name': 'root', 'wusr': True, 'rusr': True, 'xusr': True, 'wgrp': True, 'rgrp': True, 'xgrp': True, 'woth': True, 'roth': True, 'xoth': True, 'isuid': False, 'isgid': False})
ok: [localhost] => (item={'path': '/root', 'mode': '0550', 'isdir': True, 'ischr': False, 'isblk': False, 'isreg': False, 'isfifo': False, 'islnk': False, 'issock': False, 'uid': 0, 'gid': 0, 'size': 4096, 'inode': 20743244, 'dev': 209, 'nlink': 1, 'atime': 1789216421.0657268, 'mtime': 1789216376.343049, 'ctime': 1789216376.343049, 'gr_name': 'root', 'pw_name': 'root', 'wusr': False, 'rusr': True, 'xusr': True, 'wgrp': False, 'rgrp': True, 'xgrp': True, 'woth': False, 'roth': False, 'xoth': False, 'isuid': False, 'isgid': False})
ok: [localhost] => (item={'path': '/home', 'mode': '0755', 'isdir': True, 'ischr': False, 'isblk': False, 'isreg': False, 'isfifo': False, 'islnk': False, 'issock': False, 'uid': 0, 'gid': 0, 'size': 4096, 'inode': 18900409, 'dev': 209, 'nlink': 2, 'atime': 1788514047.722894, 'mtime': 1743552000.0, 'ctime': 1788514047.7149673, 'gr_name': 'root', 'pw_name': 'root', 'wusr': True, 'rusr': True, 'xusr': True, 'wgrp': False, 'rgrp': True, 'xgrp': True, 'woth': False, 'roth': True, 'xoth': True, 'isuid': False, 'isgid': False})
ok: [localhost] => (item={'path': '/mnt', 'mode': '0755', 'isdir': True, 'ischr': False, 'isblk': False, 'isreg': False, 'isfifo': False, 'islnk': False, 'issock': False, 'uid': 0, 'gid': 0, 'size': 4096, 'inode': 18900413, 'dev': 209, 'nlink': 2, 'atime': 1788514047.722894, 'mtime': 1743552000.0, 'ctime': 1788514047.7149673, 'gr_name': 'root', 'pw_name': 'root', 'wusr': True, 'rusr': True, 'xusr': True, 'wgrp': False, 'rgrp': True, 'xgrp': True, 'woth': False, 'roth': True, 'xoth': True, 'isuid': False, 'isgid': False})
ok: [localhost] => (item={'path': '/var', 'mode': '0755', 'isdir': True, 'ischr': False, 'isblk': False, 'isreg': False, 'isfifo': False, 'islnk': False, 'issock': False, 'uid': 0, 'gid': 0, 'size': 4096, 'inode': 19018660, 'dev': 209, 'nlink': 1, 'atime': 1789216420.1357126, 'mtime': 1788346092.0, 'ctime': 1789216380.739116, 'gr_name': 'root', 'pw_name': 'root', 'wusr': True, 'rusr': True, 'xusr': True, 'wgrp': False, 'rgrp': True, 'xgrp': True, 'woth': False, 'roth': True, 'xoth': True, 'isuid': False, 'isgid': False})
ok: [localhost] => (item={'path': '/afs', 'mode': '0555', 'isdir': True, 'ischr': False, 'isblk': False, 'isreg': False, 'isfifo': False, 'islnk': False, 'issock': False, 'uid': 0, 'gid': 0, 'size': 4096, 'inode': 18899299, 'dev': 209, 'nlink': 2, 'atime': 1788514047.7208939, 'mtime': 1743552000.0, 'ctime': 1788514047.7149673, 'gr_name': 'root', 'pw_name': 'root', 'wusr': False, 'rusr': True, 'xusr': True, 'wgrp': False, 'rgrp': True, 'xgrp': True, 'woth': False, 'roth': True, 'xoth': True, 'isuid': False, 'isgid': False})
ok: [localhost] => (item={'path': '/srv', 'mode': '0755', 'isdir': True, 'ischr': False, 'isblk': False, 'isreg': False, 'isfifo': False, 'islnk': False, 'issock': False, 'uid': 0, 'gid': 0, 'size': 4096, 'inode': 18900441, 'dev': 209, 'nlink': 2, 'atime': 1788514047.722894, 'mtime': 1743552000.0, 'ctime': 1788514047.7149673, 'gr_name': 'root', 'pw_name': 'root', 'wusr': True, 'rusr': True, 'xusr': True, 'wgrp': False, 'rgrp': True, 'xgrp': True, 'woth': False, 'roth': True, 'xoth': True, 'isuid': False, 'isgid': False})
ok: [localhost] => (item={'path': '/etc', 'mode': '0755', 'isdir': True, 'ischr': False, 'isblk': False, 'isreg': False, 'isfifo': False, 'islnk': False, 'issock': False, 'uid': 0, 'gid': 0, 'size': 4096, 'inode': 20847238, 'dev': 209, 'nlink': 1, 'atime': 1789216421.8297381, 'mtime': 1789216414.6721933, 'ctime': 1789216441.1279526, 'gr_name': 'root', 'pw_name': 'root', 'wusr': True, 'rusr': True, 'xusr': True, 'wgrp': False, 'rgrp': True, 'xgrp': True, 'woth': False, 'roth': True, 'xoth': True, 'isuid': False, 'isgid': False})
ok: [localhost] => (item={'path': '/media', 'mode': '0755', 'isdir': True, 'ischr': False, 'isblk': False, 'isreg': False, 'isfifo': False, 'islnk': False, 'issock': False, 'uid': 0, 'gid': 0, 'size': 4096, 'inode': 18900412, 'dev': 209, 'nlink': 2, 'atime': 1788514047.722894, 'mtime': 1743552000.0, 'ctime': 1788514047.7149673, 'gr_name': 'root', 'pw_name': 'root', 'wusr': True, 'rusr': True, 'xusr': True, 'wgrp': False, 'rgrp': True, 'xgrp': True, 'woth': False, 'roth': True, 'xoth': True, 'isuid': False, 'isgid': False})
ok: [localhost] => (item={'path': '/stigforge', 'mode': '0755', 'isdir': True, 'ischr': False, 'isblk': False, 'isreg': False, 'isfifo': False, 'islnk': False, 'issock': False, 'uid': 0, 'gid': 0, 'size': 4096, 'inode': 20743278, 'dev': 209, 'nlink': 1, 'atime': 1789216374.748025, 'mtime': 1789216374.6792517, 'ctime': 1789216375.8340414, 'gr_name': 'root', 'pw_name': 'root', 'wusr': True, 'rusr': True, 'xusr': True, 'wgrp': False, 'rgrp': True, 'xgrp': True, 'woth': False, 'roth': True, 'xoth': True, 'isuid': False, 'isgid': False})

TASK [/stigforge/roles/rhel10_stig : Remove User Host-Based Authentication Files - Increment Search Paths List with Local Partitions Mount Points] ***
ok: [localhost] => (item={'mount': '/stigforge/artifacts', 'device': '/dev/nvme0n1p2', 'fstype': 'ext4', 'options': 'rw,relatime,bind', 'dump': 0, 'passno': 0, 'size_total': 1005867986944, 'size_available': 483572850688, 'block_size': 4096, 'block_total': 245573239, 'block_available': 118059778, 'block_used': 127513461, 'inode_total': 62447616, 'inode_available': 59703050, 'inode_used': 2744566, 'uuid': 'N/A'})
ok: [localhost] => (item={'mount': '/stigforge/roles', 'device': '/dev/nvme0n1p2', 'fstype': 'ext4', 'options': 'ro,relatime,bind', 'dump': 0, 'passno': 0, 'size_total': 1005867986944, 'size_available': 483572850688, 'block_size': 4096, 'block_total': 245573239, 'block_available': 118059778, 'block_used': 127513461, 'inode_total': 62447616, 'inode_available': 59703050, 'inode_used': 2744566, 'uuid': 'N/A'})
ok: [localhost] => (item={'mount': '/stigforge/policy', 'device': '/dev/nvme0n1p2', 'fstype': 'ext4', 'options': 'ro,relatime,bind', 'dump': 0, 'passno': 0, 'size_total': 1005867986944, 'size_available': 483572850688, 'block_size': 4096, 'block_total': 245573239, 'block_available': 118059778, 'block_used': 127513461, 'inode_total': 62447616, 'inode_available': 59703050, 'inode_used': 2744566, 'uuid': 'N/A'})
ok: [localhost] => (item={'mount': '/stigforge/generator', 'device': '/dev/nvme0n1p2', 'fstype': 'ext4', 'options': 'ro,relatime,bind', 'dump': 0, 'passno': 0, 'size_total': 1005867986944, 'size_available': 483572850688, 'block_size': 4096, 'block_total': 245573239, 'block_available': 118059778, 'block_used': 127513461, 'inode_total': 62447616, 'inode_available': 59703050, 'inode_used': 2744566, 'uuid': 'N/A'})
ok: [localhost] => (item={'mount': '/stigforge/pyproject.toml', 'device': '/dev/nvme0n1p2', 'fstype': 'ext4', 'options': 'ro,relatime,bind', 'dump': 0, 'passno': 0, 'size_total': 1005867986944, 'size_available': 483572850688, 'block_size': 4096, 'block_total': 245573239, 'block_available': 118059778, 'block_used': 127513461, 'inode_total': 62447616, 'inode_available': 59703050, 'inode_used': 2744566, 'uuid': 'N/A'})
ok: [localhost] => (item={'mount': '/etc/resolv.conf', 'device': '/dev/nvme0n1p2', 'fstype': 'ext4', 'options': 'rw,relatime,bind', 'dump': 0, 'passno': 0, 'size_total': 1005867986944, 'size_available': 483572850688, 'block_size': 4096, 'block_total': 245573239, 'block_available': 118059778, 'block_used': 127513461, 'inode_total': 62447616, 'inode_available': 59703050, 'inode_used': 2744566, 'uuid': 'N/A'})
ok: [localhost] => (item={'mount': '/etc/hostname', 'device': '/dev/nvme0n1p2', 'fstype': 'ext4', 'options': 'rw,relatime,bind', 'dump': 0, 'passno': 0, 'size_total': 1005867986944, 'size_available': 483572850688, 'block_size': 4096, 'block_total': 245573239, 'block_available': 118059778, 'block_used': 127513461, 'inode_total': 62447616, 'inode_available': 59703050, 'inode_used': 2744566, 'uuid': 'N/A'})
ok: [localhost] => (item={'mount': '/etc/hosts', 'device': '/dev/nvme0n1p2', 'fstype': 'ext4', 'options': 'rw,relatime,bind', 'dump': 0, 'passno': 0, 'size_total': 1005867986944, 'size_available': 483572850688, 'block_size': 4096, 'block_total': 245573239, 'block_available': 118059778, 'block_used': 127513461, 'inode_total': 62447616, 'inode_available': 59703050, 'inode_used': 2744566, 'uuid': 'N/A'})

TASK [/stigforge/roles/rhel10_stig : Remove User Host-Based Authentication Files - Increment Search Paths List with Local NFS File System Targets] ***
skipping: [localhost] => (item={'mount': '/stigforge/artifacts', 'device': '/dev/nvme0n1p2', 'fstype': 'ext4', 'options': 'rw,relatime,bind', 'dump': 0, 'passno': 0, 'size_total': 1005867986944, 'size_available': 483572850688, 'block_size': 4096, 'block_total': 245573239, 'block_available': 118059778, 'block_used': 127513461, 'inode_total': 62447616, 'inode_available': 59703050, 'inode_used': 2744566, 'uuid': 'N/A'}) 
skipping: [localhost] => (item={'mount': '/stigforge/roles', 'device': '/dev/nvme0n1p2', 'fstype': 'ext4', 'options': 'ro,relatime,bind', 'dump': 0, 'passno': 0, 'size_total': 1005867986944, 'size_available': 483572850688, 'block_size': 4096, 'block_total': 245573239, 'block_available': 118059778, 'block_used': 127513461, 'inode_total': 62447616, 'inode_available': 59703050, 'inode_used': 2744566, 'uuid': 'N/A'}) 
skipping: [localhost] => (item={'mount': '/stigforge/policy', 'device': '/dev/nvme0n1p2', 'fstype': 'ext4', 'options': 'ro,relatime,bind', 'dump': 0, 'passno': 0, 'size_total': 1005867986944, 'size_available': 483572850688, 'block_size': 4096, 'block_total': 245573239, 'block_available': 118059778, 'block_used': 127513461, 'inode_total': 62447616, 'inode_available': 59703050, 'inode_used': 2744566, 'uuid': 'N/A'}) 
skipping: [localhost] => (item={'mount': '/stigforge/generator', 'device': '/dev/nvme0n1p2', 'fstype': 'ext4', 'options': 'ro,relatime,bind', 'dump': 0, 'passno': 0, 'size_total': 1005867986944, 'size_available': 483572850688, 'block_size': 4096, 'block_total': 245573239, 'block_available': 118059778, 'block_used': 127513461, 'inode_total': 62447616, 'inode_available': 59703050, 'inode_used': 2744566, 'uuid': 'N/A'}) 
skipping: [localhost] => (item={'mount': '/stigforge/pyproject.toml', 'device': '/dev/nvme0n1p2', 'fstype': 'ext4', 'options': 'ro,relatime,bind', 'dump': 0, 'passno': 0, 'size_total': 1005867986944, 'size_available': 483572850688, 'block_size': 4096, 'block_total': 245573239, 'block_available': 118059778, 'block_used': 127513461, 'inode_total': 62447616, 'inode_available': 59703050, 'inode_used': 2744566, 'uuid': 'N/A'}) 
skipping: [localhost] => (item={'mount': '/etc/resolv.conf', 'device': '/dev/nvme0n1p2', 'fstype': 'ext4', 'options': 'rw,relatime,bind', 'dump': 0, 'passno': 0, 'size_total': 1005867986944, 'size_available': 483572850688, 'block_size': 4096, 'block_total': 245573239, 'block_available': 118059778, 'block_used': 127513461, 'inode_total': 62447616, 'inode_available': 59703050, 'inode_used': 2744566, 'uuid': 'N/A'}) 
skipping: [localhost] => (item={'mount': '/etc/hostname', 'device': '/dev/nvme0n1p2', 'fstype': 'ext4', 'options': 'rw,relatime,bind', 'dump': 0, 'passno': 0, 'size_total': 1005867986944, 'size_available': 483572850688, 'block_size': 4096, 'block_total': 245573239, 'block_available': 118059778, 'block_used': 127513461, 'inode_total': 62447616, 'inode_available': 59703050, 'inode_used': 2744566, 'uuid': 'N/A'}) 
skipping: [localhost] => (item={'mount': '/etc/hosts', 'device': '/dev/nvme0n1p2', 'fstype': 'ext4', 'options': 'rw,relatime,bind', 'dump': 0, 'passno': 0, 'size_total': 1005867986944, 'size_available': 483572850688, 'block_size': 4096, 'block_total': 245573239, 'block_available': 118059778, 'block_used': 127513461, 'inode_total': 62447616, 'inode_available': 59703050, 'inode_used': 2744566, 'uuid': 'N/A'}) 
skipping: [localhost]

TASK [/stigforge/roles/rhel10_stig : Remove User Host-Based Authentication Files - Define Rule Specific Facts] ***
ok: [localhost]

TASK [/stigforge/roles/rhel10_stig : Remove User Host-Based Authentication Files - Find All .shosts Files in Local File Systems] ***
ok: [localhost] => (item=/stigforge/artifacts)
ok: [localhost] => (item=/etc/resolv.conf)
ok: [localhost] => (item=/var)
ok: [localhost] => (item=/mnt)
ok: [localhost] => (item=/media)
ok: [localhost] => (item=/tmp)
ok: [localhost] => (item=/stigforge/generator)
ok: [localhost] => (item=/usr)
ok: [localhost] => (item=/stigforge)
ok: [localhost] => (item=/root)
ok: [localhost] => (item=/afs)
ok: [localhost] => (item=/etc/hosts)
ok: [localhost] => (item=/srv)
ok: [localhost] => (item=/stigforge/pyproject.toml)
ok: [localhost] => (item=/home)
ok: [localhost] => (item=/etc)
ok: [localhost] => (item=/opt)
ok: [localhost] => (item=/etc/hostname)
ok: [localhost] => (item=/stigforge/policy)
ok: [localhost] => (item=/stigforge/roles)

TASK [/stigforge/roles/rhel10_stig : Remove User Host-Based Authentication Files - Create List of .shosts Files Present in Local File Systems] ***
ok: [localhost] => (item={'changed': False, 'stdout': '', 'stderr': '', 'rc': 0, 'cmd': ['find', '/stigforge/artifacts', '-xdev', '-type', 'f', '-name', '.shosts'], 'start': '2026-09-12 12:34:14.204791', 'end': '2026-09-12 12:34:14.207446', 'delta': '0:00:00.002655', 'msg': '', 'invocation': {'module_args': {'_raw_params': 'find /stigforge/artifacts -xdev -type f -name ".shosts"', '_uses_shell': False, 'expand_argument_vars': True, 'stdin_add_newline': True, 'strip_empty_ends': True, 'argv': None, 'chdir': None, 'executable': None, 'creates': None, 'removes': None, 'stdin': None}}, 'stdout_lines': [], 'stderr_lines': [], 'failed': False, 'item': '/stigforge/artifacts', 'ansible_loop_var': 'item'})
ok: [localhost] => (item={'changed': False, 'stdout': '', 'stderr': '', 'rc': 0, 'cmd': ['find', '/etc/resolv.conf', '-xdev', '-type', 'f', '-name', '.shosts'], 'start': '2026-09-12 12:34:14.324128', 'end': '2026-09-12 12:34:14.328559', 'delta': '0:00:00.004431', 'msg': '', 'invocation': {'module_args': {'_raw_params': 'find /etc/resolv.conf -xdev -type f -name ".shosts"', '_uses_shell': False, 'expand_argument_vars': True, 'stdin_add_newline': True, 'strip_empty_ends': True, 'argv': None, 'chdir': None, 'executable': None, 'creates': None, 'removes': None, 'stdin': None}}, 'stdout_lines': [], 'stderr_lines': [], 'failed': False, 'item': '/etc/resolv.conf', 'ansible_loop_var': 'item'})
ok: [localhost] => (item={'changed': False, 'stdout': '', 'stderr': '', 'rc': 0, 'cmd': ['find', '/var', '-xdev', '-type', 'f', '-name', '.shosts'], 'start': '2026-09-12 12:34:14.460852', 'end': '2026-09-12 12:34:14.463994', 'delta': '0:00:00.003142', 'msg': '', 'invocation': {'module_args': {'_raw_params': 'find /var -xdev -type f -name ".shosts"', '_uses_shell': False, 'expand_argument_vars': True, 'stdin_add_newline': True, 'strip_empty_ends': True, 'argv': None, 'chdir': None, 'executable': None, 'creates': None, 'removes': None, 'stdin': None}}, 'stdout_lines': [], 'stderr_lines': [], 'failed': False, 'item': '/var', 'ansible_loop_var': 'item'})
ok: [localhost] => (item={'changed': False, 'stdout': '', 'stderr': '', 'rc': 0, 'cmd': ['find', '/mnt', '-xdev', '-type', 'f', '-name', '.shosts'], 'start': '2026-09-12 12:34:14.579664', 'end': '2026-09-12 12:34:14.582653', 'delta': '0:00:00.002989', 'msg': '', 'invocation': {'module_args': {'_raw_params': 'find /mnt -xdev -type f -name ".shosts"', '_uses_shell': False, 'expand_argument_vars': True, 'stdin_add_newline': True, 'strip_empty_ends': True, 'argv': None, 'chdir': None, 'executable': None, 'creates': None, 'removes': None, 'stdin': None}}, 'stdout_lines': [], 'stderr_lines': [], 'failed': False, 'item': '/mnt', 'ansible_loop_var': 'item'})
ok: [localhost] => (item={'changed': False, 'stdout': '', 'stderr': '', 'rc': 0, 'cmd': ['find', '/media', '-xdev', '-type', 'f', '-name', '.shosts'], 'start': '2026-09-12 12:34:14.700384', 'end': '2026-09-12 12:34:14.703001', 'delta': '0:00:00.002617', 'msg': '', 'invocation': {'module_args': {'_raw_params': 'find /media -xdev -type f -name ".shosts"', '_uses_shell': False, 'expand_argument_vars': True, 'stdin_add_newline': True, 'strip_empty_ends': True, 'argv': None, 'chdir': None, 'executable': None, 'creates': None, 'removes': None, 'stdin': None}}, 'stdout_lines': [], 'stderr_lines': [], 'failed': False, 'item': '/media', 'ansible_loop_var': 'item'})
ok: [localhost] => (item={'changed': False, 'stdout': '', 'stderr': '', 'rc': 0, 'cmd': ['find', '/tmp', '-xdev', '-type', 'f', '-name', '.shosts'], 'start': '2026-09-12 12:34:14.825935', 'end': '2026-09-12 12:34:14.828567', 'delta': '0:00:00.002632', 'msg': '', 'invocation': {'module_args': {'_raw_params': 'find /tmp -xdev -type f -name ".shosts"', '_uses_shell': False, 'expand_argument_vars': True, 'stdin_add_newline': True, 'strip_empty_ends': True, 'argv': None, 'chdir': None, 'executable': None, 'creates': None, 'removes': None, 'stdin': None}}, 'stdout_lines': [], 'stderr_lines': [], 'failed': False, 'item': '/tmp', 'ansible_loop_var': 'item'})
ok: [localhost] => (item={'changed': False, 'stdout': '', 'stderr': '', 'rc': 0, 'cmd': ['find', '/stigforge/generator', '-xdev', '-type', 'f', '-name', '.shosts'], 'start': '2026-09-12 12:34:14.948722', 'end': '2026-09-12 12:34:14.950917', 'delta': '0:00:00.002195', 'msg': '', 'invocation': {'module_args': {'_raw_params': 'find /stigforge/generator -xdev -type f -name ".shosts"', '_uses_shell': False, 'expand_argument_vars': True, 'stdin_add_newline': True, 'strip_empty_ends': True, 'argv': None, 'chdir': None, 'executable': None, 'creates': None, 'removes': None, 'stdin': None}}, 'stdout_lines': [], 'stderr_lines': [], 'failed': False, 'item': '/stigforge/generator', 'ansible_loop_var': 'item'})
ok: [localhost] => (item={'changed': False, 'stdout': '', 'stderr': '', 'rc': 0, 'cmd': ['find', '/usr', '-xdev', '-type', 'f', '-name', '.shosts'], 'start': '2026-09-12 12:34:15.073115', 'end': '2026-09-12 12:34:15.096569', 'delta': '0:00:00.023454', 'msg': '', 'invocation': {'module_args': {'_raw_params': 'find /usr -xdev -type f -name ".shosts"', '_uses_shell': False, 'expand_argument_vars': True, 'stdin_add_newline': True, 'strip_empty_ends': True, 'argv': None, 'chdir': None, 'executable': None, 'creates': None, 'removes': None, 'stdin': None}}, 'stdout_lines': [], 'stderr_lines': [], 'failed': False, 'item': '/usr', 'ansible_loop_var': 'item'})
ok: [localhost] => (item={'changed': False, 'stdout': '', 'stderr': '', 'rc': 0, 'cmd': ['find', '/stigforge', '-xdev', '-type', 'f', '-name', '.shosts'], 'start': '2026-09-12 12:34:15.215731', 'end': '2026-09-12 12:34:15.218694', 'delta': '0:00:00.002963', 'msg': '', 'invocation': {'module_args': {'_raw_params': 'find /stigforge -xdev -type f -name ".shosts"', '_uses_shell': False, 'expand_argument_vars': True, 'stdin_add_newline': True, 'strip_empty_ends': True, 'argv': None, 'chdir': None, 'executable': None, 'creates': None, 'removes': None, 'stdin': None}}, 'stdout_lines': [], 'stderr_lines': [], 'failed': False, 'item': '/stigforge', 'ansible_loop_var': 'item'})
ok: [localhost] => (item={'changed': False, 'stdout': '', 'stderr': '', 'rc': 0, 'cmd': ['find', '/root', '-xdev', '-type', 'f', '-name', '.shosts'], 'start': '2026-09-12 12:34:15.334064', 'end': '2026-09-12 12:34:15.336890', 'delta': '0:00:00.002826', 'msg': '', 'invocation': {'module_args': {'_raw_params': 'find /root -xdev -type f -name ".shosts"', '_uses_shell': False, 'expand_argument_vars': True, 'stdin_add_newline': True, 'strip_empty_ends': True, 'argv': None, 'chdir': None, 'executable': None, 'creates': None, 'removes': None, 'stdin': None}}, 'stdout_lines': [], 'stderr_lines': [], 'failed': False, 'item': '/root', 'ansible_loop_var': 'item'})
ok: [localhost] => (item={'changed': False, 'stdout': '', 'stderr': '', 'rc': 0, 'cmd': ['find', '/afs', '-xdev', '-type', 'f', '-name', '.shosts'], 'start': '2026-09-12 12:34:15.452237', 'end': '2026-09-12 12:34:15.454745', 'delta': '0:00:00.002508', 'msg': '', 'invocation': {'module_args': {'_raw_params': 'find /afs -xdev -type f -name ".shosts"', '_uses_shell': False, 'expand_argument_vars': True, 'stdin_add_newline': True, 'strip_empty_ends': True, 'argv': None, 'chdir': None, 'executable': None, 'creates': None, 'removes': None, 'stdin': None}}, 'stdout_lines': [], 'stderr_lines': [], 'failed': False, 'item': '/afs', 'ansible_loop_var': 'item'})
ok: [localhost] => (item={'changed': False, 'stdout': '', 'stderr': '', 'rc': 0, 'cmd': ['find', '/etc/hosts', '-xdev', '-type', 'f', '-name', '.shosts'], 'start': '2026-09-12 12:34:15.577571', 'end': '2026-09-12 12:34:15.579645', 'delta': '0:00:00.002074', 'msg': '', 'invocation': {'module_args': {'_raw_params': 'find /etc/hosts -xdev -type f -name ".shosts"', '_uses_shell': False, 'expand_argument_vars': True, 'stdin_add_newline': True, 'strip_empty_ends': True, 'argv': None, 'chdir': None, 'executable': None, 'creates': None, 'removes': None, 'stdin': None}}, 'stdout_lines': [], 'stderr_lines': [], 'failed': False, 'item': '/etc/hosts', 'ansible_loop_var': 'item'})
ok: [localhost] => (item={'changed': False, 'stdout': '', 'stderr': '', 'rc': 0, 'cmd': ['find', '/srv', '-xdev', '-type', 'f', '-name', '.shosts'], 'start': '2026-09-12 12:34:15.699195', 'end': '2026-09-12 12:34:15.701741', 'delta': '0:00:00.002546', 'msg': '', 'invocation': {'module_args': {'_raw_params': 'find /srv -xdev -type f -name ".shosts"', '_uses_shell': False, 'expand_argument_vars': True, 'stdin_add_newline': True, 'strip_empty_ends': True, 'argv': None, 'chdir': None, 'executable': None, 'creates': None, 'removes': None, 'stdin': None}}, 'stdout_lines': [], 'stderr_lines': [], 'failed': False, 'item': '/srv', 'ansible_loop_var': 'item'})
ok: [localhost] => (item={'changed': False, 'stdout': '', 'stderr': '', 'rc': 0, 'cmd': ['find', '/stigforge/pyproject.toml', '-xdev', '-type', 'f', '-name', '.shosts'], 'start': '2026-09-12 12:34:15.822559', 'end': '2026-09-12 12:34:15.824737', 'delta': '0:00:00.002178', 'msg': '', 'invocation': {'module_args': {'_raw_params': 'find /stigforge/pyproject.toml -xdev -type f -name ".shosts"', '_uses_shell': False, 'expand_argument_vars': True, 'stdin_add_newline': True, 'strip_empty_ends': True, 'argv': None, 'chdir': None, 'executable': None, 'creates': None, 'removes': None, 'stdin': None}}, 'stdout_lines': [], 'stderr_lines': [], 'failed': False, 'item': '/stigforge/pyproject.toml', 'ansible_loop_var': 'item'})
ok: [localhost] => (item={'changed': False, 'stdout': '', 'stderr': '', 'rc': 0, 'cmd': ['find', '/home', '-xdev', '-type', 'f', '-name', '.shosts'], 'start': '2026-09-12 12:34:15.945101', 'end': '2026-09-12 12:34:15.947590', 'delta': '0:00:00.002489', 'msg': '', 'invocation': {'module_args': {'_raw_params': 'find /home -xdev -type f -name ".shosts"', '_uses_shell': False, 'expand_argument_vars': True, 'stdin_add_newline': True, 'strip_empty_ends': True, 'argv': None, 'chdir': None, 'executable': None, 'creates': None, 'removes': None, 'stdin': None}}, 'stdout_lines': [], 'stderr_lines': [], 'failed': False, 'item': '/home', 'ansible_loop_var': 'item'})
ok: [localhost] => (item={'changed': False, 'stdout': '', 'stderr': '', 'rc': 0, 'cmd': ['find', '/etc', '-xdev', '-type', 'f', '-name', '.shosts'], 'start': '2026-09-12 12:34:16.070124', 'end': '2026-09-12 12:34:16.073857', 'delta': '0:00:00.003733', 'msg': '', 'invocation': {'module_args': {'_raw_params': 'find /etc -xdev -type f -name ".shosts"', '_uses_shell': False, 'expand_argument_vars': True, 'stdin_add_newline': True, 'strip_empty_ends': True, 'argv': None, 'chdir': None, 'executable': None, 'creates': None, 'removes': None, 'stdin': None}}, 'stdout_lines': [], 'stderr_lines': [], 'failed': False, 'item': '/etc', 'ansible_loop_var': 'item'})
ok: [localhost] => (item={'changed': False, 'stdout': '', 'stderr': '', 'rc': 0, 'cmd': ['find', '/opt', '-xdev', '-type', 'f', '-name', '.shosts'], 'start': '2026-09-12 12:34:16.193876', 'end': '2026-09-12 12:34:16.196409', 'delta': '0:00:00.002533', 'msg': '', 'invocation': {'module_args': {'_raw_params': 'find /opt -xdev -type f -name ".shosts"', '_uses_shell': False, 'expand_argument_vars': True, 'stdin_add_newline': True, 'strip_empty_ends': True, 'argv': None, 'chdir': None, 'executable': None, 'creates': None, 'removes': None, 'stdin': None}}, 'stdout_lines': [], 'stderr_lines': [], 'failed': False, 'item': '/opt', 'ansible_loop_var': 'item'})
ok: [localhost] => (item={'changed': False, 'stdout': '', 'stderr': '', 'rc': 0, 'cmd': ['find', '/etc/hostname', '-xdev', '-type', 'f', '-name', '.shosts'], 'start': '2026-09-12 12:34:16.312701', 'end': '2026-09-12 12:34:16.314843', 'delta': '0:00:00.002142', 'msg': '', 'invocation': {'module_args': {'_raw_params': 'find /etc/hostname -xdev -type f -name ".shosts"', '_uses_shell': False, 'expand_argument_vars': True, 'stdin_add_newline': True, 'strip_empty_ends': True, 'argv': None, 'chdir': None, 'executable': None, 'creates': None, 'removes': None, 'stdin': None}}, 'stdout_lines': [], 'stderr_lines': [], 'failed': False, 'item': '/etc/hostname', 'ansible_loop_var': 'item'})
ok: [localhost] => (item={'changed': False, 'stdout': '', 'stderr': '', 'rc': 0, 'cmd': ['find', '/stigforge/policy', '-xdev', '-type', 'f', '-name', '.shosts'], 'start': '2026-09-12 12:34:16.437157', 'end': '2026-09-12 12:34:16.439762', 'delta': '0:00:00.002605', 'msg': '', 'invocation': {'module_args': {'_raw_params': 'find /stigforge/policy -xdev -type f -name ".shosts"', '_uses_shell': False, 'expand_argument_vars': True, 'stdin_add_newline': True, 'strip_empty_ends': True, 'argv': None, 'chdir': None, 'executable': None, 'creates': None, 'removes': None, 'stdin': None}}, 'stdout_lines': [], 'stderr_lines': [], 'failed': False, 'item': '/stigforge/policy', 'ansible_loop_var': 'item'})
ok: [localhost] => (item={'changed': False, 'stdout': '', 'stderr': '', 'rc': 0, 'cmd': ['find', '/stigforge/roles', '-xdev', '-type', 'f', '-name', '.shosts'], 'start': '2026-09-12 12:34:16.560863', 'end': '2026-09-12 12:34:16.564398', 'delta': '0:00:00.003535', 'msg': '', 'invocation': {'module_args': {'_raw_params': 'find /stigforge/roles -xdev -type f -name ".shosts"', '_uses_shell': False, 'expand_argument_vars': True, 'stdin_add_newline': True, 'strip_empty_ends': True, 'argv': None, 'chdir': None, 'executable': None, 'creates': None, 'removes': None, 'stdin': None}}, 'stdout_lines': [], 'stderr_lines': [], 'failed': False, 'item': '/stigforge/roles', 'ansible_loop_var': 'item'})

TASK [/stigforge/roles/rhel10_stig : Remove User Host-Based Authentication Files - Ensure No .shosts Files Are Present in the System] ***
ok: [localhost] => (item=/.shosts)

TASK [/stigforge/roles/rhel10_stig : Ensure tftp systemd Service Uses Secure Mode - Find valid drop-ins] ***
skipping: [localhost]

TASK [/stigforge/roles/rhel10_stig : Ensure tftp systemd Service Uses Secure Mode - Find all drop-in files] ***
skipping: [localhost]

TASK [/stigforge/roles/rhel10_stig : Ensure tftp systemd Service Uses Secure Mode - Get invalid drop-ins] ***
skipping: [localhost]

TASK [/stigforge/roles/rhel10_stig : Ensure tftp systemd Service Uses Secure Mode - Comment all ExecStart in invalid drop-ins] ***
skipping: [localhost]

TASK [/stigforge/roles/rhel10_stig : Ensure tftp systemd Service Uses Secure Mode - Check if a valid drop-in exists] ***
skipping: [localhost]

TASK [/stigforge/roles/rhel10_stig : Ensure tftp systemd Service Uses Secure Mode - Check if tftp.service contains valid ExecStart] ***
skipping: [localhost]

TASK [/stigforge/roles/rhel10_stig : Ensure tftp systemd Service Uses Secure Mode - Check if a valid tftp.service exists] ***
skipping: [localhost]

TASK [/stigforge/roles/rhel10_stig : Ensure tftp systemd Service Uses Secure Mode - Recalculate global config validity] ***
skipping: [localhost]

TASK [/stigforge/roles/rhel10_stig : Ensure drop-in directory exists] **********
skipping: [localhost]

TASK [/stigforge/roles/rhel10_stig : Deploy 10-ssg-hardening.conf drop-in] *****
skipping: [localhost]

TASK [/stigforge/roles/rhel10_stig : Reload systemd and restart tftp service] ***
skipping: [localhost]

TASK [/stigforge/roles/rhel10_stig : Set the directory_groupowner_sshd_config_d_newgroup variable if represented by gid] ***
skipping: [localhost]

TASK [/stigforge/roles/rhel10_stig : Ensure group owner on /etc/ssh/sshd_config.d/] ***
skipping: [localhost]

TASK [/stigforge/roles/rhel10_stig : Set the directory_owner_sshd_config_d_newown variable if represented by uid] ***
skipping: [localhost]

TASK [/stigforge/roles/rhel10_stig : Ensure owner on directory /etc/ssh/sshd_config.d/] ***
skipping: [localhost]

TASK [/stigforge/roles/rhel10_stig : Set the file_groupowner_sshd_config_newgroup variable if represented by gid] ***
skipping: [localhost]

TASK [/stigforge/roles/rhel10_stig : Test for existence /etc/ssh/sshd_config] ***
skipping: [localhost]

TASK [/stigforge/roles/rhel10_stig : Ensure group owner on /etc/ssh/sshd_config] ***
skipping: [localhost]

TASK [/stigforge/roles/rhel10_stig : Set the file_groupowner_sshd_drop_in_config_newgroup variable if represented by gid] ***
skipping: [localhost]

TASK [/stigforge/roles/rhel10_stig : Find /etc/ssh/sshd_config.d/ file(s) matching ^.*$] ***
skipping: [localhost]

TASK [/stigforge/roles/rhel10_stig : Ensure group owner on /etc/ssh/sshd_config.d/ file(s) matching ^.*$] ***
skipping: [localhost]

TASK [/stigforge/roles/rhel10_stig : Set the file_owner_sshd_config_newown variable if represented by uid] ***
skipping: [localhost]

TASK [/stigforge/roles/rhel10_stig : Test for existence /etc/ssh/sshd_config] ***
skipping: [localhost]

TASK [/stigforge/roles/rhel10_stig : Ensure owner on /etc/ssh/sshd_config] *****
skipping: [localhost]

TASK [/stigforge/roles/rhel10_stig : Set the file_owner_sshd_drop_in_config_newown variable if represented by uid] ***
skipping: [localhost]

TASK [/stigforge/roles/rhel10_stig : Find /etc/ssh/sshd_config.d/ file(s) matching ^.*$] ***
skipping: [localhost]

TASK [/stigforge/roles/rhel10_stig : Ensure owner on /etc/ssh/sshd_config.d/ file(s) matching ^.*$] ***
skipping: [localhost]

TASK [/stigforge/roles/rhel10_stig : Verify Permissions on SSH Server Configuration Files Are Not Modified - Restore ownership of openssh-server files] ***
skipping: [localhost]

TASK [/stigforge/roles/rhel10_stig : Verify Permissions on SSH Server Configuration Files Are Not Modified - Restore permissions of openssh-server files] ***
skipping: [localhost]

TASK [/stigforge/roles/rhel10_stig : Find root:root-owned keys] ****************
skipping: [localhost]

TASK [/stigforge/roles/rhel10_stig : Set permissions for root:root-owned keys] ***
skipping: [localhost]

TASK [/stigforge/roles/rhel10_stig : Find /etc/ssh/ file(s)] *******************
skipping: [localhost]

TASK [/stigforge/roles/rhel10_stig : Set permissions for /etc/ssh/ file(s)] ****
skipping: [localhost]

TASK [/stigforge/roles/rhel10_stig : Set SSH Client Alive Count Max - Check if the parameter ClientAliveCountMax is configured in /etc/ssh/sshd_config] ***
skipping: [localhost]

TASK [/stigforge/roles/rhel10_stig : Set SSH Client Alive Count Max - Check if the parameter ClientAliveCountMax is configured in /etc/ssh/sshd_config.d] ***
skipping: [localhost]

TASK [/stigforge/roles/rhel10_stig : Set SSH Client Alive Count Max - Check if /etc/ssh/sshd_config exists] ***
skipping: [localhost]

TASK [/stigforge/roles/rhel10_stig : Set SSH Client Alive Count Max - Check if the parameter ClientAliveCountMax is configured correctly in /etc/ssh/sshd_config] ***
skipping: [localhost]

TASK [/stigforge/roles/rhel10_stig : Set SSH Client Alive Count Max - Check if the parameter ClientAliveCountMax is configured correctly in /etc/ssh/sshd_config.d] ***
skipping: [localhost]

TASK [/stigforge/roles/rhel10_stig : Deduplicate values from /etc/ssh/sshd_config] ***
skipping: [localhost]

TASK [/stigforge/roles/rhel10_stig : Check if /etc/ssh/sshd_config.d exists] ***
skipping: [localhost]

TASK [/stigforge/roles/rhel10_stig : Check if the parameter ClientAliveCountMax is present in /etc/ssh/sshd_config.d] ***
skipping: [localhost]

TASK [/stigforge/roles/rhel10_stig : Remove parameter from files in /etc/ssh/sshd_config.d] ***
skipping: [localhost]

TASK [/stigforge/roles/rhel10_stig : Insert correct line to /etc/ssh/sshd_config.d/00-complianceascode-hardening.conf] ***
skipping: [localhost]

TASK [/stigforge/roles/rhel10_stig : Set SSH Client Alive Count Max - set file mode for /etc/ssh/sshd_config.d/00-complianceascode-hardening.conf] ***
skipping: [localhost]

TASK [/stigforge/roles/rhel10_stig : Set SSH Client Alive Interval - Check if the parameter ClientAliveInterval is configured in /etc/ssh/sshd_config] ***
skipping: [localhost]

TASK [/stigforge/roles/rhel10_stig : Set SSH Client Alive Interval - Check if the parameter ClientAliveInterval is configured in /etc/ssh/sshd_config.d] ***
skipping: [localhost]

TASK [/stigforge/roles/rhel10_stig : Set SSH Client Alive Interval - Check if /etc/ssh/sshd_config exists] ***
skipping: [localhost]

TASK [/stigforge/roles/rhel10_stig : Set SSH Client Alive Interval - Check if the parameter ClientAliveInterval is configured correctly in /etc/ssh/sshd_config] ***
skipping: [localhost]

TASK [/stigforge/roles/rhel10_stig : Set SSH Client Alive Interval - Check if the parameter ClientAliveInterval is configured correctly in /etc/ssh/sshd_config.d] ***
skipping: [localhost]

TASK [/stigforge/roles/rhel10_stig : Deduplicate values from /etc/ssh/sshd_config] ***
skipping: [localhost]

TASK [/stigforge/roles/rhel10_stig : Check if /etc/ssh/sshd_config.d exists] ***
skipping: [localhost]

TASK [/stigforge/roles/rhel10_stig : Check if the parameter ClientAliveInterval is present in /etc/ssh/sshd_config.d] ***
skipping: [localhost]

TASK [/stigforge/roles/rhel10_stig : Remove parameter from files in /etc/ssh/sshd_config.d] ***
skipping: [localhost]

TASK [/stigforge/roles/rhel10_stig : Insert correct line to /etc/ssh/sshd_config.d/00-complianceascode-hardening.conf] ***
skipping: [localhost]

TASK [/stigforge/roles/rhel10_stig : Set SSH Client Alive Interval - set file mode for /etc/ssh/sshd_config.d/00-complianceascode-hardening.conf] ***
skipping: [localhost]

TASK [/stigforge/roles/rhel10_stig : Disable Host-Based Authentication - Check if the parameter HostbasedAuthentication is configured in /etc/ssh/sshd_config] ***
skipping: [localhost]

TASK [/stigforge/roles/rhel10_stig : Disable Host-Based Authentication - Check if the parameter HostbasedAuthentication is configured in /etc/ssh/sshd_config.d] ***
skipping: [localhost]

TASK [/stigforge/roles/rhel10_stig : Disable Host-Based Authentication - Check if /etc/ssh/sshd_config exists] ***
skipping: [localhost]

TASK [/stigforge/roles/rhel10_stig : Disable Host-Based Authentication - Check if the parameter HostbasedAuthentication is configured correctly in /etc/ssh/sshd_config] ***
skipping: [localhost]

TASK [/stigforge/roles/rhel10_stig : Disable Host-Based Authentication - Check if the parameter HostbasedAuthentication is configured correctly in /etc/ssh/sshd_config.d] ***
skipping: [localhost]

TASK [/stigforge/roles/rhel10_stig : Deduplicate values from /etc/ssh/sshd_config] ***
skipping: [localhost]

TASK [/stigforge/roles/rhel10_stig : Check if /etc/ssh/sshd_config.d exists] ***
skipping: [localhost]

TASK [/stigforge/roles/rhel10_stig : Check if the parameter HostbasedAuthentication is present in /etc/ssh/sshd_config.d] ***
skipping: [localhost]

TASK [/stigforge/roles/rhel10_stig : Remove parameter from files in /etc/ssh/sshd_config.d] ***
skipping: [localhost]

TASK [/stigforge/roles/rhel10_stig : Insert correct line to /etc/ssh/sshd_config.d/01-complianceascode-reinforce-os-defaults.conf] ***
skipping: [localhost]

TASK [/stigforge/roles/rhel10_stig : Disable Host-Based Authentication - set file mode for /etc/ssh/sshd_config.d/01-complianceascode-reinforce-os-defaults.conf] ***
skipping: [localhost]

TASK [/stigforge/roles/rhel10_stig : Enable SSH Server firewalld Firewall Exception - Collect NetworkManager connections names] ***
skipping: [localhost]

TASK [/stigforge/roles/rhel10_stig : Enable SSH Server firewalld Firewall Exception - Collect NetworkManager connections zones] ***
skipping: [localhost]

TASK [/stigforge/roles/rhel10_stig : Enable SSH Server firewalld Firewall Exception - Ensure NetworkManager connections are assigned to a firewalld zone] ***
skipping: [localhost]

TASK [/stigforge/roles/rhel10_stig : Enable SSH Server firewalld Firewall Exception - Ensure NetworkManager connections changes are applied] ***
skipping: [localhost]

TASK [/stigforge/roles/rhel10_stig : Enable SSH Server firewalld Firewall Exception - Collect firewalld active zones] ***
skipping: [localhost]

TASK [/stigforge/roles/rhel10_stig : Enable SSH Server firewalld Firewall Exception - Ensure firewalld zones allow SSH] ***
skipping: [localhost]

TASK [/stigforge/roles/rhel10_stig : Enable SSH Server firewalld Firewall Exception - Informative message based on services states] ***
skipping: [localhost]

TASK [/stigforge/roles/rhel10_stig : Disable SSH Access via Empty Passwords - Check if the parameter PermitEmptyPasswords is configured in /etc/ssh/sshd_config] ***
skipping: [localhost]

TASK [/stigforge/roles/rhel10_stig : Disable SSH Access via Empty Passwords - Check if the parameter PermitEmptyPasswords is configured in /etc/ssh/sshd_config.d] ***
skipping: [localhost]

TASK [/stigforge/roles/rhel10_stig : Disable SSH Access via Empty Passwords - Check if /etc/ssh/sshd_config exists] ***
skipping: [localhost]

TASK [/stigforge/roles/rhel10_stig : Disable SSH Access via Empty Passwords - Check if the parameter PermitEmptyPasswords is configured correctly in /etc/ssh/sshd_config] ***
skipping: [localhost]

TASK [/stigforge/roles/rhel10_stig : Disable SSH Access via Empty Passwords - Check if the parameter PermitEmptyPasswords is configured correctly in /etc/ssh/sshd_config.d] ***
skipping: [localhost]

TASK [/stigforge/roles/rhel10_stig : Deduplicate values from /etc/ssh/sshd_config] ***
skipping: [localhost]

TASK [/stigforge/roles/rhel10_stig : Check if /etc/ssh/sshd_config.d exists] ***
skipping: [localhost]

TASK [/stigforge/roles/rhel10_stig : Check if the parameter PermitEmptyPasswords is present in /etc/ssh/sshd_config.d] ***
skipping: [localhost]

TASK [/stigforge/roles/rhel10_stig : Remove parameter from files in /etc/ssh/sshd_config.d] ***
skipping: [localhost]

TASK [/stigforge/roles/rhel10_stig : Insert correct line to /etc/ssh/sshd_config.d/01-complianceascode-reinforce-os-defaults.conf] ***
skipping: [localhost]

TASK [/stigforge/roles/rhel10_stig : Disable SSH Access via Empty Passwords - set file mode for /etc/ssh/sshd_config.d/01-complianceascode-reinforce-os-defaults.conf] ***
skipping: [localhost]

TASK [/stigforge/roles/rhel10_stig : Disable GSSAPI Authentication - Check if the parameter GSSAPIAuthentication is configured in /etc/ssh/sshd_config] ***
skipping: [localhost]

TASK [/stigforge/roles/rhel10_stig : Disable GSSAPI Authentication - Check if the parameter GSSAPIAuthentication is configured in /etc/ssh/sshd_config.d] ***
skipping: [localhost]

TASK [/stigforge/roles/rhel10_stig : Disable GSSAPI Authentication - Check if /etc/ssh/sshd_config exists] ***
skipping: [localhost]

TASK [/stigforge/roles/rhel10_stig : Disable GSSAPI Authentication - Check if the parameter GSSAPIAuthentication is configured correctly in /etc/ssh/sshd_config] ***
skipping: [localhost]

TASK [/stigforge/roles/rhel10_stig : Disable GSSAPI Authentication - Check if the parameter GSSAPIAuthentication is configured correctly in /etc/ssh/sshd_config.d] ***
skipping: [localhost]

TASK [/stigforge/roles/rhel10_stig : Deduplicate values from /etc/ssh/sshd_config] ***
skipping: [localhost]

TASK [/stigforge/roles/rhel10_stig : Check if /etc/ssh/sshd_config.d exists] ***
skipping: [localhost]

TASK [/stigforge/roles/rhel10_stig : Check if the parameter GSSAPIAuthentication is present in /etc/ssh/sshd_config.d] ***
skipping: [localhost]

TASK [/stigforge/roles/rhel10_stig : Remove parameter from files in /etc/ssh/sshd_config.d] ***
skipping: [localhost]

TASK [/stigforge/roles/rhel10_stig : Insert correct line to /etc/ssh/sshd_config.d/01-complianceascode-reinforce-os-defaults.conf] ***
skipping: [localhost]

TASK [/stigforge/roles/rhel10_stig : Disable GSSAPI Authentication - set file mode for /etc/ssh/sshd_config.d/01-complianceascode-reinforce-os-defaults.conf] ***
skipping: [localhost]

TASK [/stigforge/roles/rhel10_stig : Disable Kerberos Authentication - Check if the parameter KerberosAuthentication is configured in /etc/ssh/sshd_config] ***
skipping: [localhost]

TASK [/stigforge/roles/rhel10_stig : Disable Kerberos Authentication - Check if the parameter KerberosAuthentication is configured in /etc/ssh/sshd_config.d] ***
skipping: [localhost]

TASK [/stigforge/roles/rhel10_stig : Disable Kerberos Authentication - Check if /etc/ssh/sshd_config exists] ***
skipping: [localhost]

TASK [/stigforge/roles/rhel10_stig : Disable Kerberos Authentication - Check if the parameter KerberosAuthentication is configured correctly in /etc/ssh/sshd_config] ***
skipping: [localhost]

TASK [/stigforge/roles/rhel10_stig : Disable Kerberos Authentication - Check if the parameter KerberosAuthentication is configured correctly in /etc/ssh/sshd_config.d] ***
skipping: [localhost]

TASK [/stigforge/roles/rhel10_stig : Deduplicate values from /etc/ssh/sshd_config] ***
skipping: [localhost]

TASK [/stigforge/roles/rhel10_stig : Check if /etc/ssh/sshd_config.d exists] ***
skipping: [localhost]

TASK [/stigforge/roles/rhel10_stig : Check if the parameter KerberosAuthentication is present in /etc/ssh/sshd_config.d] ***
skipping: [localhost]

TASK [/stigforge/roles/rhel10_stig : Remove parameter from files in /etc/ssh/sshd_config.d] ***
skipping: [localhost]

TASK [/stigforge/roles/rhel10_stig : Insert correct line to /etc/ssh/sshd_config.d/01-complianceascode-reinforce-os-defaults.conf] ***
skipping: [localhost]

TASK [/stigforge/roles/rhel10_stig : Disable Kerberos Authentication - set file mode for /etc/ssh/sshd_config.d/01-complianceascode-reinforce-os-defaults.conf] ***
skipping: [localhost]

TASK [/stigforge/roles/rhel10_stig : Disable SSH Support for .rhosts Files - Check if the parameter IgnoreRhosts is configured in /etc/ssh/sshd_config] ***
skipping: [localhost]

TASK [/stigforge/roles/rhel10_stig : Disable SSH Support for .rhosts Files - Check if the parameter IgnoreRhosts is configured in /etc/ssh/sshd_config.d] ***
skipping: [localhost]

TASK [/stigforge/roles/rhel10_stig : Disable SSH Support for .rhosts Files - Check if /etc/ssh/sshd_config exists] ***
skipping: [localhost]

TASK [/stigforge/roles/rhel10_stig : Disable SSH Support for .rhosts Files - Check if the parameter IgnoreRhosts is configured correctly in /etc/ssh/sshd_config] ***
skipping: [localhost]

TASK [/stigforge/roles/rhel10_stig : Disable SSH Support for .rhosts Files - Check if the parameter IgnoreRhosts is configured correctly in /etc/ssh/sshd_config.d] ***
skipping: [localhost]

TASK [/stigforge/roles/rhel10_stig : Deduplicate values from /etc/ssh/sshd_config] ***
skipping: [localhost]

TASK [/stigforge/roles/rhel10_stig : Check if /etc/ssh/sshd_config.d exists] ***
skipping: [localhost]

TASK [/stigforge/roles/rhel10_stig : Check if the parameter IgnoreRhosts is present in /etc/ssh/sshd_config.d] ***
skipping: [localhost]

TASK [/stigforge/roles/rhel10_stig : Remove parameter from files in /etc/ssh/sshd_config.d] ***
skipping: [localhost]

TASK [/stigforge/roles/rhel10_stig : Insert correct line to /etc/ssh/sshd_config.d/01-complianceascode-reinforce-os-defaults.conf] ***
skipping: [localhost]

TASK [/stigforge/roles/rhel10_stig : Disable SSH Support for .rhosts Files - set file mode for /etc/ssh/sshd_config.d/01-complianceascode-reinforce-os-defaults.conf] ***
skipping: [localhost]

TASK [/stigforge/roles/rhel10_stig : Disable SSH Root Login - Check if the parameter PermitRootLogin is configured in /etc/ssh/sshd_config] ***
skipping: [localhost]

TASK [/stigforge/roles/rhel10_stig : Disable SSH Root Login - Check if the parameter PermitRootLogin is configured in /etc/ssh/sshd_config.d] ***
skipping: [localhost]

TASK [/stigforge/roles/rhel10_stig : Disable SSH Root Login - Check if /etc/ssh/sshd_config exists] ***
skipping: [localhost]

TASK [/stigforge/roles/rhel10_stig : Disable SSH Root Login - Check if the parameter PermitRootLogin is configured correctly in /etc/ssh/sshd_config] ***
skipping: [localhost]

TASK [/stigforge/roles/rhel10_stig : Disable SSH Root Login - Check if the parameter PermitRootLogin is configured correctly in /etc/ssh/sshd_config.d] ***
skipping: [localhost]

TASK [/stigforge/roles/rhel10_stig : Deduplicate values from /etc/ssh/sshd_config] ***
skipping: [localhost]

TASK [/stigforge/roles/rhel10_stig : Check if /etc/ssh/sshd_config.d exists] ***
skipping: [localhost]

TASK [/stigforge/roles/rhel10_stig : Check if the parameter PermitRootLogin is present in /etc/ssh/sshd_config.d] ***
skipping: [localhost]

TASK [/stigforge/roles/rhel10_stig : Remove parameter from files in /etc/ssh/sshd_config.d] ***
skipping: [localhost]

TASK [/stigforge/roles/rhel10_stig : Insert correct line to /etc/ssh/sshd_config.d/00-complianceascode-hardening.conf] ***
skipping: [localhost]

TASK [/stigforge/roles/rhel10_stig : Disable SSH Root Login - set file mode for /etc/ssh/sshd_config.d/00-complianceascode-hardening.conf] ***
skipping: [localhost]

TASK [/stigforge/roles/rhel10_stig : Disable SSH Support for User Known Hosts - Check if the parameter IgnoreUserKnownHosts is configured in /etc/ssh/sshd_config] ***
skipping: [localhost]

TASK [/stigforge/roles/rhel10_stig : Disable SSH Support for User Known Hosts - Check if the parameter IgnoreUserKnownHosts is configured in /etc/ssh/sshd_config.d] ***
skipping: [localhost]

TASK [/stigforge/roles/rhel10_stig : Disable SSH Support for User Known Hosts - Check if /etc/ssh/sshd_config exists] ***
skipping: [localhost]

TASK [/stigforge/roles/rhel10_stig : Disable SSH Support for User Known Hosts - Check if the parameter IgnoreUserKnownHosts is configured correctly in /etc/ssh/sshd_config] ***
skipping: [localhost]

TASK [/stigforge/roles/rhel10_stig : Disable SSH Support for User Known Hosts - Check if the parameter IgnoreUserKnownHosts is configured correctly in /etc/ssh/sshd_config.d] ***
skipping: [localhost]

TASK [/stigforge/roles/rhel10_stig : Deduplicate values from /etc/ssh/sshd_config] ***
skipping: [localhost]

TASK [/stigforge/roles/rhel10_stig : Check if /etc/ssh/sshd_config.d exists] ***
skipping: [localhost]

TASK [/stigforge/roles/rhel10_stig : Check if the parameter IgnoreUserKnownHosts is present in /etc/ssh/sshd_config.d] ***
skipping: [localhost]

TASK [/stigforge/roles/rhel10_stig : Remove parameter from files in /etc/ssh/sshd_config.d] ***
skipping: [localhost]

TASK [/stigforge/roles/rhel10_stig : Insert correct line to /etc/ssh/sshd_config.d/00-complianceascode-hardening.conf] ***
skipping: [localhost]

TASK [/stigforge/roles/rhel10_stig : Disable SSH Support for User Known Hosts - set file mode for /etc/ssh/sshd_config.d/00-complianceascode-hardening.conf] ***
skipping: [localhost]

TASK [/stigforge/roles/rhel10_stig : Disable X11 Forwarding - Check if the parameter X11Forwarding is configured in /etc/ssh/sshd_config] ***
skipping: [localhost]

TASK [/stigforge/roles/rhel10_stig : Disable X11 Forwarding - Check if the parameter X11Forwarding is configured in /etc/ssh/sshd_config.d] ***
skipping: [localhost]

TASK [/stigforge/roles/rhel10_stig : Disable X11 Forwarding - Check if /etc/ssh/sshd_config exists] ***
skipping: [localhost]

TASK [/stigforge/roles/rhel10_stig : Disable X11 Forwarding - Check if the parameter X11Forwarding is configured correctly in /etc/ssh/sshd_config] ***
skipping: [localhost]

TASK [/stigforge/roles/rhel10_stig : Disable X11 Forwarding - Check if the parameter X11Forwarding is configured correctly in /etc/ssh/sshd_config.d] ***
skipping: [localhost]

TASK [/stigforge/roles/rhel10_stig : Deduplicate values from /etc/ssh/sshd_config] ***
skipping: [localhost]

TASK [/stigforge/roles/rhel10_stig : Check if /etc/ssh/sshd_config.d exists] ***
skipping: [localhost]

TASK [/stigforge/roles/rhel10_stig : Check if the parameter X11Forwarding is present in /etc/ssh/sshd_config.d] ***
skipping: [localhost]

TASK [/stigforge/roles/rhel10_stig : Remove parameter from files in /etc/ssh/sshd_config.d] ***
skipping: [localhost]

TASK [/stigforge/roles/rhel10_stig : Insert correct line to /etc/ssh/sshd_config.d/01-complianceascode-reinforce-os-defaults.conf] ***
skipping: [localhost]

TASK [/stigforge/roles/rhel10_stig : Disable X11 Forwarding - set file mode for /etc/ssh/sshd_config.d/01-complianceascode-reinforce-os-defaults.conf] ***
skipping: [localhost]

TASK [/stigforge/roles/rhel10_stig : Do Not Allow SSH Environment Options - Check if the parameter PermitUserEnvironment is configured in /etc/ssh/sshd_config] ***
skipping: [localhost]

TASK [/stigforge/roles/rhel10_stig : Do Not Allow SSH Environment Options - Check if the parameter PermitUserEnvironment is configured in /etc/ssh/sshd_config.d] ***
skipping: [localhost]

TASK [/stigforge/roles/rhel10_stig : Do Not Allow SSH Environment Options - Check if /etc/ssh/sshd_config exists] ***
skipping: [localhost]

TASK [/stigforge/roles/rhel10_stig : Do Not Allow SSH Environment Options - Check if the parameter PermitUserEnvironment is configured correctly in /etc/ssh/sshd_config] ***
skipping: [localhost]

TASK [/stigforge/roles/rhel10_stig : Do Not Allow SSH Environment Options - Check if the parameter PermitUserEnvironment is configured correctly in /etc/ssh/sshd_config.d] ***
skipping: [localhost]

TASK [/stigforge/roles/rhel10_stig : Deduplicate values from /etc/ssh/sshd_config] ***
skipping: [localhost]

TASK [/stigforge/roles/rhel10_stig : Check if /etc/ssh/sshd_config.d exists] ***
skipping: [localhost]

TASK [/stigforge/roles/rhel10_stig : Check if the parameter PermitUserEnvironment is present in /etc/ssh/sshd_config.d] ***
skipping: [localhost]

TASK [/stigforge/roles/rhel10_stig : Remove parameter from files in /etc/ssh/sshd_config.d] ***
skipping: [localhost]

TASK [/stigforge/roles/rhel10_stig : Insert correct line to /etc/ssh/sshd_config.d/01-complianceascode-reinforce-os-defaults.conf] ***
skipping: [localhost]

TASK [/stigforge/roles/rhel10_stig : Do Not Allow SSH Environment Options - set file mode for /etc/ssh/sshd_config.d/01-complianceascode-reinforce-os-defaults.conf] ***
skipping: [localhost]

TASK [/stigforge/roles/rhel10_stig : Enable PAM - Check if the parameter UsePAM is configured in /etc/ssh/sshd_config] ***
skipping: [localhost]

TASK [/stigforge/roles/rhel10_stig : Enable PAM - Check if the parameter UsePAM is configured in /etc/ssh/sshd_config.d] ***
skipping: [localhost]

TASK [/stigforge/roles/rhel10_stig : Enable PAM - Check if /etc/ssh/sshd_config exists] ***
skipping: [localhost]

TASK [/stigforge/roles/rhel10_stig : Enable PAM - Check if the parameter UsePAM is configured correctly in /etc/ssh/sshd_config] ***
skipping: [localhost]

TASK [/stigforge/roles/rhel10_stig : Enable PAM - Check if the parameter UsePAM is configured correctly in /etc/ssh/sshd_config.d] ***
skipping: [localhost]

TASK [/stigforge/roles/rhel10_stig : Deduplicate values from /etc/ssh/sshd_config] ***
skipping: [localhost]

TASK [/stigforge/roles/rhel10_stig : Check if /etc/ssh/sshd_config.d exists] ***
skipping: [localhost]

TASK [/stigforge/roles/rhel10_stig : Check if the parameter UsePAM is present in /etc/ssh/sshd_config.d] ***
skipping: [localhost]

TASK [/stigforge/roles/rhel10_stig : Remove parameter from files in /etc/ssh/sshd_config.d] ***
skipping: [localhost]

TASK [/stigforge/roles/rhel10_stig : Insert correct line to /etc/ssh/sshd_config.d/00-complianceascode-hardening.conf] ***
skipping: [localhost]

TASK [/stigforge/roles/rhel10_stig : Enable PAM - set file mode for /etc/ssh/sshd_config.d/00-complianceascode-hardening.conf] ***
skipping: [localhost]

TASK [/stigforge/roles/rhel10_stig : Enable Public Key Authentication - Check if the parameter PubkeyAuthentication is configured in /etc/ssh/sshd_config] ***
skipping: [localhost]

TASK [/stigforge/roles/rhel10_stig : Enable Public Key Authentication - Check if the parameter PubkeyAuthentication is configured in /etc/ssh/sshd_config.d] ***
skipping: [localhost]

TASK [/stigforge/roles/rhel10_stig : Enable Public Key Authentication - Check if /etc/ssh/sshd_config exists] ***
skipping: [localhost]

TASK [/stigforge/roles/rhel10_stig : Enable Public Key Authentication - Check if the parameter PubkeyAuthentication is configured correctly in /etc/ssh/sshd_config] ***
skipping: [localhost]

TASK [/stigforge/roles/rhel10_stig : Enable Public Key Authentication - Check if the parameter PubkeyAuthentication is configured correctly in /etc/ssh/sshd_config.d] ***
skipping: [localhost]

TASK [/stigforge/roles/rhel10_stig : Deduplicate values from /etc/ssh/sshd_config] ***
skipping: [localhost]

TASK [/stigforge/roles/rhel10_stig : Check if /etc/ssh/sshd_config.d exists] ***
skipping: [localhost]

TASK [/stigforge/roles/rhel10_stig : Check if the parameter PubkeyAuthentication is present in /etc/ssh/sshd_config.d] ***
skipping: [localhost]

TASK [/stigforge/roles/rhel10_stig : Remove parameter from files in /etc/ssh/sshd_config.d] ***
skipping: [localhost]

TASK [/stigforge/roles/rhel10_stig : Insert correct line to /etc/ssh/sshd_config.d/00-complianceascode-hardening.conf] ***
skipping: [localhost]

TASK [/stigforge/roles/rhel10_stig : Enable Public Key Authentication - set file mode for /etc/ssh/sshd_config.d/00-complianceascode-hardening.conf] ***
skipping: [localhost]

TASK [/stigforge/roles/rhel10_stig : Enable Use of Strict Mode Checking - Check if the parameter StrictModes is configured in /etc/ssh/sshd_config] ***
skipping: [localhost]

TASK [/stigforge/roles/rhel10_stig : Enable Use of Strict Mode Checking - Check if the parameter StrictModes is configured in /etc/ssh/sshd_config.d] ***
skipping: [localhost]

TASK [/stigforge/roles/rhel10_stig : Enable Use of Strict Mode Checking - Check if /etc/ssh/sshd_config exists] ***
skipping: [localhost]

TASK [/stigforge/roles/rhel10_stig : Enable Use of Strict Mode Checking - Check if the parameter StrictModes is configured correctly in /etc/ssh/sshd_config] ***
skipping: [localhost]

TASK [/stigforge/roles/rhel10_stig : Enable Use of Strict Mode Checking - Check if the parameter StrictModes is configured correctly in /etc/ssh/sshd_config.d] ***
skipping: [localhost]

TASK [/stigforge/roles/rhel10_stig : Deduplicate values from /etc/ssh/sshd_config] ***
skipping: [localhost]

TASK [/stigforge/roles/rhel10_stig : Check if /etc/ssh/sshd_config.d exists] ***
skipping: [localhost]

TASK [/stigforge/roles/rhel10_stig : Check if the parameter StrictModes is present in /etc/ssh/sshd_config.d] ***
skipping: [localhost]

TASK [/stigforge/roles/rhel10_stig : Remove parameter from files in /etc/ssh/sshd_config.d] ***
skipping: [localhost]

TASK [/stigforge/roles/rhel10_stig : Insert correct line to /etc/ssh/sshd_config.d/01-complianceascode-reinforce-os-defaults.conf] ***
skipping: [localhost]

TASK [/stigforge/roles/rhel10_stig : Enable Use of Strict Mode Checking - set file mode for /etc/ssh/sshd_config.d/01-complianceascode-reinforce-os-defaults.conf] ***
skipping: [localhost]

TASK [/stigforge/roles/rhel10_stig : Enable SSH Warning Banner - Check if the parameter Banner is configured in /etc/ssh/sshd_config] ***
skipping: [localhost]

TASK [/stigforge/roles/rhel10_stig : Enable SSH Warning Banner - Check if the parameter Banner is configured in /etc/ssh/sshd_config.d] ***
skipping: [localhost]

TASK [/stigforge/roles/rhel10_stig : Enable SSH Warning Banner - Check if /etc/ssh/sshd_config exists] ***
skipping: [localhost]

TASK [/stigforge/roles/rhel10_stig : Enable SSH Warning Banner - Check if the parameter Banner is configured correctly in /etc/ssh/sshd_config] ***
skipping: [localhost]

TASK [/stigforge/roles/rhel10_stig : Enable SSH Warning Banner - Check if the parameter Banner is configured correctly in /etc/ssh/sshd_config.d] ***
skipping: [localhost]

TASK [/stigforge/roles/rhel10_stig : Deduplicate values from /etc/ssh/sshd_config] ***
skipping: [localhost]

TASK [/stigforge/roles/rhel10_stig : Check if /etc/ssh/sshd_config.d exists] ***
skipping: [localhost]

TASK [/stigforge/roles/rhel10_stig : Check if the parameter Banner is present in /etc/ssh/sshd_config.d] ***
skipping: [localhost]

TASK [/stigforge/roles/rhel10_stig : Remove parameter from files in /etc/ssh/sshd_config.d] ***
skipping: [localhost]

TASK [/stigforge/roles/rhel10_stig : Insert correct line to /etc/ssh/sshd_config.d/00-complianceascode-hardening.conf] ***
skipping: [localhost]

TASK [/stigforge/roles/rhel10_stig : Enable SSH Warning Banner - set file mode for /etc/ssh/sshd_config.d/00-complianceascode-hardening.conf] ***
skipping: [localhost]

TASK [/stigforge/roles/rhel10_stig : Enable SSH Print Last Log - Check if the parameter PrintLastLog is configured in /etc/ssh/sshd_config] ***
skipping: [localhost]

TASK [/stigforge/roles/rhel10_stig : Enable SSH Print Last Log - Check if the parameter PrintLastLog is configured in /etc/ssh/sshd_config.d] ***
skipping: [localhost]

TASK [/stigforge/roles/rhel10_stig : Enable SSH Print Last Log - Check if /etc/ssh/sshd_config exists] ***
skipping: [localhost]

TASK [/stigforge/roles/rhel10_stig : Enable SSH Print Last Log - Check if the parameter PrintLastLog is configured correctly in /etc/ssh/sshd_config] ***
skipping: [localhost]

TASK [/stigforge/roles/rhel10_stig : Enable SSH Print Last Log - Check if the parameter PrintLastLog is configured correctly in /etc/ssh/sshd_config.d] ***
skipping: [localhost]

TASK [/stigforge/roles/rhel10_stig : Deduplicate values from /etc/ssh/sshd_config] ***
skipping: [localhost]

TASK [/stigforge/roles/rhel10_stig : Check if /etc/ssh/sshd_config.d exists] ***
skipping: [localhost]

TASK [/stigforge/roles/rhel10_stig : Check if the parameter PrintLastLog is present in /etc/ssh/sshd_config.d] ***
skipping: [localhost]

TASK [/stigforge/roles/rhel10_stig : Remove parameter from files in /etc/ssh/sshd_config.d] ***
skipping: [localhost]

TASK [/stigforge/roles/rhel10_stig : Insert correct line to /etc/ssh/sshd_config.d/01-complianceascode-reinforce-os-defaults.conf] ***
skipping: [localhost]

TASK [/stigforge/roles/rhel10_stig : Enable SSH Print Last Log - set file mode for /etc/ssh/sshd_config.d/01-complianceascode-reinforce-os-defaults.conf] ***
skipping: [localhost]

TASK [/stigforge/roles/rhel10_stig : Force frequent session key renegotiation - Check if the parameter RekeyLimit is configured in /etc/ssh/sshd_config] ***
skipping: [localhost]

TASK [/stigforge/roles/rhel10_stig : Force frequent session key renegotiation - Check if the parameter RekeyLimit is configured in /etc/ssh/sshd_config.d] ***
skipping: [localhost]

TASK [/stigforge/roles/rhel10_stig : Force frequent session key renegotiation - Check if /etc/ssh/sshd_config exists] ***
skipping: [localhost]

TASK [/stigforge/roles/rhel10_stig : Force frequent session key renegotiation - Check if the parameter RekeyLimit is configured correctly in /etc/ssh/sshd_config] ***
skipping: [localhost]

TASK [/stigforge/roles/rhel10_stig : Force frequent session key renegotiation - Check if the parameter RekeyLimit is configured correctly in /etc/ssh/sshd_config.d] ***
skipping: [localhost]

TASK [/stigforge/roles/rhel10_stig : Deduplicate values from /etc/ssh/sshd_config] ***
skipping: [localhost]

TASK [/stigforge/roles/rhel10_stig : Check if /etc/ssh/sshd_config.d exists] ***
skipping: [localhost]

TASK [/stigforge/roles/rhel10_stig : Check if the parameter RekeyLimit is present in /etc/ssh/sshd_config.d] ***
skipping: [localhost]

TASK [/stigforge/roles/rhel10_stig : Remove parameter from files in /etc/ssh/sshd_config.d] ***
skipping: [localhost]

TASK [/stigforge/roles/rhel10_stig : Insert correct line to /etc/ssh/sshd_config.d/00-complianceascode-hardening.conf] ***
skipping: [localhost]

TASK [/stigforge/roles/rhel10_stig : Force frequent session key renegotiation - set file mode for /etc/ssh/sshd_config.d/00-complianceascode-hardening.conf] ***
skipping: [localhost]

TASK [/stigforge/roles/rhel10_stig : Set SSH Daemon LogLevel to VERBOSE - Check if the parameter LogLevel is configured in /etc/ssh/sshd_config] ***
skipping: [localhost]

TASK [/stigforge/roles/rhel10_stig : Set SSH Daemon LogLevel to VERBOSE - Check if the parameter LogLevel is configured in /etc/ssh/sshd_config.d] ***
skipping: [localhost]

TASK [/stigforge/roles/rhel10_stig : Set SSH Daemon LogLevel to VERBOSE - Check if /etc/ssh/sshd_config exists] ***
skipping: [localhost]

TASK [/stigforge/roles/rhel10_stig : Set SSH Daemon LogLevel to VERBOSE - Check if the parameter LogLevel is configured correctly in /etc/ssh/sshd_config] ***
skipping: [localhost]

TASK [/stigforge/roles/rhel10_stig : Set SSH Daemon LogLevel to VERBOSE - Check if the parameter LogLevel is configured correctly in /etc/ssh/sshd_config.d] ***
skipping: [localhost]

TASK [/stigforge/roles/rhel10_stig : Deduplicate values from /etc/ssh/sshd_config] ***
skipping: [localhost]

TASK [/stigforge/roles/rhel10_stig : Check if /etc/ssh/sshd_config.d exists] ***
skipping: [localhost]

TASK [/stigforge/roles/rhel10_stig : Check if the parameter LogLevel is present in /etc/ssh/sshd_config.d] ***
skipping: [localhost]

TASK [/stigforge/roles/rhel10_stig : Remove parameter from files in /etc/ssh/sshd_config.d] ***
skipping: [localhost]

TASK [/stigforge/roles/rhel10_stig : Insert correct line to /etc/ssh/sshd_config.d/00-complianceascode-hardening.conf] ***
skipping: [localhost]

TASK [/stigforge/roles/rhel10_stig : Set SSH Daemon LogLevel to VERBOSE - set file mode for /etc/ssh/sshd_config.d/00-complianceascode-hardening.conf] ***
skipping: [localhost]

TASK [/stigforge/roles/rhel10_stig : Prevent remote hosts from connecting to the proxy display - Check if the parameter X11UseLocalhost is configured in /etc/ssh/sshd_config] ***
skipping: [localhost]

TASK [/stigforge/roles/rhel10_stig : Prevent remote hosts from connecting to the proxy display - Check if the parameter X11UseLocalhost is configured in /etc/ssh/sshd_config.d] ***
skipping: [localhost]

TASK [/stigforge/roles/rhel10_stig : Prevent remote hosts from connecting to the proxy display - Check if /etc/ssh/sshd_config exists] ***
skipping: [localhost]

TASK [/stigforge/roles/rhel10_stig : Prevent remote hosts from connecting to the proxy display - Check if the parameter X11UseLocalhost is configured correctly in /etc/ssh/sshd_config] ***
skipping: [localhost]

TASK [/stigforge/roles/rhel10_stig : Prevent remote hosts from connecting to the proxy display - Check if the parameter X11UseLocalhost is configured correctly in /etc/ssh/sshd_config.d] ***
skipping: [localhost]

TASK [/stigforge/roles/rhel10_stig : Deduplicate values from /etc/ssh/sshd_config] ***
skipping: [localhost]

TASK [/stigforge/roles/rhel10_stig : Check if /etc/ssh/sshd_config.d exists] ***
skipping: [localhost]

TASK [/stigforge/roles/rhel10_stig : Check if the parameter X11UseLocalhost is present in /etc/ssh/sshd_config.d] ***
skipping: [localhost]

TASK [/stigforge/roles/rhel10_stig : Remove parameter from files in /etc/ssh/sshd_config.d] ***
skipping: [localhost]

TASK [/stigforge/roles/rhel10_stig : Insert correct line to /etc/ssh/sshd_config.d/01-complianceascode-reinforce-os-defaults.conf] ***
skipping: [localhost]

TASK [/stigforge/roles/rhel10_stig : Prevent remote hosts from connecting to the proxy display - set file mode for /etc/ssh/sshd_config.d/01-complianceascode-reinforce-os-defaults.conf] ***
skipping: [localhost]

TASK [/stigforge/roles/rhel10_stig : Configure SSSD to Expire Offline Credentials - Ensure sssd config directory exists] ***
skipping: [localhost]

TASK [/stigforge/roles/rhel10_stig : Configure SSSD to Expire Offline Credentials - Test for domain group in main config] ***
skipping: [localhost]

TASK [/stigforge/roles/rhel10_stig : Configure SSSD to Expire Offline Credentials - Test for domain group in conf.d] ***
skipping: [localhost]

TASK [/stigforge/roles/rhel10_stig : Configure SSSD to Expire Offline Credentials - Add default domain group (if no domain there)] ***
skipping: [localhost] => (item={'section': 'sssd', 'option': 'domains', 'value': 'default'}) 
skipping: [localhost] => (item={'section': 'domain/default', 'option': 'id_provider', 'value': 'proxy'}) 
skipping: [localhost] => (item={'section': 'domain/default', 'option': 'proxy_lib_name', 'value': 'files'}) 
skipping: [localhost] => (item={'section': 'domain/default', 'option': 'local_auth_policy', 'value': 'only'}) 
skipping: [localhost]

TASK [/stigforge/roles/rhel10_stig : Configure SSD to Expire Offline Credentials] ***
skipping: [localhost]

TASK [/stigforge/roles/rhel10_stig : Find all the conf files inside /etc/sssd/conf.d] ***
skipping: [localhost]

TASK [/stigforge/roles/rhel10_stig : Fix offline_credentials_expiration configuration in /etc/sssd/conf.d] ***
skipping: [localhost]

TASK [/stigforge/roles/rhel10_stig : Check for duplicate values] ***************
skipping: [localhost]

TASK [/stigforge/roles/rhel10_stig : Deduplicate values from /etc/usbguard/usbguard-daemon.conf] ***
skipping: [localhost]

TASK [/stigforge/roles/rhel10_stig : Insert correct line to /etc/usbguard/usbguard-daemon.conf] ***
skipping: [localhost]

TASK [/stigforge/roles/rhel10_stig : Switch to multi-user runlevel] ************
skipping: [localhost]

TASK [/stigforge/roles/rhel10_stig : Check if audit argument is already present in /etc/default/grub] ***
skipping: [localhost]

TASK [/stigforge/roles/rhel10_stig : Check if audit argument is already present] ***
skipping: [localhost]

TASK [/stigforge/roles/rhel10_stig : Update grub defaults and the bootloader menu] ***
skipping: [localhost]

TASK [/stigforge/roles/rhel10_stig : Check if audit_backlog_limit argument is already present in /etc/default/grub] ***
skipping: [localhost]

TASK [/stigforge/roles/rhel10_stig : Check if audit_backlog_limit argument is already present] ***
skipping: [localhost]

TASK [/stigforge/roles/rhel10_stig : Update grub defaults and the bootloader menu] ***
skipping: [localhost]

TASK [/stigforge/roles/rhel10_stig : Make the auditd Configuration Immutable - Collect all files from /etc/audit/rules.d with .rules extension] ***
skipping: [localhost]

TASK [/stigforge/roles/rhel10_stig : Make the auditd Configuration Immutable - Check if target files exist and get their content] ***
skipping: [localhost] => (item=/etc/audit/audit.rules) 
skipping: [localhost] => (item=/etc/audit/rules.d/immutable.rules) 
skipping: [localhost]

TASK [/stigforge/roles/rhel10_stig : Make the auditd Configuration Immutable - Read content of existing audit files] ***
skipping: [localhost] => (item={'changed': False, 'skipped': True, 'skip_reason': 'Conditional result was False', 'false_condition': '"audit" in ansible_facts.packages', 'item': '/etc/audit/audit.rules', 'ansible_loop_var': 'item'}) 
skipping: [localhost] => (item={'changed': False, 'skipped': True, 'skip_reason': 'Conditional result was False', 'false_condition': '"audit" in ansible_facts.packages', 'item': '/etc/audit/rules.d/immutable.rules', 'ansible_loop_var': 'item'}) 
skipping: [localhost]

TASK [/stigforge/roles/rhel10_stig : Make the auditd Configuration Immutable - Check if -e 2 is already correctly set in target files] ***
skipping: [localhost]

TASK [/stigforge/roles/rhel10_stig : Make the auditd Configuration Immutable - Remove any existing -e option from all Audit config files] ***
skipping: [localhost]

TASK [/stigforge/roles/rhel10_stig : Make the auditd Configuration Immutable - Ensure target directories exist] ***
skipping: [localhost] => (item=/etc/audit/audit.rules) 
skipping: [localhost] => (item=/etc/audit/rules.d/immutable.rules) 
skipping: [localhost]

TASK [/stigforge/roles/rhel10_stig : Make the auditd Configuration Immutable - Add Audit -e 2 option to make rules immutable] ***
skipping: [localhost] => (item=/etc/audit/audit.rules) 
skipping: [localhost] => (item=/etc/audit/rules.d/immutable.rules) 
skipping: [localhost]

TASK [/stigforge/roles/rhel10_stig : Set architecture for audit mount tasks] ***
skipping: [localhost]

TASK [/stigforge/roles/rhel10_stig : Declare list of syscalls] *****************
skipping: [localhost]

TASK [/stigforge/roles/rhel10_stig : Check existence of mount in /etc/audit/rules.d/] ***
skipping: [localhost]

TASK [/stigforge/roles/rhel10_stig : Reset syscalls found per file] ************
skipping: [localhost]

TASK [/stigforge/roles/rhel10_stig : Declare syscalls found per file] **********
skipping: [localhost]

TASK [/stigforge/roles/rhel10_stig : Declare files where syscalls were found] ***
skipping: [localhost]

TASK [/stigforge/roles/rhel10_stig : Count occurrences of syscalls in paths] ***
skipping: [localhost]

TASK [/stigforge/roles/rhel10_stig : Get path with most syscalls] **************
skipping: [localhost]

TASK [/stigforge/roles/rhel10_stig : No file with syscall found, set path to /etc/audit/rules.d/export.rules] ***
skipping: [localhost]

TASK [/stigforge/roles/rhel10_stig : Declare found syscalls] *******************
skipping: [localhost]

TASK [/stigforge/roles/rhel10_stig : Declare missing syscalls] *****************
skipping: [localhost]

TASK [/stigforge/roles/rhel10_stig : Replace the audit rule in {{ audit_file }}] ***
skipping: [localhost]

TASK [/stigforge/roles/rhel10_stig : Add the audit rule to {{ audit_file }}] ***
skipping: [localhost]

TASK [/stigforge/roles/rhel10_stig : Declare list of syscalls] *****************
skipping: [localhost]

TASK [/stigforge/roles/rhel10_stig : Check existence of mount in /etc/audit/audit.rules] ***
skipping: [localhost]

TASK [/stigforge/roles/rhel10_stig : Set path to /etc/audit/audit.rules] *******
skipping: [localhost]

TASK [/stigforge/roles/rhel10_stig : Declare found syscalls] *******************
skipping: [localhost]

TASK [/stigforge/roles/rhel10_stig : Declare missing syscalls] *****************
skipping: [localhost]

TASK [/stigforge/roles/rhel10_stig : Replace the audit rule in {{ audit_file }}] ***
skipping: [localhost]

TASK [/stigforge/roles/rhel10_stig : Add the audit rule to {{ audit_file }}] ***
skipping: [localhost]

TASK [/stigforge/roles/rhel10_stig : Declare list of syscalls] *****************
skipping: [localhost]

TASK [/stigforge/roles/rhel10_stig : Check existence of mount in /etc/audit/rules.d/] ***
skipping: [localhost]

TASK [/stigforge/roles/rhel10_stig : Reset syscalls found per file] ************
skipping: [localhost]

TASK [/stigforge/roles/rhel10_stig : Declare syscalls found per file] **********
skipping: [localhost]

TASK [/stigforge/roles/rhel10_stig : Declare files where syscalls were found] ***
skipping: [localhost]

TASK [/stigforge/roles/rhel10_stig : Count occurrences of syscalls in paths] ***
skipping: [localhost]

TASK [/stigforge/roles/rhel10_stig : Get path with most syscalls] **************
skipping: [localhost]

TASK [/stigforge/roles/rhel10_stig : No file with syscall found, set path to /etc/audit/rules.d/export.rules] ***
skipping: [localhost]

TASK [/stigforge/roles/rhel10_stig : Declare found syscalls] *******************
skipping: [localhost]

TASK [/stigforge/roles/rhel10_stig : Declare missing syscalls] *****************
skipping: [localhost]

TASK [/stigforge/roles/rhel10_stig : Replace the audit rule in {{ audit_file }}] ***
skipping: [localhost]

TASK [/stigforge/roles/rhel10_stig : Add the audit rule to {{ audit_file }}] ***
skipping: [localhost]

TASK [/stigforge/roles/rhel10_stig : Declare list of syscalls] *****************
skipping: [localhost]

TASK [/stigforge/roles/rhel10_stig : Check existence of mount in /etc/audit/audit.rules] ***
skipping: [localhost]

TASK [/stigforge/roles/rhel10_stig : Set path to /etc/audit/audit.rules] *******
skipping: [localhost]

TASK [/stigforge/roles/rhel10_stig : Declare found syscalls] *******************
skipping: [localhost]

TASK [/stigforge/roles/rhel10_stig : Declare missing syscalls] *****************
skipping: [localhost]

TASK [/stigforge/roles/rhel10_stig : Replace the audit rule in {{ audit_file }}] ***
skipping: [localhost]

TASK [/stigforge/roles/rhel10_stig : Add the audit rule to {{ audit_file }}] ***
skipping: [localhost]

TASK [/stigforge/roles/rhel10_stig : Ensure auditd Collects System Administrator Actions - /etc/sudoers - Check if watch rule for /etc/sudoers already exists in /etc/audit/rules.d/] ***
skipping: [localhost]

TASK [/stigforge/roles/rhel10_stig : Ensure auditd Collects System Administrator Actions - /etc/sudoers - Search /etc/audit/rules.d for other rules with specified key actions] ***
skipping: [localhost]

TASK [/stigforge/roles/rhel10_stig : Ensure auditd Collects System Administrator Actions - /etc/sudoers - Use /etc/audit/rules.d/actions.rules as the recipient for the rule] ***
skipping: [localhost]

TASK [/stigforge/roles/rhel10_stig : Ensure auditd Collects System Administrator Actions - /etc/sudoers - Use matched file as the recipient for the rule] ***
skipping: [localhost]

TASK [/stigforge/roles/rhel10_stig : Ensure auditd Collects System Administrator Actions - /etc/sudoers - Add watch rule for /etc/sudoers in /etc/audit/rules.d/] ***
skipping: [localhost]

TASK [/stigforge/roles/rhel10_stig : Ensure auditd Collects System Administrator Actions - /etc/sudoers - Check if watch rule for /etc/sudoers already exists in /etc/audit/rules.d/] ***
skipping: [localhost]

TASK [/stigforge/roles/rhel10_stig : Ensure auditd Collects System Administrator Actions - /etc/sudoers - Search /etc/audit/rules.d for other rules with specified key actions] ***
skipping: [localhost]

TASK [/stigforge/roles/rhel10_stig : Ensure auditd Collects System Administrator Actions - /etc/sudoers - Use /etc/audit/rules.d/actions.rules as the recipient for the rule] ***
skipping: [localhost]

TASK [/stigforge/roles/rhel10_stig : Ensure auditd Collects System Administrator Actions - /etc/sudoers - Use matched file as the recipient for the rule] ***
skipping: [localhost]

TASK [/stigforge/roles/rhel10_stig : Ensure auditd Collects System Administrator Actions - /etc/sudoers - Add watch rule for /etc/sudoers in /etc/audit/rules.d/] ***
skipping: [localhost]

TASK [/stigforge/roles/rhel10_stig : Ensure auditd Collects System Administrator Actions - /etc/sudoers - Check if watch rule for /etc/sudoers already exists in /etc/audit/audit.rules] ***
skipping: [localhost]

TASK [/stigforge/roles/rhel10_stig : Ensure auditd Collects System Administrator Actions - /etc/sudoers - Add watch rule for /etc/sudoers in /etc/audit/audit.rules] ***
skipping: [localhost]

TASK [/stigforge/roles/rhel10_stig : Ensure auditd Collects System Administrator Actions - /etc/sudoers - Check if watch rule for /etc/sudoers already exists in /etc/audit/audit.rules] ***
skipping: [localhost]

TASK [/stigforge/roles/rhel10_stig : Ensure auditd Collects System Administrator Actions - /etc/sudoers - Add watch rule for /etc/sudoers in /etc/audit/audit.rules] ***
skipping: [localhost]

TASK [/stigforge/roles/rhel10_stig : Ensure auditd Collects System Administrator Actions - /etc/sudoers.d/ - Check if watch rule for /etc/sudoers.d/ already exists in /etc/audit/rules.d/] ***
skipping: [localhost]

TASK [/stigforge/roles/rhel10_stig : Ensure auditd Collects System Administrator Actions - /etc/sudoers.d/ - Search /etc/audit/rules.d for other rules with specified key actions] ***
skipping: [localhost]

TASK [/stigforge/roles/rhel10_stig : Ensure auditd Collects System Administrator Actions - /etc/sudoers.d/ - Use /etc/audit/rules.d/actions.rules as the recipient for the rule] ***
skipping: [localhost]

TASK [/stigforge/roles/rhel10_stig : Ensure auditd Collects System Administrator Actions - /etc/sudoers.d/ - Use matched file as the recipient for the rule] ***
skipping: [localhost]

TASK [/stigforge/roles/rhel10_stig : Ensure auditd Collects System Administrator Actions - /etc/sudoers.d/ - Add watch rule for /etc/sudoers.d/ in /etc/audit/rules.d/] ***
skipping: [localhost]

TASK [/stigforge/roles/rhel10_stig : Ensure auditd Collects System Administrator Actions - /etc/sudoers.d/ - Check if watch rule for /etc/sudoers.d/ already exists in /etc/audit/rules.d/] ***
skipping: [localhost]

TASK [/stigforge/roles/rhel10_stig : Ensure auditd Collects System Administrator Actions - /etc/sudoers.d/ - Search /etc/audit/rules.d for other rules with specified key actions] ***
skipping: [localhost]

TASK [/stigforge/roles/rhel10_stig : Ensure auditd Collects System Administrator Actions - /etc/sudoers.d/ - Use /etc/audit/rules.d/actions.rules as the recipient for the rule] ***
skipping: [localhost]

TASK [/stigforge/roles/rhel10_stig : Ensure auditd Collects System Administrator Actions - /etc/sudoers.d/ - Use matched file as the recipient for the rule] ***
skipping: [localhost]

TASK [/stigforge/roles/rhel10_stig : Ensure auditd Collects System Administrator Actions - /etc/sudoers.d/ - Add watch rule for /etc/sudoers.d/ in /etc/audit/rules.d/] ***
skipping: [localhost]

TASK [/stigforge/roles/rhel10_stig : Ensure auditd Collects System Administrator Actions - /etc/sudoers.d/ - Check if watch rule for /etc/sudoers.d/ already exists in /etc/audit/audit.rules] ***
skipping: [localhost]

TASK [/stigforge/roles/rhel10_stig : Ensure auditd Collects System Administrator Actions - /etc/sudoers.d/ - Add watch rule for /etc/sudoers.d/ in /etc/audit/audit.rules] ***
skipping: [localhost]

TASK [/stigforge/roles/rhel10_stig : Ensure auditd Collects System Administrator Actions - /etc/sudoers.d/ - Check if watch rule for /etc/sudoers.d/ already exists in /etc/audit/audit.rules] ***
skipping: [localhost]

TASK [/stigforge/roles/rhel10_stig : Ensure auditd Collects System Administrator Actions - /etc/sudoers.d/ - Add watch rule for /etc/sudoers.d/ in /etc/audit/audit.rules] ***
skipping: [localhost]

TASK [/stigforge/roles/rhel10_stig : Set suid_audit_rules fact] ****************
skipping: [localhost]

TASK [/stigforge/roles/rhel10_stig : Update /etc/audit/rules.d/privileged.rules to audit privileged functions] ***
skipping: [localhost]

TASK [/stigforge/roles/rhel10_stig : Update /etc/audit/audit.rules to audit privileged functions] ***
skipping: [localhost]

TASK [/stigforge/roles/rhel10_stig : Restart Auditd] ***************************
skipping: [localhost]

TASK [/stigforge/roles/rhel10_stig : Collect all files from /etc/audit/rules.d with .rules extension] ***
skipping: [localhost]

TASK [/stigforge/roles/rhel10_stig : Remove the -f option from all Audit config files] ***
skipping: [localhost]

TASK [/stigforge/roles/rhel10_stig : Add Audit -f option into /etc/audit/rules.d/immutable.rules and /etc/audit/audit.rules] ***
skipping: [localhost] => (item=/etc/audit/audit.rules) 
skipping: [localhost] => (item=/etc/audit/rules.d/immutable.rules) 
skipping: [localhost]

TASK [/stigforge/roles/rhel10_stig : Record Events that Modify User/Group Information - /etc/group - Check if watch rule for /etc/group already exists in /etc/audit/rules.d/] ***
skipping: [localhost]

TASK [/stigforge/roles/rhel10_stig : Record Events that Modify User/Group Information - /etc/group - Search /etc/audit/rules.d for other rules with specified key audit_rules_usergroup_modification] ***
skipping: [localhost]

TASK [/stigforge/roles/rhel10_stig : Record Events that Modify User/Group Information - /etc/group - Use /etc/audit/rules.d/audit_rules_usergroup_modification.rules as the recipient for the rule] ***
skipping: [localhost]

TASK [/stigforge/roles/rhel10_stig : Record Events that Modify User/Group Information - /etc/group - Use matched file as the recipient for the rule] ***
skipping: [localhost]

TASK [/stigforge/roles/rhel10_stig : Record Events that Modify User/Group Information - /etc/group - Add watch rule for /etc/group in /etc/audit/rules.d/] ***
skipping: [localhost]

TASK [/stigforge/roles/rhel10_stig : Record Events that Modify User/Group Information - /etc/group - Check if watch rule for /etc/group already exists in /etc/audit/rules.d/] ***
skipping: [localhost]

TASK [/stigforge/roles/rhel10_stig : Record Events that Modify User/Group Information - /etc/group - Search /etc/audit/rules.d for other rules with specified key audit_rules_usergroup_modification] ***
skipping: [localhost]

TASK [/stigforge/roles/rhel10_stig : Record Events that Modify User/Group Information - /etc/group - Use /etc/audit/rules.d/audit_rules_usergroup_modification.rules as the recipient for the rule] ***
skipping: [localhost]

TASK [/stigforge/roles/rhel10_stig : Record Events that Modify User/Group Information - /etc/group - Use matched file as the recipient for the rule] ***
skipping: [localhost]

TASK [/stigforge/roles/rhel10_stig : Record Events that Modify User/Group Information - /etc/group - Add watch rule for /etc/group in /etc/audit/rules.d/] ***
skipping: [localhost]

TASK [/stigforge/roles/rhel10_stig : Record Events that Modify User/Group Information - /etc/group - Check if watch rule for /etc/group already exists in /etc/audit/audit.rules] ***
skipping: [localhost]

TASK [/stigforge/roles/rhel10_stig : Record Events that Modify User/Group Information - /etc/group - Add watch rule for /etc/group in /etc/audit/audit.rules] ***
skipping: [localhost]

TASK [/stigforge/roles/rhel10_stig : Record Events that Modify User/Group Information - /etc/group - Check if watch rule for /etc/group already exists in /etc/audit/audit.rules] ***
skipping: [localhost]

TASK [/stigforge/roles/rhel10_stig : Record Events that Modify User/Group Information - /etc/group - Add watch rule for /etc/group in /etc/audit/audit.rules] ***
skipping: [localhost]

TASK [/stigforge/roles/rhel10_stig : Record Events that Modify User/Group Information - /etc/gshadow - Check if watch rule for /etc/gshadow already exists in /etc/audit/rules.d/] ***
skipping: [localhost]

TASK [/stigforge/roles/rhel10_stig : Record Events that Modify User/Group Information - /etc/gshadow - Search /etc/audit/rules.d for other rules with specified key audit_rules_usergroup_modification] ***
skipping: [localhost]

TASK [/stigforge/roles/rhel10_stig : Record Events that Modify User/Group Information - /etc/gshadow - Use /etc/audit/rules.d/audit_rules_usergroup_modification.rules as the recipient for the rule] ***
skipping: [localhost]

TASK [/stigforge/roles/rhel10_stig : Record Events that Modify User/Group Information - /etc/gshadow - Use matched file as the recipient for the rule] ***
skipping: [localhost]

TASK [/stigforge/roles/rhel10_stig : Record Events that Modify User/Group Information - /etc/gshadow - Add watch rule for /etc/gshadow in /etc/audit/rules.d/] ***
skipping: [localhost]

TASK [/stigforge/roles/rhel10_stig : Record Events that Modify User/Group Information - /etc/gshadow - Check if watch rule for /etc/gshadow already exists in /etc/audit/rules.d/] ***
skipping: [localhost]

TASK [/stigforge/roles/rhel10_stig : Record Events that Modify User/Group Information - /etc/gshadow - Search /etc/audit/rules.d for other rules with specified key audit_rules_usergroup_modification] ***
skipping: [localhost]

TASK [/stigforge/roles/rhel10_stig : Record Events that Modify User/Group Information - /etc/gshadow - Use /etc/audit/rules.d/audit_rules_usergroup_modification.rules as the recipient for the rule] ***
skipping: [localhost]

TASK [/stigforge/roles/rhel10_stig : Record Events that Modify User/Group Information - /etc/gshadow - Use matched file as the recipient for the rule] ***
skipping: [localhost]

TASK [/stigforge/roles/rhel10_stig : Record Events that Modify User/Group Information - /etc/gshadow - Add watch rule for /etc/gshadow in /etc/audit/rules.d/] ***
skipping: [localhost]

TASK [/stigforge/roles/rhel10_stig : Record Events that Modify User/Group Information - /etc/gshadow - Check if watch rule for /etc/gshadow already exists in /etc/audit/audit.rules] ***
skipping: [localhost]

TASK [/stigforge/roles/rhel10_stig : Record Events that Modify User/Group Information - /etc/gshadow - Add watch rule for /etc/gshadow in /etc/audit/audit.rules] ***
skipping: [localhost]

TASK [/stigforge/roles/rhel10_stig : Record Events that Modify User/Group Information - /etc/gshadow - Check if watch rule for /etc/gshadow already exists in /etc/audit/audit.rules] ***
skipping: [localhost]

TASK [/stigforge/roles/rhel10_stig : Record Events that Modify User/Group Information - /etc/gshadow - Add watch rule for /etc/gshadow in /etc/audit/audit.rules] ***
skipping: [localhost]

TASK [/stigforge/roles/rhel10_stig : Record Events that Modify User/Group Information - /etc/security/opasswd - Check if watch rule for /etc/security/opasswd already exists in /etc/audit/rules.d/] ***
skipping: [localhost]

TASK [/stigforge/roles/rhel10_stig : Record Events that Modify User/Group Information - /etc/security/opasswd - Search /etc/audit/rules.d for other rules with specified key audit_rules_usergroup_modification] ***
skipping: [localhost]

TASK [/stigforge/roles/rhel10_stig : Record Events that Modify User/Group Information - /etc/security/opasswd - Use /etc/audit/rules.d/audit_rules_usergroup_modification.rules as the recipient for the rule] ***
skipping: [localhost]

TASK [/stigforge/roles/rhel10_stig : Record Events that Modify User/Group Information - /etc/security/opasswd - Use matched file as the recipient for the rule] ***
skipping: [localhost]

TASK [/stigforge/roles/rhel10_stig : Record Events that Modify User/Group Information - /etc/security/opasswd - Add watch rule for /etc/security/opasswd in /etc/audit/rules.d/] ***
skipping: [localhost]

TASK [/stigforge/roles/rhel10_stig : Record Events that Modify User/Group Information - /etc/security/opasswd - Check if watch rule for /etc/security/opasswd already exists in /etc/audit/rules.d/] ***
skipping: [localhost]

TASK [/stigforge/roles/rhel10_stig : Record Events that Modify User/Group Information - /etc/security/opasswd - Search /etc/audit/rules.d for other rules with specified key audit_rules_usergroup_modification] ***
skipping: [localhost]

TASK [/stigforge/roles/rhel10_stig : Record Events that Modify User/Group Information - /etc/security/opasswd - Use /etc/audit/rules.d/audit_rules_usergroup_modification.rules as the recipient for the rule] ***
skipping: [localhost]

TASK [/stigforge/roles/rhel10_stig : Record Events that Modify User/Group Information - /etc/security/opasswd - Use matched file as the recipient for the rule] ***
skipping: [localhost]

TASK [/stigforge/roles/rhel10_stig : Record Events that Modify User/Group Information - /etc/security/opasswd - Add watch rule for /etc/security/opasswd in /etc/audit/rules.d/] ***
skipping: [localhost]

TASK [/stigforge/roles/rhel10_stig : Record Events that Modify User/Group Information - /etc/security/opasswd - Check if watch rule for /etc/security/opasswd already exists in /etc/audit/audit.rules] ***
skipping: [localhost]

TASK [/stigforge/roles/rhel10_stig : Record Events that Modify User/Group Information - /etc/security/opasswd - Add watch rule for /etc/security/opasswd in /etc/audit/audit.rules] ***
skipping: [localhost]

TASK [/stigforge/roles/rhel10_stig : Record Events that Modify User/Group Information - /etc/security/opasswd - Check if watch rule for /etc/security/opasswd already exists in /etc/audit/audit.rules] ***
skipping: [localhost]

TASK [/stigforge/roles/rhel10_stig : Record Events that Modify User/Group Information - /etc/security/opasswd - Add watch rule for /etc/security/opasswd in /etc/audit/audit.rules] ***
skipping: [localhost]

TASK [/stigforge/roles/rhel10_stig : Record Events that Modify User/Group Information - /etc/passwd - Check if watch rule for /etc/passwd already exists in /etc/audit/rules.d/] ***
skipping: [localhost]

TASK [/stigforge/roles/rhel10_stig : Record Events that Modify User/Group Information - /etc/passwd - Search /etc/audit/rules.d for other rules with specified key audit_rules_usergroup_modification] ***
skipping: [localhost]

TASK [/stigforge/roles/rhel10_stig : Record Events that Modify User/Group Information - /etc/passwd - Use /etc/audit/rules.d/audit_rules_usergroup_modification.rules as the recipient for the rule] ***
skipping: [localhost]

TASK [/stigforge/roles/rhel10_stig : Record Events that Modify User/Group Information - /etc/passwd - Use matched file as the recipient for the rule] ***
skipping: [localhost]

TASK [/stigforge/roles/rhel10_stig : Record Events that Modify User/Group Information - /etc/passwd - Add watch rule for /etc/passwd in /etc/audit/rules.d/] ***
skipping: [localhost]

TASK [/stigforge/roles/rhel10_stig : Record Events that Modify User/Group Information - /etc/passwd - Check if watch rule for /etc/passwd already exists in /etc/audit/rules.d/] ***
skipping: [localhost]

TASK [/stigforge/roles/rhel10_stig : Record Events that Modify User/Group Information - /etc/passwd - Search /etc/audit/rules.d for other rules with specified key audit_rules_usergroup_modification] ***
skipping: [localhost]

TASK [/stigforge/roles/rhel10_stig : Record Events that Modify User/Group Information - /etc/passwd - Use /etc/audit/rules.d/audit_rules_usergroup_modification.rules as the recipient for the rule] ***
skipping: [localhost]

TASK [/stigforge/roles/rhel10_stig : Record Events that Modify User/Group Information - /etc/passwd - Use matched file as the recipient for the rule] ***
skipping: [localhost]

TASK [/stigforge/roles/rhel10_stig : Record Events that Modify User/Group Information - /etc/passwd - Add watch rule for /etc/passwd in /etc/audit/rules.d/] ***
skipping: [localhost]

TASK [/stigforge/roles/rhel10_stig : Record Events that Modify User/Group Information - /etc/passwd - Check if watch rule for /etc/passwd already exists in /etc/audit/audit.rules] ***
skipping: [localhost]

TASK [/stigforge/roles/rhel10_stig : Record Events that Modify User/Group Information - /etc/passwd - Add watch rule for /etc/passwd in /etc/audit/audit.rules] ***
skipping: [localhost]

TASK [/stigforge/roles/rhel10_stig : Record Events that Modify User/Group Information - /etc/passwd - Check if watch rule for /etc/passwd already exists in /etc/audit/audit.rules] ***
skipping: [localhost]

TASK [/stigforge/roles/rhel10_stig : Record Events that Modify User/Group Information - /etc/passwd - Add watch rule for /etc/passwd in /etc/audit/audit.rules] ***
skipping: [localhost]

TASK [/stigforge/roles/rhel10_stig : Record Events that Modify User/Group Information - /etc/shadow - Check if watch rule for /etc/shadow already exists in /etc/audit/rules.d/] ***
skipping: [localhost]

TASK [/stigforge/roles/rhel10_stig : Record Events that Modify User/Group Information - /etc/shadow - Search /etc/audit/rules.d for other rules with specified key audit_rules_usergroup_modification] ***
skipping: [localhost]

TASK [/stigforge/roles/rhel10_stig : Record Events that Modify User/Group Information - /etc/shadow - Use /etc/audit/rules.d/audit_rules_usergroup_modification.rules as the recipient for the rule] ***
skipping: [localhost]

TASK [/stigforge/roles/rhel10_stig : Record Events that Modify User/Group Information - /etc/shadow - Use matched file as the recipient for the rule] ***
skipping: [localhost]

TASK [/stigforge/roles/rhel10_stig : Record Events that Modify User/Group Information - /etc/shadow - Add watch rule for /etc/shadow in /etc/audit/rules.d/] ***
skipping: [localhost]

TASK [/stigforge/roles/rhel10_stig : Record Events that Modify User/Group Information - /etc/shadow - Check if watch rule for /etc/shadow already exists in /etc/audit/rules.d/] ***
skipping: [localhost]

TASK [/stigforge/roles/rhel10_stig : Record Events that Modify User/Group Information - /etc/shadow - Search /etc/audit/rules.d for other rules with specified key audit_rules_usergroup_modification] ***
skipping: [localhost]

TASK [/stigforge/roles/rhel10_stig : Record Events that Modify User/Group Information - /etc/shadow - Use /etc/audit/rules.d/audit_rules_usergroup_modification.rules as the recipient for the rule] ***
skipping: [localhost]

TASK [/stigforge/roles/rhel10_stig : Record Events that Modify User/Group Information - /etc/shadow - Use matched file as the recipient for the rule] ***
skipping: [localhost]

TASK [/stigforge/roles/rhel10_stig : Record Events that Modify User/Group Information - /etc/shadow - Add watch rule for /etc/shadow in /etc/audit/rules.d/] ***
skipping: [localhost]

TASK [/stigforge/roles/rhel10_stig : Record Events that Modify User/Group Information - /etc/shadow - Check if watch rule for /etc/shadow already exists in /etc/audit/audit.rules] ***
skipping: [localhost]

TASK [/stigforge/roles/rhel10_stig : Record Events that Modify User/Group Information - /etc/shadow - Add watch rule for /etc/shadow in /etc/audit/audit.rules] ***
skipping: [localhost]

TASK [/stigforge/roles/rhel10_stig : Record Events that Modify User/Group Information - /etc/shadow - Check if watch rule for /etc/shadow already exists in /etc/audit/audit.rules] ***
skipping: [localhost]

TASK [/stigforge/roles/rhel10_stig : Record Events that Modify User/Group Information - /etc/shadow - Add watch rule for /etc/shadow in /etc/audit/audit.rules] ***
skipping: [localhost]

TASK [/stigforge/roles/rhel10_stig : System Audit Directories Must Be Owned By Root - Register Audit Configuration Text] ***
skipping: [localhost]

TASK [/stigforge/roles/rhel10_stig : System Audit Directories Must Be Owned By Root - Set Permissions Custom Location] ***
skipping: [localhost]

TASK [/stigforge/roles/rhel10_stig : System Audit Logs Must Have Mode 0750 or Less Permissive - Get audit log file from /etc/audit/auditd.conf] ***
skipping: [localhost]

TASK [/stigforge/roles/rhel10_stig : System Audit Logs Must Have Mode 0750 or Less Permissive - Set audit log directory path] ***
skipping: [localhost]

TASK [/stigforge/roles/rhel10_stig : System Audit Logs Must Have Mode 0750 or Less Permissive - Get audit log group from /etc/audit/auditd.conf] ***
skipping: [localhost]

TASK [/stigforge/roles/rhel10_stig : System Audit Logs Must Have Mode 0750 or Less Permissive - Set audit log group] ***
skipping: [localhost]

TASK [/stigforge/roles/rhel10_stig : System Audit Logs Must Have Mode 0750 or Less Permissive - Set audit log directory permissions] ***
skipping: [localhost]

TASK [/stigforge/roles/rhel10_stig : Set the file_groupownership_audit_configuration_newgroup variable if represented by gid] ***
skipping: [localhost]

TASK [/stigforge/roles/rhel10_stig : Find /etc/audit/ file(s) matching ^.*audit(\.rules|d\.conf)$] ***
skipping: [localhost]

TASK [/stigforge/roles/rhel10_stig : Ensure group owner on /etc/audit/ file(s) matching ^.*audit(\.rules|d\.conf)$] ***
skipping: [localhost]

TASK [/stigforge/roles/rhel10_stig : Find /etc/audit/rules.d/ file(s) matching ^.*\.rules$] ***
skipping: [localhost]

TASK [/stigforge/roles/rhel10_stig : Ensure group owner on /etc/audit/rules.d/ file(s) matching ^.*\.rules$] ***
skipping: [localhost]

TASK [/stigforge/roles/rhel10_stig : Set the file_ownership_audit_configuration_newown variable if represented by uid] ***
skipping: [localhost]

TASK [/stigforge/roles/rhel10_stig : Find /etc/audit/ file(s) matching ^.*audit(\.rules|d\.conf)$] ***
skipping: [localhost]

TASK [/stigforge/roles/rhel10_stig : Ensure owner on /etc/audit/ file(s) matching ^.*audit(\.rules|d\.conf)$] ***
skipping: [localhost]

TASK [/stigforge/roles/rhel10_stig : Find /etc/audit/rules.d/ file(s) matching ^.*\.rules$] ***
skipping: [localhost]

TASK [/stigforge/roles/rhel10_stig : Ensure owner on /etc/audit/rules.d/ file(s) matching ^.*\.rules$] ***
skipping: [localhost]

TASK [/stigforge/roles/rhel10_stig : System Audit Logs Must Have Mode 0640 or Less Permissive - Get audit log file from /etc/audit/auditd.conf] ***
skipping: [localhost]

TASK [/stigforge/roles/rhel10_stig : System Audit Logs Must Have Mode 0640 or Less Permissive - Set audit log file path] ***
skipping: [localhost]

TASK [/stigforge/roles/rhel10_stig : System Audit Logs Must Have Mode 0640 or Less Permissive - Get audit log group from /etc/audit/auditd.conf] ***
skipping: [localhost]

TASK [/stigforge/roles/rhel10_stig : System Audit Logs Must Have Mode 0640 or Less Permissive - Set audit log group] ***
skipping: [localhost]

TASK [/stigforge/roles/rhel10_stig : System Audit Logs Must Have Mode 0640 or Less Permissive - Set audit log file permissions] ***
skipping: [localhost]

TASK [/stigforge/roles/rhel10_stig : Set architecture for audit chmod tasks] ***
skipping: [localhost]

TASK [/stigforge/roles/rhel10_stig : Declare list of syscalls] *****************
skipping: [localhost]

TASK [/stigforge/roles/rhel10_stig : Check existence of chmod in /etc/audit/rules.d/] ***
skipping: [localhost]

TASK [/stigforge/roles/rhel10_stig : Reset syscalls found per file] ************
skipping: [localhost]

TASK [/stigforge/roles/rhel10_stig : Declare syscalls found per file] **********
skipping: [localhost]

TASK [/stigforge/roles/rhel10_stig : Declare files where syscalls were found] ***
skipping: [localhost]

TASK [/stigforge/roles/rhel10_stig : Count occurrences of syscalls in paths] ***
skipping: [localhost]

TASK [/stigforge/roles/rhel10_stig : Get path with most syscalls] **************
skipping: [localhost]

TASK [/stigforge/roles/rhel10_stig : No file with syscall found, set path to /etc/audit/rules.d/perm_mod.rules] ***
skipping: [localhost]

TASK [/stigforge/roles/rhel10_stig : Declare found syscalls] *******************
skipping: [localhost]

TASK [/stigforge/roles/rhel10_stig : Declare missing syscalls] *****************
skipping: [localhost]

TASK [/stigforge/roles/rhel10_stig : Replace the audit rule in {{ audit_file }}] ***
skipping: [localhost]

TASK [/stigforge/roles/rhel10_stig : Add the audit rule to {{ audit_file }}] ***
skipping: [localhost]

TASK [/stigforge/roles/rhel10_stig : Declare list of syscalls] *****************
skipping: [localhost]

TASK [/stigforge/roles/rhel10_stig : Check existence of chmod in /etc/audit/audit.rules] ***
skipping: [localhost]

TASK [/stigforge/roles/rhel10_stig : Set path to /etc/audit/audit.rules] *******
skipping: [localhost]

TASK [/stigforge/roles/rhel10_stig : Declare found syscalls] *******************
skipping: [localhost]

TASK [/stigforge/roles/rhel10_stig : Declare missing syscalls] *****************
skipping: [localhost]

TASK [/stigforge/roles/rhel10_stig : Replace the audit rule in {{ audit_file }}] ***
skipping: [localhost]

TASK [/stigforge/roles/rhel10_stig : Add the audit rule to {{ audit_file }}] ***
skipping: [localhost]

TASK [/stigforge/roles/rhel10_stig : Declare list of syscalls] *****************
skipping: [localhost]

TASK [/stigforge/roles/rhel10_stig : Check existence of chmod in /etc/audit/rules.d/] ***
skipping: [localhost]

TASK [/stigforge/roles/rhel10_stig : Reset syscalls found per file] ************
skipping: [localhost]

TASK [/stigforge/roles/rhel10_stig : Declare syscalls found per file] **********
skipping: [localhost]

TASK [/stigforge/roles/rhel10_stig : Declare files where syscalls were found] ***
skipping: [localhost]

TASK [/stigforge/roles/rhel10_stig : Count occurrences of syscalls in paths] ***
skipping: [localhost]

TASK [/stigforge/roles/rhel10_stig : Get path with most syscalls] **************
skipping: [localhost]

TASK [/stigforge/roles/rhel10_stig : No file with syscall found, set path to /etc/audit/rules.d/perm_mod.rules] ***
skipping: [localhost]

TASK [/stigforge/roles/rhel10_stig : Declare found syscalls] *******************
skipping: [localhost]

TASK [/stigforge/roles/rhel10_stig : Declare missing syscalls] *****************
skipping: [localhost]

TASK [/stigforge/roles/rhel10_stig : Replace the audit rule in {{ audit_file }}] ***
skipping: [localhost]

TASK [/stigforge/roles/rhel10_stig : Add the audit rule to {{ audit_file }}] ***
skipping: [localhost]

TASK [/stigforge/roles/rhel10_stig : Declare list of syscalls] *****************
skipping: [localhost]

TASK [/stigforge/roles/rhel10_stig : Check existence of chmod in /etc/audit/audit.rules] ***
skipping: [localhost]

TASK [/stigforge/roles/rhel10_stig : Set path to /etc/audit/audit.rules] *******
skipping: [localhost]

TASK [/stigforge/roles/rhel10_stig : Declare found syscalls] *******************
skipping: [localhost]

TASK [/stigforge/roles/rhel10_stig : Declare missing syscalls] *****************
skipping: [localhost]

TASK [/stigforge/roles/rhel10_stig : Replace the audit rule in {{ audit_file }}] ***
skipping: [localhost]

TASK [/stigforge/roles/rhel10_stig : Add the audit rule to {{ audit_file }}] ***
skipping: [localhost]

TASK [/stigforge/roles/rhel10_stig : Set architecture for audit chown tasks] ***
skipping: [localhost]

TASK [/stigforge/roles/rhel10_stig : Declare list of syscalls] *****************
skipping: [localhost]

TASK [/stigforge/roles/rhel10_stig : Check existence of chown in /etc/audit/rules.d/] ***
skipping: [localhost]

TASK [/stigforge/roles/rhel10_stig : Reset syscalls found per file] ************
skipping: [localhost]

TASK [/stigforge/roles/rhel10_stig : Declare syscalls found per file] **********
skipping: [localhost]

TASK [/stigforge/roles/rhel10_stig : Declare files where syscalls were found] ***
skipping: [localhost]

TASK [/stigforge/roles/rhel10_stig : Count occurrences of syscalls in paths] ***
skipping: [localhost]

TASK [/stigforge/roles/rhel10_stig : Get path with most syscalls] **************
skipping: [localhost]

TASK [/stigforge/roles/rhel10_stig : No file with syscall found, set path to /etc/audit/rules.d/perm_mod.rules] ***
skipping: [localhost]

TASK [/stigforge/roles/rhel10_stig : Declare found syscalls] *******************
skipping: [localhost]

TASK [/stigforge/roles/rhel10_stig : Declare missing syscalls] *****************
skipping: [localhost]

TASK [/stigforge/roles/rhel10_stig : Replace the audit rule in {{ audit_file }}] ***
skipping: [localhost]

TASK [/stigforge/roles/rhel10_stig : Add the audit rule to {{ audit_file }}] ***
skipping: [localhost]

TASK [/stigforge/roles/rhel10_stig : Declare list of syscalls] *****************
skipping: [localhost]

TASK [/stigforge/roles/rhel10_stig : Check existence of chown in /etc/audit/audit.rules] ***
skipping: [localhost]

TASK [/stigforge/roles/rhel10_stig : Set path to /etc/audit/audit.rules] *******
skipping: [localhost]

TASK [/stigforge/roles/rhel10_stig : Declare found syscalls] *******************
skipping: [localhost]

TASK [/stigforge/roles/rhel10_stig : Declare missing syscalls] *****************
skipping: [localhost]

TASK [/stigforge/roles/rhel10_stig : Replace the audit rule in {{ audit_file }}] ***
skipping: [localhost]

TASK [/stigforge/roles/rhel10_stig : Add the audit rule to {{ audit_file }}] ***
skipping: [localhost]

TASK [/stigforge/roles/rhel10_stig : Declare list of syscalls] *****************
skipping: [localhost]

TASK [/stigforge/roles/rhel10_stig : Check existence of chown in /etc/audit/rules.d/] ***
skipping: [localhost]

TASK [/stigforge/roles/rhel10_stig : Reset syscalls found per file] ************
skipping: [localhost]

TASK [/stigforge/roles/rhel10_stig : Declare syscalls found per file] **********
skipping: [localhost]

TASK [/stigforge/roles/rhel10_stig : Declare files where syscalls were found] ***
skipping: [localhost]

TASK [/stigforge/roles/rhel10_stig : Count occurrences of syscalls in paths] ***
skipping: [localhost]

TASK [/stigforge/roles/rhel10_stig : Get path with most syscalls] **************
skipping: [localhost]

TASK [/stigforge/roles/rhel10_stig : No file with syscall found, set path to /etc/audit/rules.d/perm_mod.rules] ***
skipping: [localhost]

TASK [/stigforge/roles/rhel10_stig : Declare found syscalls] *******************
skipping: [localhost]

TASK [/stigforge/roles/rhel10_stig : Declare missing syscalls] *****************
skipping: [localhost]

TASK [/stigforge/roles/rhel10_stig : Replace the audit rule in {{ audit_file }}] ***
skipping: [localhost]

TASK [/stigforge/roles/rhel10_stig : Add the audit rule to {{ audit_file }}] ***
skipping: [localhost]

TASK [/stigforge/roles/rhel10_stig : Declare list of syscalls] *****************
skipping: [localhost]

TASK [/stigforge/roles/rhel10_stig : Check existence of chown in /etc/audit/audit.rules] ***
skipping: [localhost]

TASK [/stigforge/roles/rhel10_stig : Set path to /etc/audit/audit.rules] *******
skipping: [localhost]

TASK [/stigforge/roles/rhel10_stig : Declare found syscalls] *******************
skipping: [localhost]

TASK [/stigforge/roles/rhel10_stig : Declare missing syscalls] *****************
skipping: [localhost]

TASK [/stigforge/roles/rhel10_stig : Replace the audit rule in {{ audit_file }}] ***
skipping: [localhost]

TASK [/stigforge/roles/rhel10_stig : Add the audit rule to {{ audit_file }}] ***
skipping: [localhost]

TASK [/stigforge/roles/rhel10_stig : Set architecture for audit fchmod tasks] ***
skipping: [localhost]

TASK [/stigforge/roles/rhel10_stig : Declare list of syscalls] *****************
skipping: [localhost]

TASK [/stigforge/roles/rhel10_stig : Check existence of fchmod in /etc/audit/rules.d/] ***
skipping: [localhost]

TASK [/stigforge/roles/rhel10_stig : Reset syscalls found per file] ************
skipping: [localhost]

TASK [/stigforge/roles/rhel10_stig : Declare syscalls found per file] **********
skipping: [localhost]

TASK [/stigforge/roles/rhel10_stig : Declare files where syscalls were found] ***
skipping: [localhost]

TASK [/stigforge/roles/rhel10_stig : Count occurrences of syscalls in paths] ***
skipping: [localhost]

TASK [/stigforge/roles/rhel10_stig : Get path with most syscalls] **************
skipping: [localhost]

TASK [/stigforge/roles/rhel10_stig : No file with syscall found, set path to /etc/audit/rules.d/perm_mod.rules] ***
skipping: [localhost]

TASK [/stigforge/roles/rhel10_stig : Declare found syscalls] *******************
skipping: [localhost]

TASK [/stigforge/roles/rhel10_stig : Declare missing syscalls] *****************
skipping: [localhost]

TASK [/stigforge/roles/rhel10_stig : Replace the audit rule in {{ audit_file }}] ***
skipping: [localhost]

TASK [/stigforge/roles/rhel10_stig : Add the audit rule to {{ audit_file }}] ***
skipping: [localhost]

TASK [/stigforge/roles/rhel10_stig : Declare list of syscalls] *****************
skipping: [localhost]

TASK [/stigforge/roles/rhel10_stig : Check existence of fchmod in /etc/audit/audit.rules] ***
skipping: [localhost]

TASK [/stigforge/roles/rhel10_stig : Set path to /etc/audit/audit.rules] *******
skipping: [localhost]

TASK [/stigforge/roles/rhel10_stig : Declare found syscalls] *******************
skipping: [localhost]

TASK [/stigforge/roles/rhel10_stig : Declare missing syscalls] *****************
skipping: [localhost]

TASK [/stigforge/roles/rhel10_stig : Replace the audit rule in {{ audit_file }}] ***
skipping: [localhost]

TASK [/stigforge/roles/rhel10_stig : Add the audit rule to {{ audit_file }}] ***
skipping: [localhost]

TASK [/stigforge/roles/rhel10_stig : Declare list of syscalls] *****************
skipping: [localhost]

TASK [/stigforge/roles/rhel10_stig : Check existence of fchmod in /etc/audit/rules.d/] ***
skipping: [localhost]

TASK [/stigforge/roles/rhel10_stig : Reset syscalls found per file] ************
skipping: [localhost]

TASK [/stigforge/roles/rhel10_stig : Declare syscalls found per file] **********
skipping: [localhost]

TASK [/stigforge/roles/rhel10_stig : Declare files where syscalls were found] ***
skipping: [localhost]

TASK [/stigforge/roles/rhel10_stig : Count occurrences of syscalls in paths] ***
skipping: [localhost]

TASK [/stigforge/roles/rhel10_stig : Get path with most syscalls] **************
skipping: [localhost]

TASK [/stigforge/roles/rhel10_stig : No file with syscall found, set path to /etc/audit/rules.d/perm_mod.rules] ***
skipping: [localhost]

TASK [/stigforge/roles/rhel10_stig : Declare found syscalls] *******************
skipping: [localhost]

TASK [/stigforge/roles/rhel10_stig : Declare missing syscalls] *****************
skipping: [localhost]

TASK [/stigforge/roles/rhel10_stig : Replace the audit rule in {{ audit_file }}] ***
skipping: [localhost]

TASK [/stigforge/roles/rhel10_stig : Add the audit rule to {{ audit_file }}] ***
skipping: [localhost]

TASK [/stigforge/roles/rhel10_stig : Declare list of syscalls] *****************
skipping: [localhost]

TASK [/stigforge/roles/rhel10_stig : Check existence of fchmod in /etc/audit/audit.rules] ***
skipping: [localhost]

TASK [/stigforge/roles/rhel10_stig : Set path to /etc/audit/audit.rules] *******
skipping: [localhost]

TASK [/stigforge/roles/rhel10_stig : Declare found syscalls] *******************
skipping: [localhost]

TASK [/stigforge/roles/rhel10_stig : Declare missing syscalls] *****************
skipping: [localhost]

TASK [/stigforge/roles/rhel10_stig : Replace the audit rule in {{ audit_file }}] ***
skipping: [localhost]

TASK [/stigforge/roles/rhel10_stig : Add the audit rule to {{ audit_file }}] ***
skipping: [localhost]

TASK [/stigforge/roles/rhel10_stig : Set architecture for audit fchmodat tasks] ***
skipping: [localhost]

TASK [/stigforge/roles/rhel10_stig : Declare list of syscalls] *****************
skipping: [localhost]

TASK [/stigforge/roles/rhel10_stig : Check existence of fchmodat in /etc/audit/rules.d/] ***
skipping: [localhost]

TASK [/stigforge/roles/rhel10_stig : Reset syscalls found per file] ************
skipping: [localhost]

TASK [/stigforge/roles/rhel10_stig : Declare syscalls found per file] **********
skipping: [localhost]

TASK [/stigforge/roles/rhel10_stig : Declare files where syscalls were found] ***
skipping: [localhost]

TASK [/stigforge/roles/rhel10_stig : Count occurrences of syscalls in paths] ***
skipping: [localhost]

TASK [/stigforge/roles/rhel10_stig : Get path with most syscalls] **************
skipping: [localhost]

TASK [/stigforge/roles/rhel10_stig : No file with syscall found, set path to /etc/audit/rules.d/perm_mod.rules] ***
skipping: [localhost]

TASK [/stigforge/roles/rhel10_stig : Declare found syscalls] *******************
skipping: [localhost]

TASK [/stigforge/roles/rhel10_stig : Declare missing syscalls] *****************
skipping: [localhost]

TASK [/stigforge/roles/rhel10_stig : Replace the audit rule in {{ audit_file }}] ***
skipping: [localhost]

TASK [/stigforge/roles/rhel10_stig : Add the audit rule to {{ audit_file }}] ***
skipping: [localhost]

TASK [/stigforge/roles/rhel10_stig : Declare list of syscalls] *****************
skipping: [localhost]

TASK [/stigforge/roles/rhel10_stig : Check existence of fchmodat in /etc/audit/audit.rules] ***
skipping: [localhost]

TASK [/stigforge/roles/rhel10_stig : Set path to /etc/audit/audit.rules] *******
skipping: [localhost]

TASK [/stigforge/roles/rhel10_stig : Declare found syscalls] *******************
skipping: [localhost]

TASK [/stigforge/roles/rhel10_stig : Declare missing syscalls] *****************
skipping: [localhost]

TASK [/stigforge/roles/rhel10_stig : Replace the audit rule in {{ audit_file }}] ***
skipping: [localhost]

TASK [/stigforge/roles/rhel10_stig : Add the audit rule to {{ audit_file }}] ***
skipping: [localhost]

TASK [/stigforge/roles/rhel10_stig : Declare list of syscalls] *****************
skipping: [localhost]

TASK [/stigforge/roles/rhel10_stig : Check existence of fchmodat in /etc/audit/rules.d/] ***
skipping: [localhost]

TASK [/stigforge/roles/rhel10_stig : Reset syscalls found per file] ************
skipping: [localhost]

TASK [/stigforge/roles/rhel10_stig : Declare syscalls found per file] **********
skipping: [localhost]

TASK [/stigforge/roles/rhel10_stig : Declare files where syscalls were found] ***
skipping: [localhost]

TASK [/stigforge/roles/rhel10_stig : Count occurrences of syscalls in paths] ***
skipping: [localhost]

TASK [/stigforge/roles/rhel10_stig : Get path with most syscalls] **************
skipping: [localhost]

TASK [/stigforge/roles/rhel10_stig : No file with syscall found, set path to /etc/audit/rules.d/perm_mod.rules] ***
skipping: [localhost]

TASK [/stigforge/roles/rhel10_stig : Declare found syscalls] *******************
skipping: [localhost]

TASK [/stigforge/roles/rhel10_stig : Declare missing syscalls] *****************
skipping: [localhost]

TASK [/stigforge/roles/rhel10_stig : Replace the audit rule in {{ audit_file }}] ***
skipping: [localhost]

TASK [/stigforge/roles/rhel10_stig : Add the audit rule to {{ audit_file }}] ***
skipping: [localhost]

TASK [/stigforge/roles/rhel10_stig : Declare list of syscalls] *****************
skipping: [localhost]

TASK [/stigforge/roles/rhel10_stig : Check existence of fchmodat in /etc/audit/audit.rules] ***
skipping: [localhost]

TASK [/stigforge/roles/rhel10_stig : Set path to /etc/audit/audit.rules] *******
skipping: [localhost]

TASK [/stigforge/roles/rhel10_stig : Declare found syscalls] *******************
skipping: [localhost]

TASK [/stigforge/roles/rhel10_stig : Declare missing syscalls] *****************
skipping: [localhost]

TASK [/stigforge/roles/rhel10_stig : Replace the audit rule in {{ audit_file }}] ***
skipping: [localhost]

TASK [/stigforge/roles/rhel10_stig : Add the audit rule to {{ audit_file }}] ***
skipping: [localhost]

TASK [/stigforge/roles/rhel10_stig : Set architecture for audit fchmodat2 tasks] ***
skipping: [localhost]

TASK [/stigforge/roles/rhel10_stig : Declare list of syscalls] *****************
skipping: [localhost]

TASK [/stigforge/roles/rhel10_stig : Check existence of fchmodat2 in /etc/audit/rules.d/] ***
skipping: [localhost]

TASK [/stigforge/roles/rhel10_stig : Reset syscalls found per file] ************
skipping: [localhost]

TASK [/stigforge/roles/rhel10_stig : Declare syscalls found per file] **********
skipping: [localhost]

TASK [/stigforge/roles/rhel10_stig : Declare files where syscalls were found] ***
skipping: [localhost]

TASK [/stigforge/roles/rhel10_stig : Count occurrences of syscalls in paths] ***
skipping: [localhost]

TASK [/stigforge/roles/rhel10_stig : Get path with most syscalls] **************
skipping: [localhost]

TASK [/stigforge/roles/rhel10_stig : No file with syscall found, set path to /etc/audit/rules.d/perm_mod.rules] ***
skipping: [localhost]

TASK [/stigforge/roles/rhel10_stig : Declare found syscalls] *******************
skipping: [localhost]

TASK [/stigforge/roles/rhel10_stig : Declare missing syscalls] *****************
skipping: [localhost]

TASK [/stigforge/roles/rhel10_stig : Replace the audit rule in {{ audit_file }}] ***
skipping: [localhost]

TASK [/stigforge/roles/rhel10_stig : Add the audit rule to {{ audit_file }}] ***
skipping: [localhost]

TASK [/stigforge/roles/rhel10_stig : Declare list of syscalls] *****************
skipping: [localhost]

TASK [/stigforge/roles/rhel10_stig : Check existence of fchmodat2 in /etc/audit/audit.rules] ***
skipping: [localhost]

TASK [/stigforge/roles/rhel10_stig : Set path to /etc/audit/audit.rules] *******
skipping: [localhost]

TASK [/stigforge/roles/rhel10_stig : Declare found syscalls] *******************
skipping: [localhost]

TASK [/stigforge/roles/rhel10_stig : Declare missing syscalls] *****************
skipping: [localhost]

TASK [/stigforge/roles/rhel10_stig : Replace the audit rule in {{ audit_file }}] ***
skipping: [localhost]

TASK [/stigforge/roles/rhel10_stig : Add the audit rule to {{ audit_file }}] ***
skipping: [localhost]

TASK [/stigforge/roles/rhel10_stig : Declare list of syscalls] *****************
skipping: [localhost]

TASK [/stigforge/roles/rhel10_stig : Check existence of fchmodat2 in /etc/audit/rules.d/] ***
skipping: [localhost]

TASK [/stigforge/roles/rhel10_stig : Reset syscalls found per file] ************
skipping: [localhost]

TASK [/stigforge/roles/rhel10_stig : Declare syscalls found per file] **********
skipping: [localhost]

TASK [/stigforge/roles/rhel10_stig : Declare files where syscalls were found] ***
skipping: [localhost]

TASK [/stigforge/roles/rhel10_stig : Count occurrences of syscalls in paths] ***
skipping: [localhost]

TASK [/stigforge/roles/rhel10_stig : Get path with most syscalls] **************
skipping: [localhost]

TASK [/stigforge/roles/rhel10_stig : No file with syscall found, set path to /etc/audit/rules.d/perm_mod.rules] ***
skipping: [localhost]

TASK [/stigforge/roles/rhel10_stig : Declare found syscalls] *******************
skipping: [localhost]

TASK [/stigforge/roles/rhel10_stig : Declare missing syscalls] *****************
skipping: [localhost]

TASK [/stigforge/roles/rhel10_stig : Replace the audit rule in {{ audit_file }}] ***
skipping: [localhost]

TASK [/stigforge/roles/rhel10_stig : Add the audit rule to {{ audit_file }}] ***
skipping: [localhost]

TASK [/stigforge/roles/rhel10_stig : Declare list of syscalls] *****************
skipping: [localhost]

TASK [/stigforge/roles/rhel10_stig : Check existence of fchmodat2 in /etc/audit/audit.rules] ***
skipping: [localhost]

TASK [/stigforge/roles/rhel10_stig : Set path to /etc/audit/audit.rules] *******
skipping: [localhost]

TASK [/stigforge/roles/rhel10_stig : Declare found syscalls] *******************
skipping: [localhost]

TASK [/stigforge/roles/rhel10_stig : Declare missing syscalls] *****************
skipping: [localhost]

TASK [/stigforge/roles/rhel10_stig : Replace the audit rule in {{ audit_file }}] ***
skipping: [localhost]

TASK [/stigforge/roles/rhel10_stig : Add the audit rule to {{ audit_file }}] ***
skipping: [localhost]

TASK [/stigforge/roles/rhel10_stig : Set architecture for audit fchown tasks] ***
skipping: [localhost]

TASK [/stigforge/roles/rhel10_stig : Declare list of syscalls] *****************
skipping: [localhost]

TASK [/stigforge/roles/rhel10_stig : Check existence of fchown in /etc/audit/rules.d/] ***
skipping: [localhost]

TASK [/stigforge/roles/rhel10_stig : Reset syscalls found per file] ************
skipping: [localhost]

TASK [/stigforge/roles/rhel10_stig : Declare syscalls found per file] **********
skipping: [localhost]

TASK [/stigforge/roles/rhel10_stig : Declare files where syscalls were found] ***
skipping: [localhost]

TASK [/stigforge/roles/rhel10_stig : Count occurrences of syscalls in paths] ***
skipping: [localhost]

TASK [/stigforge/roles/rhel10_stig : Get path with most syscalls] **************
skipping: [localhost]

TASK [/stigforge/roles/rhel10_stig : No file with syscall found, set path to /etc/audit/rules.d/perm_mod.rules] ***
skipping: [localhost]

TASK [/stigforge/roles/rhel10_stig : Declare found syscalls] *******************
skipping: [localhost]

TASK [/stigforge/roles/rhel10_stig : Declare missing syscalls] *****************
skipping: [localhost]

TASK [/stigforge/roles/rhel10_stig : Replace the audit rule in {{ audit_file }}] ***
skipping: [localhost]

TASK [/stigforge/roles/rhel10_stig : Add the audit rule to {{ audit_file }}] ***
skipping: [localhost]

TASK [/stigforge/roles/rhel10_stig : Declare list of syscalls] *****************
skipping: [localhost]

TASK [/stigforge/roles/rhel10_stig : Check existence of fchown in /etc/audit/audit.rules] ***
skipping: [localhost]

TASK [/stigforge/roles/rhel10_stig : Set path to /etc/audit/audit.rules] *******
skipping: [localhost]

TASK [/stigforge/roles/rhel10_stig : Declare found syscalls] *******************
skipping: [localhost]

TASK [/stigforge/roles/rhel10_stig : Declare missing syscalls] *****************
skipping: [localhost]

TASK [/stigforge/roles/rhel10_stig : Replace the audit rule in {{ audit_file }}] ***
skipping: [localhost]

TASK [/stigforge/roles/rhel10_stig : Add the audit rule to {{ audit_file }}] ***
skipping: [localhost]

TASK [/stigforge/roles/rhel10_stig : Declare list of syscalls] *****************
skipping: [localhost]

TASK [/stigforge/roles/rhel10_stig : Check existence of fchown in /etc/audit/rules.d/] ***
skipping: [localhost]

TASK [/stigforge/roles/rhel10_stig : Reset syscalls found per file] ************
skipping: [localhost]

TASK [/stigforge/roles/rhel10_stig : Declare syscalls found per file] **********
skipping: [localhost]

TASK [/stigforge/roles/rhel10_stig : Declare files where syscalls were found] ***
skipping: [localhost]

TASK [/stigforge/roles/rhel10_stig : Count occurrences of syscalls in paths] ***
skipping: [localhost]

TASK [/stigforge/roles/rhel10_stig : Get path with most syscalls] **************
skipping: [localhost]

TASK [/stigforge/roles/rhel10_stig : No file with syscall found, set path to /etc/audit/rules.d/perm_mod.rules] ***
skipping: [localhost]

TASK [/stigforge/roles/rhel10_stig : Declare found syscalls] *******************
skipping: [localhost]

TASK [/stigforge/roles/rhel10_stig : Declare missing syscalls] *****************
skipping: [localhost]

TASK [/stigforge/roles/rhel10_stig : Replace the audit rule in {{ audit_file }}] ***
skipping: [localhost]

TASK [/stigforge/roles/rhel10_stig : Add the audit rule to {{ audit_file }}] ***
skipping: [localhost]

TASK [/stigforge/roles/rhel10_stig : Declare list of syscalls] *****************
skipping: [localhost]

TASK [/stigforge/roles/rhel10_stig : Check existence of fchown in /etc/audit/audit.rules] ***
skipping: [localhost]

TASK [/stigforge/roles/rhel10_stig : Set path to /etc/audit/audit.rules] *******
skipping: [localhost]

TASK [/stigforge/roles/rhel10_stig : Declare found syscalls] *******************
skipping: [localhost]

TASK [/stigforge/roles/rhel10_stig : Declare missing syscalls] *****************
skipping: [localhost]

TASK [/stigforge/roles/rhel10_stig : Replace the audit rule in {{ audit_file }}] ***
skipping: [localhost]

TASK [/stigforge/roles/rhel10_stig : Add the audit rule to {{ audit_file }}] ***
skipping: [localhost]

TASK [/stigforge/roles/rhel10_stig : Set architecture for audit fchownat tasks] ***
skipping: [localhost]

TASK [/stigforge/roles/rhel10_stig : Declare list of syscalls] *****************
skipping: [localhost]

TASK [/stigforge/roles/rhel10_stig : Check existence of fchownat in /etc/audit/rules.d/] ***
skipping: [localhost]

TASK [/stigforge/roles/rhel10_stig : Reset syscalls found per file] ************
skipping: [localhost]

TASK [/stigforge/roles/rhel10_stig : Declare syscalls found per file] **********
skipping: [localhost]

TASK [/stigforge/roles/rhel10_stig : Declare files where syscalls were found] ***
skipping: [localhost]

TASK [/stigforge/roles/rhel10_stig : Count occurrences of syscalls in paths] ***
skipping: [localhost]

TASK [/stigforge/roles/rhel10_stig : Get path with most syscalls] **************
skipping: [localhost]

TASK [/stigforge/roles/rhel10_stig : No file with syscall found, set path to /etc/audit/rules.d/perm_mod.rules] ***
skipping: [localhost]

TASK [/stigforge/roles/rhel10_stig : Declare found syscalls] *******************
skipping: [localhost]

TASK [/stigforge/roles/rhel10_stig : Declare missing syscalls] *****************
skipping: [localhost]

TASK [/stigforge/roles/rhel10_stig : Replace the audit rule in {{ audit_file }}] ***
skipping: [localhost]

TASK [/stigforge/roles/rhel10_stig : Add the audit rule to {{ audit_file }}] ***
skipping: [localhost]

TASK [/stigforge/roles/rhel10_stig : Declare list of syscalls] *****************
skipping: [localhost]

TASK [/stigforge/roles/rhel10_stig : Check existence of fchownat in /etc/audit/audit.rules] ***
skipping: [localhost]

TASK [/stigforge/roles/rhel10_stig : Set path to /etc/audit/audit.rules] *******
skipping: [localhost]

TASK [/stigforge/roles/rhel10_stig : Declare found syscalls] *******************
skipping: [localhost]

TASK [/stigforge/roles/rhel10_stig : Declare missing syscalls] *****************
skipping: [localhost]

TASK [/stigforge/roles/rhel10_stig : Replace the audit rule in {{ audit_file }}] ***
skipping: [localhost]

TASK [/stigforge/roles/rhel10_stig : Add the audit rule to {{ audit_file }}] ***
skipping: [localhost]

TASK [/stigforge/roles/rhel10_stig : Declare list of syscalls] *****************
skipping: [localhost]

TASK [/stigforge/roles/rhel10_stig : Check existence of fchownat in /etc/audit/rules.d/] ***
skipping: [localhost]

TASK [/stigforge/roles/rhel10_stig : Reset syscalls found per file] ************
skipping: [localhost]

TASK [/stigforge/roles/rhel10_stig : Declare syscalls found per file] **********
skipping: [localhost]

TASK [/stigforge/roles/rhel10_stig : Declare files where syscalls were found] ***
skipping: [localhost]

TASK [/stigforge/roles/rhel10_stig : Count occurrences of syscalls in paths] ***
skipping: [localhost]

TASK [/stigforge/roles/rhel10_stig : Get path with most syscalls] **************
skipping: [localhost]

TASK [/stigforge/roles/rhel10_stig : No file with syscall found, set path to /etc/audit/rules.d/perm_mod.rules] ***
skipping: [localhost]

TASK [/stigforge/roles/rhel10_stig : Declare found syscalls] *******************
skipping: [localhost]

TASK [/stigforge/roles/rhel10_stig : Declare missing syscalls] *****************
skipping: [localhost]

TASK [/stigforge/roles/rhel10_stig : Replace the audit rule in {{ audit_file }}] ***
skipping: [localhost]

TASK [/stigforge/roles/rhel10_stig : Add the audit rule to {{ audit_file }}] ***
skipping: [localhost]

TASK [/stigforge/roles/rhel10_stig : Declare list of syscalls] *****************
skipping: [localhost]

TASK [/stigforge/roles/rhel10_stig : Check existence of fchownat in /etc/audit/audit.rules] ***
skipping: [localhost]

TASK [/stigforge/roles/rhel10_stig : Set path to /etc/audit/audit.rules] *******
skipping: [localhost]

TASK [/stigforge/roles/rhel10_stig : Declare found syscalls] *******************
skipping: [localhost]

TASK [/stigforge/roles/rhel10_stig : Declare missing syscalls] *****************
skipping: [localhost]

TASK [/stigforge/roles/rhel10_stig : Replace the audit rule in {{ audit_file }}] ***
skipping: [localhost]

TASK [/stigforge/roles/rhel10_stig : Add the audit rule to {{ audit_file }}] ***
skipping: [localhost]

TASK [/stigforge/roles/rhel10_stig : Set architecture for audit fremovexattr tasks] ***
skipping: [localhost]

TASK [/stigforge/roles/rhel10_stig : Declare list of syscalls] *****************
skipping: [localhost]

TASK [/stigforge/roles/rhel10_stig : Check existence of fremovexattr in /etc/audit/rules.d/] ***
skipping: [localhost]

TASK [/stigforge/roles/rhel10_stig : Reset syscalls found per file] ************
skipping: [localhost]

TASK [/stigforge/roles/rhel10_stig : Declare syscalls found per file] **********
skipping: [localhost]

TASK [/stigforge/roles/rhel10_stig : Declare files where syscalls were found] ***
skipping: [localhost]

TASK [/stigforge/roles/rhel10_stig : Count occurrences of syscalls in paths] ***
skipping: [localhost]

TASK [/stigforge/roles/rhel10_stig : Get path with most syscalls] **************
skipping: [localhost]

TASK [/stigforge/roles/rhel10_stig : No file with syscall found, set path to /etc/audit/rules.d/perm_mod.rules] ***
skipping: [localhost]

TASK [/stigforge/roles/rhel10_stig : Declare found syscalls] *******************
skipping: [localhost]

TASK [/stigforge/roles/rhel10_stig : Declare missing syscalls] *****************
skipping: [localhost]

TASK [/stigforge/roles/rhel10_stig : Replace the audit rule in {{ audit_file }}] ***
skipping: [localhost]

TASK [/stigforge/roles/rhel10_stig : Add the audit rule to {{ audit_file }}] ***
skipping: [localhost]

TASK [/stigforge/roles/rhel10_stig : Declare list of syscalls] *****************
skipping: [localhost]

TASK [/stigforge/roles/rhel10_stig : Check existence of fremovexattr in /etc/audit/audit.rules] ***
skipping: [localhost]

TASK [/stigforge/roles/rhel10_stig : Set path to /etc/audit/audit.rules] *******
skipping: [localhost]

TASK [/stigforge/roles/rhel10_stig : Declare found syscalls] *******************
skipping: [localhost]

TASK [/stigforge/roles/rhel10_stig : Declare missing syscalls] *****************
skipping: [localhost]

TASK [/stigforge/roles/rhel10_stig : Replace the audit rule in {{ audit_file }}] ***
skipping: [localhost]

TASK [/stigforge/roles/rhel10_stig : Add the audit rule to {{ audit_file }}] ***
skipping: [localhost]

TASK [/stigforge/roles/rhel10_stig : Declare list of syscalls] *****************
skipping: [localhost]

TASK [/stigforge/roles/rhel10_stig : Check existence of fremovexattr in /etc/audit/rules.d/] ***
skipping: [localhost]

TASK [/stigforge/roles/rhel10_stig : Reset syscalls found per file] ************
skipping: [localhost]

TASK [/stigforge/roles/rhel10_stig : Declare syscalls found per file] **********
skipping: [localhost]

TASK [/stigforge/roles/rhel10_stig : Declare files where syscalls were found] ***
skipping: [localhost]

TASK [/stigforge/roles/rhel10_stig : Count occurrences of syscalls in paths] ***
skipping: [localhost]

TASK [/stigforge/roles/rhel10_stig : Get path with most syscalls] **************
skipping: [localhost]

TASK [/stigforge/roles/rhel10_stig : No file with syscall found, set path to /etc/audit/rules.d/perm_mod.rules] ***
skipping: [localhost]

TASK [/stigforge/roles/rhel10_stig : Declare found syscalls] *******************
skipping: [localhost]

TASK [/stigforge/roles/rhel10_stig : Declare missing syscalls] *****************
skipping: [localhost]

TASK [/stigforge/roles/rhel10_stig : Replace the audit rule in {{ audit_file }}] ***
skipping: [localhost]

TASK [/stigforge/roles/rhel10_stig : Add the audit rule to {{ audit_file }}] ***
skipping: [localhost]

TASK [/stigforge/roles/rhel10_stig : Declare list of syscalls] *****************
skipping: [localhost]

TASK [/stigforge/roles/rhel10_stig : Check existence of fremovexattr in /etc/audit/audit.rules] ***
skipping: [localhost]

TASK [/stigforge/roles/rhel10_stig : Set path to /etc/audit/audit.rules] *******
skipping: [localhost]

TASK [/stigforge/roles/rhel10_stig : Declare found syscalls] *******************
skipping: [localhost]

TASK [/stigforge/roles/rhel10_stig : Declare missing syscalls] *****************
skipping: [localhost]

TASK [/stigforge/roles/rhel10_stig : Replace the audit rule in {{ audit_file }}] ***
skipping: [localhost]

TASK [/stigforge/roles/rhel10_stig : Add the audit rule to {{ audit_file }}] ***
skipping: [localhost]

TASK [/stigforge/roles/rhel10_stig : Set architecture for audit fsetxattr tasks] ***
skipping: [localhost]

TASK [/stigforge/roles/rhel10_stig : Declare list of syscalls] *****************
skipping: [localhost]

TASK [/stigforge/roles/rhel10_stig : Check existence of fsetxattr in /etc/audit/rules.d/] ***
skipping: [localhost]

TASK [/stigforge/roles/rhel10_stig : Reset syscalls found per file] ************
skipping: [localhost]

TASK [/stigforge/roles/rhel10_stig : Declare syscalls found per file] **********
skipping: [localhost]

TASK [/stigforge/roles/rhel10_stig : Declare files where syscalls were found] ***
skipping: [localhost]

TASK [/stigforge/roles/rhel10_stig : Count occurrences of syscalls in paths] ***
skipping: [localhost]

TASK [/stigforge/roles/rhel10_stig : Get path with most syscalls] **************
skipping: [localhost]

TASK [/stigforge/roles/rhel10_stig : No file with syscall found, set path to /etc/audit/rules.d/perm_mod.rules] ***
skipping: [localhost]

TASK [/stigforge/roles/rhel10_stig : Declare found syscalls] *******************
skipping: [localhost]

TASK [/stigforge/roles/rhel10_stig : Declare missing syscalls] *****************
skipping: [localhost]

TASK [/stigforge/roles/rhel10_stig : Replace the audit rule in {{ audit_file }}] ***
skipping: [localhost]

TASK [/stigforge/roles/rhel10_stig : Add the audit rule to {{ audit_file }}] ***
skipping: [localhost]

TASK [/stigforge/roles/rhel10_stig : Declare list of syscalls] *****************
skipping: [localhost]

TASK [/stigforge/roles/rhel10_stig : Check existence of fsetxattr in /etc/audit/audit.rules] ***
skipping: [localhost]

TASK [/stigforge/roles/rhel10_stig : Set path to /etc/audit/audit.rules] *******
skipping: [localhost]

TASK [/stigforge/roles/rhel10_stig : Declare found syscalls] *******************
skipping: [localhost]

TASK [/stigforge/roles/rhel10_stig : Declare missing syscalls] *****************
skipping: [localhost]

TASK [/stigforge/roles/rhel10_stig : Replace the audit rule in {{ audit_file }}] ***
skipping: [localhost]

TASK [/stigforge/roles/rhel10_stig : Add the audit rule to {{ audit_file }}] ***
skipping: [localhost]

TASK [/stigforge/roles/rhel10_stig : Declare list of syscalls] *****************
skipping: [localhost]

TASK [/stigforge/roles/rhel10_stig : Check existence of fsetxattr in /etc/audit/rules.d/] ***
skipping: [localhost]

TASK [/stigforge/roles/rhel10_stig : Reset syscalls found per file] ************
skipping: [localhost]

TASK [/stigforge/roles/rhel10_stig : Declare syscalls found per file] **********
skipping: [localhost]

TASK [/stigforge/roles/rhel10_stig : Declare files where syscalls were found] ***
skipping: [localhost]

TASK [/stigforge/roles/rhel10_stig : Count occurrences of syscalls in paths] ***
skipping: [localhost]

TASK [/stigforge/roles/rhel10_stig : Get path with most syscalls] **************
skipping: [localhost]

TASK [/stigforge/roles/rhel10_stig : No file with syscall found, set path to /etc/audit/rules.d/perm_mod.rules] ***
skipping: [localhost]

TASK [/stigforge/roles/rhel10_stig : Declare found syscalls] *******************
skipping: [localhost]

TASK [/stigforge/roles/rhel10_stig : Declare missing syscalls] *****************
skipping: [localhost]

TASK [/stigforge/roles/rhel10_stig : Replace the audit rule in {{ audit_file }}] ***
skipping: [localhost]

TASK [/stigforge/roles/rhel10_stig : Add the audit rule to {{ audit_file }}] ***
skipping: [localhost]

TASK [/stigforge/roles/rhel10_stig : Declare list of syscalls] *****************
skipping: [localhost]

TASK [/stigforge/roles/rhel10_stig : Check existence of fsetxattr in /etc/audit/audit.rules] ***
skipping: [localhost]

TASK [/stigforge/roles/rhel10_stig : Set path to /etc/audit/audit.rules] *******
skipping: [localhost]

TASK [/stigforge/roles/rhel10_stig : Declare found syscalls] *******************
skipping: [localhost]

TASK [/stigforge/roles/rhel10_stig : Declare missing syscalls] *****************
skipping: [localhost]

TASK [/stigforge/roles/rhel10_stig : Replace the audit rule in {{ audit_file }}] ***
skipping: [localhost]

TASK [/stigforge/roles/rhel10_stig : Add the audit rule to {{ audit_file }}] ***
skipping: [localhost]

TASK [/stigforge/roles/rhel10_stig : Set architecture for audit lchown tasks] ***
skipping: [localhost]

TASK [/stigforge/roles/rhel10_stig : Declare list of syscalls] *****************
skipping: [localhost]

TASK [/stigforge/roles/rhel10_stig : Check existence of lchown in /etc/audit/rules.d/] ***
skipping: [localhost]

TASK [/stigforge/roles/rhel10_stig : Reset syscalls found per file] ************
skipping: [localhost]

TASK [/stigforge/roles/rhel10_stig : Declare syscalls found per file] **********
skipping: [localhost]

TASK [/stigforge/roles/rhel10_stig : Declare files where syscalls were found] ***
skipping: [localhost]

TASK [/stigforge/roles/rhel10_stig : Count occurrences of syscalls in paths] ***
skipping: [localhost]

TASK [/stigforge/roles/rhel10_stig : Get path with most syscalls] **************
skipping: [localhost]

TASK [/stigforge/roles/rhel10_stig : No file with syscall found, set path to /etc/audit/rules.d/perm_mod.rules] ***
skipping: [localhost]

TASK [/stigforge/roles/rhel10_stig : Declare found syscalls] *******************
skipping: [localhost]

TASK [/stigforge/roles/rhel10_stig : Declare missing syscalls] *****************
skipping: [localhost]

TASK [/stigforge/roles/rhel10_stig : Replace the audit rule in {{ audit_file }}] ***
skipping: [localhost]

TASK [/stigforge/roles/rhel10_stig : Add the audit rule to {{ audit_file }}] ***
skipping: [localhost]

TASK [/stigforge/roles/rhel10_stig : Declare list of syscalls] *****************
skipping: [localhost]

TASK [/stigforge/roles/rhel10_stig : Check existence of lchown in /etc/audit/audit.rules] ***
skipping: [localhost]

TASK [/stigforge/roles/rhel10_stig : Set path to /etc/audit/audit.rules] *******
skipping: [localhost]

TASK [/stigforge/roles/rhel10_stig : Declare found syscalls] *******************
skipping: [localhost]

TASK [/stigforge/roles/rhel10_stig : Declare missing syscalls] *****************
skipping: [localhost]

TASK [/stigforge/roles/rhel10_stig : Replace the audit rule in {{ audit_file }}] ***
skipping: [localhost]

TASK [/stigforge/roles/rhel10_stig : Add the audit rule to {{ audit_file }}] ***
skipping: [localhost]

TASK [/stigforge/roles/rhel10_stig : Declare list of syscalls] *****************
skipping: [localhost]

TASK [/stigforge/roles/rhel10_stig : Check existence of lchown in /etc/audit/rules.d/] ***
skipping: [localhost]

TASK [/stigforge/roles/rhel10_stig : Reset syscalls found per file] ************
skipping: [localhost]

TASK [/stigforge/roles/rhel10_stig : Declare syscalls found per file] **********
skipping: [localhost]

TASK [/stigforge/roles/rhel10_stig : Declare files where syscalls were found] ***
skipping: [localhost]

TASK [/stigforge/roles/rhel10_stig : Count occurrences of syscalls in paths] ***
skipping: [localhost]

TASK [/stigforge/roles/rhel10_stig : Get path with most syscalls] **************
skipping: [localhost]

TASK [/stigforge/roles/rhel10_stig : No file with syscall found, set path to /etc/audit/rules.d/perm_mod.rules] ***
skipping: [localhost]

TASK [/stigforge/roles/rhel10_stig : Declare found syscalls] *******************
skipping: [localhost]

TASK [/stigforge/roles/rhel10_stig : Declare missing syscalls] *****************
skipping: [localhost]

TASK [/stigforge/roles/rhel10_stig : Replace the audit rule in {{ audit_file }}] ***
skipping: [localhost]

TASK [/stigforge/roles/rhel10_stig : Add the audit rule to {{ audit_file }}] ***
skipping: [localhost]

TASK [/stigforge/roles/rhel10_stig : Declare list of syscalls] *****************
skipping: [localhost]

TASK [/stigforge/roles/rhel10_stig : Check existence of lchown in /etc/audit/audit.rules] ***
skipping: [localhost]

TASK [/stigforge/roles/rhel10_stig : Set path to /etc/audit/audit.rules] *******
skipping: [localhost]

TASK [/stigforge/roles/rhel10_stig : Declare found syscalls] *******************
skipping: [localhost]

TASK [/stigforge/roles/rhel10_stig : Declare missing syscalls] *****************
skipping: [localhost]

TASK [/stigforge/roles/rhel10_stig : Replace the audit rule in {{ audit_file }}] ***
skipping: [localhost]

TASK [/stigforge/roles/rhel10_stig : Add the audit rule to {{ audit_file }}] ***
skipping: [localhost]

TASK [/stigforge/roles/rhel10_stig : Set architecture for audit lremovexattr tasks] ***
skipping: [localhost]

TASK [/stigforge/roles/rhel10_stig : Declare list of syscalls] *****************
skipping: [localhost]

TASK [/stigforge/roles/rhel10_stig : Check existence of lremovexattr in /etc/audit/rules.d/] ***
skipping: [localhost]

TASK [/stigforge/roles/rhel10_stig : Reset syscalls found per file] ************
skipping: [localhost]

TASK [/stigforge/roles/rhel10_stig : Declare syscalls found per file] **********
skipping: [localhost]

TASK [/stigforge/roles/rhel10_stig : Declare files where syscalls were found] ***
skipping: [localhost]

TASK [/stigforge/roles/rhel10_stig : Count occurrences of syscalls in paths] ***
skipping: [localhost]

TASK [/stigforge/roles/rhel10_stig : Get path with most syscalls] **************
skipping: [localhost]

TASK [/stigforge/roles/rhel10_stig : No file with syscall found, set path to /etc/audit/rules.d/perm_mod.rules] ***
skipping: [localhost]

TASK [/stigforge/roles/rhel10_stig : Declare found syscalls] *******************
skipping: [localhost]

TASK [/stigforge/roles/rhel10_stig : Declare missing syscalls] *****************
skipping: [localhost]

TASK [/stigforge/roles/rhel10_stig : Replace the audit rule in {{ audit_file }}] ***
skipping: [localhost]

TASK [/stigforge/roles/rhel10_stig : Add the audit rule to {{ audit_file }}] ***
skipping: [localhost]

TASK [/stigforge/roles/rhel10_stig : Declare list of syscalls] *****************
skipping: [localhost]

TASK [/stigforge/roles/rhel10_stig : Check existence of lremovexattr in /etc/audit/audit.rules] ***
skipping: [localhost]

TASK [/stigforge/roles/rhel10_stig : Set path to /etc/audit/audit.rules] *******
skipping: [localhost]

TASK [/stigforge/roles/rhel10_stig : Declare found syscalls] *******************
skipping: [localhost]

TASK [/stigforge/roles/rhel10_stig : Declare missing syscalls] *****************
skipping: [localhost]

TASK [/stigforge/roles/rhel10_stig : Replace the audit rule in {{ audit_file }}] ***
skipping: [localhost]

TASK [/stigforge/roles/rhel10_stig : Add the audit rule to {{ audit_file }}] ***
skipping: [localhost]

TASK [/stigforge/roles/rhel10_stig : Declare list of syscalls] *****************
skipping: [localhost]

TASK [/stigforge/roles/rhel10_stig : Check existence of lremovexattr in /etc/audit/rules.d/] ***
skipping: [localhost]

TASK [/stigforge/roles/rhel10_stig : Reset syscalls found per file] ************
skipping: [localhost]

TASK [/stigforge/roles/rhel10_stig : Declare syscalls found per file] **********
skipping: [localhost]

TASK [/stigforge/roles/rhel10_stig : Declare files where syscalls were found] ***
skipping: [localhost]

TASK [/stigforge/roles/rhel10_stig : Count occurrences of syscalls in paths] ***
skipping: [localhost]

TASK [/stigforge/roles/rhel10_stig : Get path with most syscalls] **************
skipping: [localhost]

TASK [/stigforge/roles/rhel10_stig : No file with syscall found, set path to /etc/audit/rules.d/perm_mod.rules] ***
skipping: [localhost]

TASK [/stigforge/roles/rhel10_stig : Declare found syscalls] *******************
skipping: [localhost]

TASK [/stigforge/roles/rhel10_stig : Declare missing syscalls] *****************
skipping: [localhost]

TASK [/stigforge/roles/rhel10_stig : Replace the audit rule in {{ audit_file }}] ***
skipping: [localhost]

TASK [/stigforge/roles/rhel10_stig : Add the audit rule to {{ audit_file }}] ***
skipping: [localhost]

TASK [/stigforge/roles/rhel10_stig : Declare list of syscalls] *****************
skipping: [localhost]

TASK [/stigforge/roles/rhel10_stig : Check existence of lremovexattr in /etc/audit/audit.rules] ***
skipping: [localhost]

TASK [/stigforge/roles/rhel10_stig : Set path to /etc/audit/audit.rules] *******
skipping: [localhost]

TASK [/stigforge/roles/rhel10_stig : Declare found syscalls] *******************
skipping: [localhost]

TASK [/stigforge/roles/rhel10_stig : Declare missing syscalls] *****************
skipping: [localhost]

TASK [/stigforge/roles/rhel10_stig : Replace the audit rule in {{ audit_file }}] ***
skipping: [localhost]

TASK [/stigforge/roles/rhel10_stig : Add the audit rule to {{ audit_file }}] ***
skipping: [localhost]

TASK [/stigforge/roles/rhel10_stig : Set architecture for audit lsetxattr tasks] ***
skipping: [localhost]

TASK [/stigforge/roles/rhel10_stig : Declare list of syscalls] *****************
skipping: [localhost]

TASK [/stigforge/roles/rhel10_stig : Check existence of lsetxattr in /etc/audit/rules.d/] ***
skipping: [localhost]

TASK [/stigforge/roles/rhel10_stig : Reset syscalls found per file] ************
skipping: [localhost]

TASK [/stigforge/roles/rhel10_stig : Declare syscalls found per file] **********
skipping: [localhost]

TASK [/stigforge/roles/rhel10_stig : Declare files where syscalls were found] ***
skipping: [localhost]

TASK [/stigforge/roles/rhel10_stig : Count occurrences of syscalls in paths] ***
skipping: [localhost]

TASK [/stigforge/roles/rhel10_stig : Get path with most syscalls] **************
skipping: [localhost]

TASK [/stigforge/roles/rhel10_stig : No file with syscall found, set path to /etc/audit/rules.d/perm_mod.rules] ***
skipping: [localhost]

TASK [/stigforge/roles/rhel10_stig : Declare found syscalls] *******************
skipping: [localhost]

TASK [/stigforge/roles/rhel10_stig : Declare missing syscalls] *****************
skipping: [localhost]

TASK [/stigforge/roles/rhel10_stig : Replace the audit rule in {{ audit_file }}] ***
skipping: [localhost]

TASK [/stigforge/roles/rhel10_stig : Add the audit rule to {{ audit_file }}] ***
skipping: [localhost]

TASK [/stigforge/roles/rhel10_stig : Declare list of syscalls] *****************
skipping: [localhost]

TASK [/stigforge/roles/rhel10_stig : Check existence of lsetxattr in /etc/audit/audit.rules] ***
skipping: [localhost]

TASK [/stigforge/roles/rhel10_stig : Set path to /etc/audit/audit.rules] *******
skipping: [localhost]

TASK [/stigforge/roles/rhel10_stig : Declare found syscalls] *******************
skipping: [localhost]

TASK [/stigforge/roles/rhel10_stig : Declare missing syscalls] *****************
skipping: [localhost]

TASK [/stigforge/roles/rhel10_stig : Replace the audit rule in {{ audit_file }}] ***
skipping: [localhost]

TASK [/stigforge/roles/rhel10_stig : Add the audit rule to {{ audit_file }}] ***
skipping: [localhost]

TASK [/stigforge/roles/rhel10_stig : Declare list of syscalls] *****************
skipping: [localhost]

TASK [/stigforge/roles/rhel10_stig : Check existence of lsetxattr in /etc/audit/rules.d/] ***
skipping: [localhost]

TASK [/stigforge/roles/rhel10_stig : Reset syscalls found per file] ************
skipping: [localhost]

TASK [/stigforge/roles/rhel10_stig : Declare syscalls found per file] **********
skipping: [localhost]

TASK [/stigforge/roles/rhel10_stig : Declare files where syscalls were found] ***
skipping: [localhost]

TASK [/stigforge/roles/rhel10_stig : Count occurrences of syscalls in paths] ***
skipping: [localhost]

TASK [/stigforge/roles/rhel10_stig : Get path with most syscalls] **************
skipping: [localhost]

TASK [/stigforge/roles/rhel10_stig : No file with syscall found, set path to /etc/audit/rules.d/perm_mod.rules] ***
skipping: [localhost]

TASK [/stigforge/roles/rhel10_stig : Declare found syscalls] *******************
skipping: [localhost]

TASK [/stigforge/roles/rhel10_stig : Declare missing syscalls] *****************
skipping: [localhost]

TASK [/stigforge/roles/rhel10_stig : Replace the audit rule in {{ audit_file }}] ***
skipping: [localhost]

TASK [/stigforge/roles/rhel10_stig : Add the audit rule to {{ audit_file }}] ***
skipping: [localhost]

TASK [/stigforge/roles/rhel10_stig : Declare list of syscalls] *****************
skipping: [localhost]

TASK [/stigforge/roles/rhel10_stig : Check existence of lsetxattr in /etc/audit/audit.rules] ***
skipping: [localhost]

TASK [/stigforge/roles/rhel10_stig : Set path to /etc/audit/audit.rules] *******
skipping: [localhost]

TASK [/stigforge/roles/rhel10_stig : Declare found syscalls] *******************
skipping: [localhost]

TASK [/stigforge/roles/rhel10_stig : Declare missing syscalls] *****************
skipping: [localhost]

TASK [/stigforge/roles/rhel10_stig : Replace the audit rule in {{ audit_file }}] ***
skipping: [localhost]

TASK [/stigforge/roles/rhel10_stig : Add the audit rule to {{ audit_file }}] ***
skipping: [localhost]

TASK [/stigforge/roles/rhel10_stig : Set architecture for audit removexattr tasks] ***
skipping: [localhost]

TASK [/stigforge/roles/rhel10_stig : Declare list of syscalls] *****************
skipping: [localhost]

TASK [/stigforge/roles/rhel10_stig : Check existence of removexattr in /etc/audit/rules.d/] ***
skipping: [localhost]

TASK [/stigforge/roles/rhel10_stig : Reset syscalls found per file] ************
skipping: [localhost]

TASK [/stigforge/roles/rhel10_stig : Declare syscalls found per file] **********
skipping: [localhost]

TASK [/stigforge/roles/rhel10_stig : Declare files where syscalls were found] ***
skipping: [localhost]

TASK [/stigforge/roles/rhel10_stig : Count occurrences of syscalls in paths] ***
skipping: [localhost]

TASK [/stigforge/roles/rhel10_stig : Get path with most syscalls] **************
skipping: [localhost]

TASK [/stigforge/roles/rhel10_stig : No file with syscall found, set path to /etc/audit/rules.d/perm_mod.rules] ***
skipping: [localhost]

TASK [/stigforge/roles/rhel10_stig : Declare found syscalls] *******************
skipping: [localhost]

TASK [/stigforge/roles/rhel10_stig : Declare missing syscalls] *****************
skipping: [localhost]

TASK [/stigforge/roles/rhel10_stig : Replace the audit rule in {{ audit_file }}] ***
skipping: [localhost]

TASK [/stigforge/roles/rhel10_stig : Add the audit rule to {{ audit_file }}] ***
skipping: [localhost]

TASK [/stigforge/roles/rhel10_stig : Declare list of syscalls] *****************
skipping: [localhost]

TASK [/stigforge/roles/rhel10_stig : Check existence of removexattr in /etc/audit/audit.rules] ***
skipping: [localhost]

TASK [/stigforge/roles/rhel10_stig : Set path to /etc/audit/audit.rules] *******
skipping: [localhost]

TASK [/stigforge/roles/rhel10_stig : Declare found syscalls] *******************
skipping: [localhost]

TASK [/stigforge/roles/rhel10_stig : Declare missing syscalls] *****************
skipping: [localhost]

TASK [/stigforge/roles/rhel10_stig : Replace the audit rule in {{ audit_file }}] ***
skipping: [localhost]

TASK [/stigforge/roles/rhel10_stig : Add the audit rule to {{ audit_file }}] ***
skipping: [localhost]

TASK [/stigforge/roles/rhel10_stig : Declare list of syscalls] *****************
skipping: [localhost]

TASK [/stigforge/roles/rhel10_stig : Check existence of removexattr in /etc/audit/rules.d/] ***
skipping: [localhost]

TASK [/stigforge/roles/rhel10_stig : Reset syscalls found per file] ************
skipping: [localhost]

TASK [/stigforge/roles/rhel10_stig : Declare syscalls found per file] **********
skipping: [localhost]

TASK [/stigforge/roles/rhel10_stig : Declare files where syscalls were found] ***
skipping: [localhost]

TASK [/stigforge/roles/rhel10_stig : Count occurrences of syscalls in paths] ***
skipping: [localhost]

TASK [/stigforge/roles/rhel10_stig : Get path with most syscalls] **************
skipping: [localhost]

TASK [/stigforge/roles/rhel10_stig : No file with syscall found, set path to /etc/audit/rules.d/perm_mod.rules] ***
skipping: [localhost]

TASK [/stigforge/roles/rhel10_stig : Declare found syscalls] *******************
skipping: [localhost]

TASK [/stigforge/roles/rhel10_stig : Declare missing syscalls] *****************
skipping: [localhost]

TASK [/stigforge/roles/rhel10_stig : Replace the audit rule in {{ audit_file }}] ***
skipping: [localhost]

TASK [/stigforge/roles/rhel10_stig : Add the audit rule to {{ audit_file }}] ***
skipping: [localhost]

TASK [/stigforge/roles/rhel10_stig : Declare list of syscalls] *****************
skipping: [localhost]

TASK [/stigforge/roles/rhel10_stig : Check existence of removexattr in /etc/audit/audit.rules] ***
skipping: [localhost]

TASK [/stigforge/roles/rhel10_stig : Set path to /etc/audit/audit.rules] *******
skipping: [localhost]

TASK [/stigforge/roles/rhel10_stig : Declare found syscalls] *******************
skipping: [localhost]

TASK [/stigforge/roles/rhel10_stig : Declare missing syscalls] *****************
skipping: [localhost]

TASK [/stigforge/roles/rhel10_stig : Replace the audit rule in {{ audit_file }}] ***
skipping: [localhost]

TASK [/stigforge/roles/rhel10_stig : Add the audit rule to {{ audit_file }}] ***
skipping: [localhost]

TASK [/stigforge/roles/rhel10_stig : Set architecture for audit setxattr tasks] ***
skipping: [localhost]

TASK [/stigforge/roles/rhel10_stig : Declare list of syscalls] *****************
skipping: [localhost]

TASK [/stigforge/roles/rhel10_stig : Check existence of setxattr in /etc/audit/rules.d/] ***
skipping: [localhost]

TASK [/stigforge/roles/rhel10_stig : Reset syscalls found per file] ************
skipping: [localhost]

TASK [/stigforge/roles/rhel10_stig : Declare syscalls found per file] **********
skipping: [localhost]

TASK [/stigforge/roles/rhel10_stig : Declare files where syscalls were found] ***
skipping: [localhost]

TASK [/stigforge/roles/rhel10_stig : Count occurrences of syscalls in paths] ***
skipping: [localhost]

TASK [/stigforge/roles/rhel10_stig : Get path with most syscalls] **************
skipping: [localhost]

TASK [/stigforge/roles/rhel10_stig : No file with syscall found, set path to /etc/audit/rules.d/perm_mod.rules] ***
skipping: [localhost]

TASK [/stigforge/roles/rhel10_stig : Declare found syscalls] *******************
skipping: [localhost]

TASK [/stigforge/roles/rhel10_stig : Declare missing syscalls] *****************
skipping: [localhost]

TASK [/stigforge/roles/rhel10_stig : Replace the audit rule in {{ audit_file }}] ***
skipping: [localhost]

TASK [/stigforge/roles/rhel10_stig : Add the audit rule to {{ audit_file }}] ***
skipping: [localhost]

TASK [/stigforge/roles/rhel10_stig : Declare list of syscalls] *****************
skipping: [localhost]

TASK [/stigforge/roles/rhel10_stig : Check existence of setxattr in /etc/audit/audit.rules] ***
skipping: [localhost]

TASK [/stigforge/roles/rhel10_stig : Set path to /etc/audit/audit.rules] *******
skipping: [localhost]

TASK [/stigforge/roles/rhel10_stig : Declare found syscalls] *******************
skipping: [localhost]

TASK [/stigforge/roles/rhel10_stig : Declare missing syscalls] *****************
skipping: [localhost]

TASK [/stigforge/roles/rhel10_stig : Replace the audit rule in {{ audit_file }}] ***
skipping: [localhost]

TASK [/stigforge/roles/rhel10_stig : Add the audit rule to {{ audit_file }}] ***
skipping: [localhost]

TASK [/stigforge/roles/rhel10_stig : Declare list of syscalls] *****************
skipping: [localhost]

TASK [/stigforge/roles/rhel10_stig : Check existence of setxattr in /etc/audit/rules.d/] ***
skipping: [localhost]

TASK [/stigforge/roles/rhel10_stig : Reset syscalls found per file] ************
skipping: [localhost]

TASK [/stigforge/roles/rhel10_stig : Declare syscalls found per file] **********
skipping: [localhost]

TASK [/stigforge/roles/rhel10_stig : Declare files where syscalls were found] ***
skipping: [localhost]

TASK [/stigforge/roles/rhel10_stig : Count occurrences of syscalls in paths] ***
skipping: [localhost]

TASK [/stigforge/roles/rhel10_stig : Get path with most syscalls] **************
skipping: [localhost]

TASK [/stigforge/roles/rhel10_stig : No file with syscall found, set path to /etc/audit/rules.d/perm_mod.rules] ***
skipping: [localhost]

TASK [/stigforge/roles/rhel10_stig : Declare found syscalls] *******************
skipping: [localhost]

TASK [/stigforge/roles/rhel10_stig : Declare missing syscalls] *****************
skipping: [localhost]

TASK [/stigforge/roles/rhel10_stig : Replace the audit rule in {{ audit_file }}] ***
skipping: [localhost]

TASK [/stigforge/roles/rhel10_stig : Add the audit rule to {{ audit_file }}] ***
skipping: [localhost]

TASK [/stigforge/roles/rhel10_stig : Declare list of syscalls] *****************
skipping: [localhost]

TASK [/stigforge/roles/rhel10_stig : Check existence of setxattr in /etc/audit/audit.rules] ***
skipping: [localhost]

TASK [/stigforge/roles/rhel10_stig : Set path to /etc/audit/audit.rules] *******
skipping: [localhost]

TASK [/stigforge/roles/rhel10_stig : Declare found syscalls] *******************
skipping: [localhost]

TASK [/stigforge/roles/rhel10_stig : Declare missing syscalls] *****************
skipping: [localhost]

TASK [/stigforge/roles/rhel10_stig : Replace the audit rule in {{ audit_file }}] ***
skipping: [localhost]

TASK [/stigforge/roles/rhel10_stig : Add the audit rule to {{ audit_file }}] ***
skipping: [localhost]

TASK [/stigforge/roles/rhel10_stig : Declare list of syscalls] *****************
skipping: [localhost]

TASK [/stigforge/roles/rhel10_stig : Check existence of umount in /etc/audit/rules.d/] ***
skipping: [localhost]

TASK [/stigforge/roles/rhel10_stig : Reset syscalls found per file] ************
skipping: [localhost]

TASK [/stigforge/roles/rhel10_stig : Declare syscalls found per file] **********
skipping: [localhost]

TASK [/stigforge/roles/rhel10_stig : Declare files where syscalls were found] ***
skipping: [localhost]

TASK [/stigforge/roles/rhel10_stig : Count occurrences of syscalls in paths] ***
skipping: [localhost]

TASK [/stigforge/roles/rhel10_stig : Get path with most syscalls] **************
skipping: [localhost]

TASK [/stigforge/roles/rhel10_stig : No file with syscall found, set path to /etc/audit/rules.d/perm_mod.rules] ***
skipping: [localhost]

TASK [/stigforge/roles/rhel10_stig : Declare found syscalls] *******************
skipping: [localhost]

TASK [/stigforge/roles/rhel10_stig : Declare missing syscalls] *****************
skipping: [localhost]

TASK [/stigforge/roles/rhel10_stig : Replace the audit rule in {{ audit_file }}] ***
skipping: [localhost]

TASK [/stigforge/roles/rhel10_stig : Add the audit rule to {{ audit_file }}] ***
skipping: [localhost]

TASK [/stigforge/roles/rhel10_stig : Declare list of syscalls] *****************
skipping: [localhost]

TASK [/stigforge/roles/rhel10_stig : Check existence of umount in /etc/audit/audit.rules] ***
skipping: [localhost]

TASK [/stigforge/roles/rhel10_stig : Set path to /etc/audit/audit.rules] *******
skipping: [localhost]

TASK [/stigforge/roles/rhel10_stig : Declare found syscalls] *******************
skipping: [localhost]

TASK [/stigforge/roles/rhel10_stig : Declare missing syscalls] *****************
skipping: [localhost]

TASK [/stigforge/roles/rhel10_stig : Replace the audit rule in {{ audit_file }}] ***
skipping: [localhost]

TASK [/stigforge/roles/rhel10_stig : Add the audit rule to {{ audit_file }}] ***
skipping: [localhost]

TASK [/stigforge/roles/rhel10_stig : Set architecture for audit umount2 tasks] ***
skipping: [localhost]

TASK [/stigforge/roles/rhel10_stig : Declare list of syscalls] *****************
skipping: [localhost]

TASK [/stigforge/roles/rhel10_stig : Check existence of umount2 in /etc/audit/rules.d/] ***
skipping: [localhost]

TASK [/stigforge/roles/rhel10_stig : Reset syscalls found per file] ************
skipping: [localhost]

TASK [/stigforge/roles/rhel10_stig : Declare syscalls found per file] **********
skipping: [localhost]

TASK [/stigforge/roles/rhel10_stig : Declare files where syscalls were found] ***
skipping: [localhost]

TASK [/stigforge/roles/rhel10_stig : Count occurrences of syscalls in paths] ***
skipping: [localhost]

TASK [/stigforge/roles/rhel10_stig : Get path with most syscalls] **************
skipping: [localhost]

TASK [/stigforge/roles/rhel10_stig : No file with syscall found, set path to /etc/audit/rules.d/perm_mod.rules] ***
skipping: [localhost]

TASK [/stigforge/roles/rhel10_stig : Declare found syscalls] *******************
skipping: [localhost]

TASK [/stigforge/roles/rhel10_stig : Declare missing syscalls] *****************
skipping: [localhost]

TASK [/stigforge/roles/rhel10_stig : Replace the audit rule in {{ audit_file }}] ***
skipping: [localhost]

TASK [/stigforge/roles/rhel10_stig : Add the audit rule to {{ audit_file }}] ***
skipping: [localhost]

TASK [/stigforge/roles/rhel10_stig : Declare list of syscalls] *****************
skipping: [localhost]

TASK [/stigforge/roles/rhel10_stig : Check existence of umount2 in /etc/audit/audit.rules] ***
skipping: [localhost]

TASK [/stigforge/roles/rhel10_stig : Set path to /etc/audit/audit.rules] *******
skipping: [localhost]

TASK [/stigforge/roles/rhel10_stig : Declare found syscalls] *******************
skipping: [localhost]

TASK [/stigforge/roles/rhel10_stig : Declare missing syscalls] *****************
skipping: [localhost]

TASK [/stigforge/roles/rhel10_stig : Replace the audit rule in {{ audit_file }}] ***
skipping: [localhost]

TASK [/stigforge/roles/rhel10_stig : Add the audit rule to {{ audit_file }}] ***
skipping: [localhost]

TASK [/stigforge/roles/rhel10_stig : Declare list of syscalls] *****************
skipping: [localhost]

TASK [/stigforge/roles/rhel10_stig : Check existence of umount2 in /etc/audit/rules.d/] ***
skipping: [localhost]

TASK [/stigforge/roles/rhel10_stig : Reset syscalls found per file] ************
skipping: [localhost]

TASK [/stigforge/roles/rhel10_stig : Declare syscalls found per file] **********
skipping: [localhost]

TASK [/stigforge/roles/rhel10_stig : Declare files where syscalls were found] ***
skipping: [localhost]

TASK [/stigforge/roles/rhel10_stig : Count occurrences of syscalls in paths] ***
skipping: [localhost]

TASK [/stigforge/roles/rhel10_stig : Get path with most syscalls] **************
skipping: [localhost]

TASK [/stigforge/roles/rhel10_stig : No file with syscall found, set path to /etc/audit/rules.d/perm_mod.rules] ***
skipping: [localhost]

TASK [/stigforge/roles/rhel10_stig : Declare found syscalls] *******************
skipping: [localhost]

TASK [/stigforge/roles/rhel10_stig : Declare missing syscalls] *****************
skipping: [localhost]

TASK [/stigforge/roles/rhel10_stig : Replace the audit rule in {{ audit_file }}] ***
skipping: [localhost]

TASK [/stigforge/roles/rhel10_stig : Add the audit rule to {{ audit_file }}] ***
skipping: [localhost]

TASK [/stigforge/roles/rhel10_stig : Declare list of syscalls] *****************
skipping: [localhost]

TASK [/stigforge/roles/rhel10_stig : Check existence of umount2 in /etc/audit/audit.rules] ***
skipping: [localhost]

TASK [/stigforge/roles/rhel10_stig : Set path to /etc/audit/audit.rules] *******
skipping: [localhost]

TASK [/stigforge/roles/rhel10_stig : Declare found syscalls] *******************
skipping: [localhost]

TASK [/stigforge/roles/rhel10_stig : Declare missing syscalls] *****************
skipping: [localhost]

TASK [/stigforge/roles/rhel10_stig : Replace the audit rule in {{ audit_file }}] ***
skipping: [localhost]

TASK [/stigforge/roles/rhel10_stig : Add the audit rule to {{ audit_file }}] ***
skipping: [localhost]

TASK [/stigforge/roles/rhel10_stig : Record Any Attempts to Run chacl - Set architecture for audit /usr/bin/chacl] ***
skipping: [localhost]

TASK [/stigforge/roles/rhel10_stig : Declare list of syscalls] *****************
skipping: [localhost]

TASK [/stigforge/roles/rhel10_stig : Check existence of  in /etc/audit/rules.d/] ***
skipping: [localhost]

TASK [/stigforge/roles/rhel10_stig : Reset syscalls found per file] ************
skipping: [localhost]

TASK [/stigforge/roles/rhel10_stig : Declare syscalls found per file] **********
skipping: [localhost]

TASK [/stigforge/roles/rhel10_stig : Declare files where syscalls were found] ***
skipping: [localhost]

TASK [/stigforge/roles/rhel10_stig : Count occurrences of syscalls in paths] ***
skipping: [localhost]

TASK [/stigforge/roles/rhel10_stig : Get path with most syscalls] **************
skipping: [localhost]

TASK [/stigforge/roles/rhel10_stig : No file with syscall found, set path to /etc/audit/rules.d/privileged.rules] ***
skipping: [localhost]

TASK [/stigforge/roles/rhel10_stig : Declare found syscalls] *******************
skipping: [localhost]

TASK [/stigforge/roles/rhel10_stig : Declare missing syscalls] *****************
skipping: [localhost]

TASK [/stigforge/roles/rhel10_stig : Replace the audit rule in {{ audit_file }}] ***
skipping: [localhost]

TASK [/stigforge/roles/rhel10_stig : Add the audit rule to {{ audit_file }}] ***
skipping: [localhost]

TASK [/stigforge/roles/rhel10_stig : Declare list of syscalls] *****************
skipping: [localhost]

TASK [/stigforge/roles/rhel10_stig : Check existence of  in /etc/audit/audit.rules] ***
skipping: [localhost]

TASK [/stigforge/roles/rhel10_stig : Set path to /etc/audit/audit.rules] *******
skipping: [localhost]

TASK [/stigforge/roles/rhel10_stig : Declare found syscalls] *******************
skipping: [localhost]

TASK [/stigforge/roles/rhel10_stig : Declare missing syscalls] *****************
skipping: [localhost]

TASK [/stigforge/roles/rhel10_stig : Replace the audit rule in {{ audit_file }}] ***
skipping: [localhost]

TASK [/stigforge/roles/rhel10_stig : Add the audit rule to {{ audit_file }}] ***
skipping: [localhost]

TASK [/stigforge/roles/rhel10_stig : Declare list of syscalls] *****************
skipping: [localhost]

TASK [/stigforge/roles/rhel10_stig : Check existence of  in /etc/audit/rules.d/] ***
skipping: [localhost]

TASK [/stigforge/roles/rhel10_stig : Reset syscalls found per file] ************
skipping: [localhost]

TASK [/stigforge/roles/rhel10_stig : Declare syscalls found per file] **********
skipping: [localhost]

TASK [/stigforge/roles/rhel10_stig : Declare files where syscalls were found] ***
skipping: [localhost]

TASK [/stigforge/roles/rhel10_stig : Count occurrences of syscalls in paths] ***
skipping: [localhost]

TASK [/stigforge/roles/rhel10_stig : Get path with most syscalls] **************
skipping: [localhost]

TASK [/stigforge/roles/rhel10_stig : No file with syscall found, set path to /etc/audit/rules.d/privileged.rules] ***
skipping: [localhost]

TASK [/stigforge/roles/rhel10_stig : Declare found syscalls] *******************
skipping: [localhost]

TASK [/stigforge/roles/rhel10_stig : Declare missing syscalls] *****************
skipping: [localhost]

TASK [/stigforge/roles/rhel10_stig : Replace the audit rule in {{ audit_file }}] ***
skipping: [localhost]

TASK [/stigforge/roles/rhel10_stig : Add the audit rule to {{ audit_file }}] ***
skipping: [localhost]

TASK [/stigforge/roles/rhel10_stig : Declare list of syscalls] *****************
skipping: [localhost]

TASK [/stigforge/roles/rhel10_stig : Check existence of  in /etc/audit/audit.rules] ***
skipping: [localhost]

TASK [/stigforge/roles/rhel10_stig : Set path to /etc/audit/audit.rules] *******
skipping: [localhost]

TASK [/stigforge/roles/rhel10_stig : Declare found syscalls] *******************
skipping: [localhost]

TASK [/stigforge/roles/rhel10_stig : Declare missing syscalls] *****************
skipping: [localhost]

TASK [/stigforge/roles/rhel10_stig : Replace the audit rule in {{ audit_file }}] ***
skipping: [localhost]

TASK [/stigforge/roles/rhel10_stig : Add the audit rule to {{ audit_file }}] ***
skipping: [localhost]

TASK [/stigforge/roles/rhel10_stig : Record Any Attempts to Run setfacl - Set architecture for audit /usr/bin/setfacl] ***
skipping: [localhost]

TASK [/stigforge/roles/rhel10_stig : Declare list of syscalls] *****************
skipping: [localhost]

TASK [/stigforge/roles/rhel10_stig : Check existence of  in /etc/audit/rules.d/] ***
skipping: [localhost]

TASK [/stigforge/roles/rhel10_stig : Reset syscalls found per file] ************
skipping: [localhost]

TASK [/stigforge/roles/rhel10_stig : Declare syscalls found per file] **********
skipping: [localhost]

TASK [/stigforge/roles/rhel10_stig : Declare files where syscalls were found] ***
skipping: [localhost]

TASK [/stigforge/roles/rhel10_stig : Count occurrences of syscalls in paths] ***
skipping: [localhost]

TASK [/stigforge/roles/rhel10_stig : Get path with most syscalls] **************
skipping: [localhost]

TASK [/stigforge/roles/rhel10_stig : No file with syscall found, set path to /etc/audit/rules.d/privileged.rules] ***
skipping: [localhost]

TASK [/stigforge/roles/rhel10_stig : Declare found syscalls] *******************
skipping: [localhost]

TASK [/stigforge/roles/rhel10_stig : Declare missing syscalls] *****************
skipping: [localhost]

TASK [/stigforge/roles/rhel10_stig : Replace the audit rule in {{ audit_file }}] ***
skipping: [localhost]

TASK [/stigforge/roles/rhel10_stig : Add the audit rule to {{ audit_file }}] ***
skipping: [localhost]

TASK [/stigforge/roles/rhel10_stig : Declare list of syscalls] *****************
skipping: [localhost]

TASK [/stigforge/roles/rhel10_stig : Check existence of  in /etc/audit/audit.rules] ***
skipping: [localhost]

TASK [/stigforge/roles/rhel10_stig : Set path to /etc/audit/audit.rules] *******
skipping: [localhost]

TASK [/stigforge/roles/rhel10_stig : Declare found syscalls] *******************
skipping: [localhost]

TASK [/stigforge/roles/rhel10_stig : Declare missing syscalls] *****************
skipping: [localhost]

TASK [/stigforge/roles/rhel10_stig : Replace the audit rule in {{ audit_file }}] ***
skipping: [localhost]

TASK [/stigforge/roles/rhel10_stig : Add the audit rule to {{ audit_file }}] ***
skipping: [localhost]

TASK [/stigforge/roles/rhel10_stig : Declare list of syscalls] *****************
skipping: [localhost]

TASK [/stigforge/roles/rhel10_stig : Check existence of  in /etc/audit/rules.d/] ***
skipping: [localhost]

TASK [/stigforge/roles/rhel10_stig : Reset syscalls found per file] ************
skipping: [localhost]

TASK [/stigforge/roles/rhel10_stig : Declare syscalls found per file] **********
skipping: [localhost]

TASK [/stigforge/roles/rhel10_stig : Declare files where syscalls were found] ***
skipping: [localhost]

TASK [/stigforge/roles/rhel10_stig : Count occurrences of syscalls in paths] ***
skipping: [localhost]

TASK [/stigforge/roles/rhel10_stig : Get path with most syscalls] **************
skipping: [localhost]

TASK [/stigforge/roles/rhel10_stig : No file with syscall found, set path to /etc/audit/rules.d/privileged.rules] ***
skipping: [localhost]

TASK [/stigforge/roles/rhel10_stig : Declare found syscalls] *******************
skipping: [localhost]

TASK [/stigforge/roles/rhel10_stig : Declare missing syscalls] *****************
skipping: [localhost]

TASK [/stigforge/roles/rhel10_stig : Replace the audit rule in {{ audit_file }}] ***
skipping: [localhost]

TASK [/stigforge/roles/rhel10_stig : Add the audit rule to {{ audit_file }}] ***
skipping: [localhost]

TASK [/stigforge/roles/rhel10_stig : Declare list of syscalls] *****************
skipping: [localhost]

TASK [/stigforge/roles/rhel10_stig : Check existence of  in /etc/audit/audit.rules] ***
skipping: [localhost]

TASK [/stigforge/roles/rhel10_stig : Set path to /etc/audit/audit.rules] *******
skipping: [localhost]

TASK [/stigforge/roles/rhel10_stig : Declare found syscalls] *******************
skipping: [localhost]

TASK [/stigforge/roles/rhel10_stig : Declare missing syscalls] *****************
skipping: [localhost]

TASK [/stigforge/roles/rhel10_stig : Replace the audit rule in {{ audit_file }}] ***
skipping: [localhost]

TASK [/stigforge/roles/rhel10_stig : Add the audit rule to {{ audit_file }}] ***
skipping: [localhost]

TASK [/stigforge/roles/rhel10_stig : Record Any Attempts to Run chcon - Set architecture for audit /usr/bin/chcon] ***
skipping: [localhost]

TASK [/stigforge/roles/rhel10_stig : Declare list of syscalls] *****************
skipping: [localhost]

TASK [/stigforge/roles/rhel10_stig : Check existence of  in /etc/audit/rules.d/] ***
skipping: [localhost]

TASK [/stigforge/roles/rhel10_stig : Reset syscalls found per file] ************
skipping: [localhost]

TASK [/stigforge/roles/rhel10_stig : Declare syscalls found per file] **********
skipping: [localhost]

TASK [/stigforge/roles/rhel10_stig : Declare files where syscalls were found] ***
skipping: [localhost]

TASK [/stigforge/roles/rhel10_stig : Count occurrences of syscalls in paths] ***
skipping: [localhost]

TASK [/stigforge/roles/rhel10_stig : Get path with most syscalls] **************
skipping: [localhost]

TASK [/stigforge/roles/rhel10_stig : No file with syscall found, set path to /etc/audit/rules.d/privileged.rules] ***
skipping: [localhost]

TASK [/stigforge/roles/rhel10_stig : Declare found syscalls] *******************
skipping: [localhost]

TASK [/stigforge/roles/rhel10_stig : Declare missing syscalls] *****************
skipping: [localhost]

TASK [/stigforge/roles/rhel10_stig : Replace the audit rule in {{ audit_file }}] ***
skipping: [localhost]

TASK [/stigforge/roles/rhel10_stig : Add the audit rule to {{ audit_file }}] ***
skipping: [localhost]

TASK [/stigforge/roles/rhel10_stig : Declare list of syscalls] *****************
skipping: [localhost]

TASK [/stigforge/roles/rhel10_stig : Check existence of  in /etc/audit/audit.rules] ***
skipping: [localhost]

TASK [/stigforge/roles/rhel10_stig : Set path to /etc/audit/audit.rules] *******
skipping: [localhost]

TASK [/stigforge/roles/rhel10_stig : Declare found syscalls] *******************
skipping: [localhost]

TASK [/stigforge/roles/rhel10_stig : Declare missing syscalls] *****************
skipping: [localhost]

TASK [/stigforge/roles/rhel10_stig : Replace the audit rule in {{ audit_file }}] ***
skipping: [localhost]

TASK [/stigforge/roles/rhel10_stig : Add the audit rule to {{ audit_file }}] ***
skipping: [localhost]

TASK [/stigforge/roles/rhel10_stig : Declare list of syscalls] *****************
skipping: [localhost]

TASK [/stigforge/roles/rhel10_stig : Check existence of  in /etc/audit/rules.d/] ***
skipping: [localhost]

TASK [/stigforge/roles/rhel10_stig : Reset syscalls found per file] ************
skipping: [localhost]

TASK [/stigforge/roles/rhel10_stig : Declare syscalls found per file] **********
skipping: [localhost]

TASK [/stigforge/roles/rhel10_stig : Declare files where syscalls were found] ***
skipping: [localhost]

TASK [/stigforge/roles/rhel10_stig : Count occurrences of syscalls in paths] ***
skipping: [localhost]

TASK [/stigforge/roles/rhel10_stig : Get path with most syscalls] **************
skipping: [localhost]

TASK [/stigforge/roles/rhel10_stig : No file with syscall found, set path to /etc/audit/rules.d/privileged.rules] ***
skipping: [localhost]

TASK [/stigforge/roles/rhel10_stig : Declare found syscalls] *******************
skipping: [localhost]

TASK [/stigforge/roles/rhel10_stig : Declare missing syscalls] *****************
skipping: [localhost]

TASK [/stigforge/roles/rhel10_stig : Replace the audit rule in {{ audit_file }}] ***
skipping: [localhost]

TASK [/stigforge/roles/rhel10_stig : Add the audit rule to {{ audit_file }}] ***
skipping: [localhost]

TASK [/stigforge/roles/rhel10_stig : Declare list of syscalls] *****************
skipping: [localhost]

TASK [/stigforge/roles/rhel10_stig : Check existence of  in /etc/audit/audit.rules] ***
skipping: [localhost]

TASK [/stigforge/roles/rhel10_stig : Set path to /etc/audit/audit.rules] *******
skipping: [localhost]

TASK [/stigforge/roles/rhel10_stig : Declare found syscalls] *******************
skipping: [localhost]

TASK [/stigforge/roles/rhel10_stig : Declare missing syscalls] *****************
skipping: [localhost]

TASK [/stigforge/roles/rhel10_stig : Replace the audit rule in {{ audit_file }}] ***
skipping: [localhost]

TASK [/stigforge/roles/rhel10_stig : Add the audit rule to {{ audit_file }}] ***
skipping: [localhost]

TASK [/stigforge/roles/rhel10_stig : Record Any Attempts to Run semanage - Set architecture for audit /usr/sbin/semanage] ***
skipping: [localhost]

TASK [/stigforge/roles/rhel10_stig : Declare list of syscalls] *****************
skipping: [localhost]

TASK [/stigforge/roles/rhel10_stig : Check existence of  in /etc/audit/rules.d/] ***
skipping: [localhost]

TASK [/stigforge/roles/rhel10_stig : Reset syscalls found per file] ************
skipping: [localhost]

TASK [/stigforge/roles/rhel10_stig : Declare syscalls found per file] **********
skipping: [localhost]

TASK [/stigforge/roles/rhel10_stig : Declare files where syscalls were found] ***
skipping: [localhost]

TASK [/stigforge/roles/rhel10_stig : Count occurrences of syscalls in paths] ***
skipping: [localhost]

TASK [/stigforge/roles/rhel10_stig : Get path with most syscalls] **************
skipping: [localhost]

TASK [/stigforge/roles/rhel10_stig : No file with syscall found, set path to /etc/audit/rules.d/privileged.rules] ***
skipping: [localhost]

TASK [/stigforge/roles/rhel10_stig : Declare found syscalls] *******************
skipping: [localhost]

TASK [/stigforge/roles/rhel10_stig : Declare missing syscalls] *****************
skipping: [localhost]

TASK [/stigforge/roles/rhel10_stig : Replace the audit rule in {{ audit_file }}] ***
skipping: [localhost]

TASK [/stigforge/roles/rhel10_stig : Add the audit rule to {{ audit_file }}] ***
skipping: [localhost]

TASK [/stigforge/roles/rhel10_stig : Declare list of syscalls] *****************
skipping: [localhost]

TASK [/stigforge/roles/rhel10_stig : Check existence of  in /etc/audit/audit.rules] ***
skipping: [localhost]

TASK [/stigforge/roles/rhel10_stig : Set path to /etc/audit/audit.rules] *******
skipping: [localhost]

TASK [/stigforge/roles/rhel10_stig : Declare found syscalls] *******************
skipping: [localhost]

TASK [/stigforge/roles/rhel10_stig : Declare missing syscalls] *****************
skipping: [localhost]

TASK [/stigforge/roles/rhel10_stig : Replace the audit rule in {{ audit_file }}] ***
skipping: [localhost]

TASK [/stigforge/roles/rhel10_stig : Add the audit rule to {{ audit_file }}] ***
skipping: [localhost]

TASK [/stigforge/roles/rhel10_stig : Declare list of syscalls] *****************
skipping: [localhost]

TASK [/stigforge/roles/rhel10_stig : Check existence of  in /etc/audit/rules.d/] ***
skipping: [localhost]

TASK [/stigforge/roles/rhel10_stig : Reset syscalls found per file] ************
skipping: [localhost]

TASK [/stigforge/roles/rhel10_stig : Declare syscalls found per file] **********
skipping: [localhost]

TASK [/stigforge/roles/rhel10_stig : Declare files where syscalls were found] ***
skipping: [localhost]

TASK [/stigforge/roles/rhel10_stig : Count occurrences of syscalls in paths] ***
skipping: [localhost]

TASK [/stigforge/roles/rhel10_stig : Get path with most syscalls] **************
skipping: [localhost]

TASK [/stigforge/roles/rhel10_stig : No file with syscall found, set path to /etc/audit/rules.d/privileged.rules] ***
skipping: [localhost]

TASK [/stigforge/roles/rhel10_stig : Declare found syscalls] *******************
skipping: [localhost]

TASK [/stigforge/roles/rhel10_stig : Declare missing syscalls] *****************
skipping: [localhost]

TASK [/stigforge/roles/rhel10_stig : Replace the audit rule in {{ audit_file }}] ***
skipping: [localhost]

TASK [/stigforge/roles/rhel10_stig : Add the audit rule to {{ audit_file }}] ***
skipping: [localhost]

TASK [/stigforge/roles/rhel10_stig : Declare list of syscalls] *****************
skipping: [localhost]

TASK [/stigforge/roles/rhel10_stig : Check existence of  in /etc/audit/audit.rules] ***
skipping: [localhost]

TASK [/stigforge/roles/rhel10_stig : Set path to /etc/audit/audit.rules] *******
skipping: [localhost]

TASK [/stigforge/roles/rhel10_stig : Declare found syscalls] *******************
skipping: [localhost]

TASK [/stigforge/roles/rhel10_stig : Declare missing syscalls] *****************
skipping: [localhost]

TASK [/stigforge/roles/rhel10_stig : Replace the audit rule in {{ audit_file }}] ***
skipping: [localhost]

TASK [/stigforge/roles/rhel10_stig : Add the audit rule to {{ audit_file }}] ***
skipping: [localhost]

TASK [/stigforge/roles/rhel10_stig : Record Any Attempts to Run setfiles - Set architecture for audit /usr/sbin/setfiles] ***
skipping: [localhost]

TASK [/stigforge/roles/rhel10_stig : Declare list of syscalls] *****************
skipping: [localhost]

TASK [/stigforge/roles/rhel10_stig : Check existence of  in /etc/audit/rules.d/] ***
skipping: [localhost]

TASK [/stigforge/roles/rhel10_stig : Reset syscalls found per file] ************
skipping: [localhost]

TASK [/stigforge/roles/rhel10_stig : Declare syscalls found per file] **********
skipping: [localhost]

TASK [/stigforge/roles/rhel10_stig : Declare files where syscalls were found] ***
skipping: [localhost]

TASK [/stigforge/roles/rhel10_stig : Count occurrences of syscalls in paths] ***
skipping: [localhost]

TASK [/stigforge/roles/rhel10_stig : Get path with most syscalls] **************
skipping: [localhost]

TASK [/stigforge/roles/rhel10_stig : No file with syscall found, set path to /etc/audit/rules.d/privileged.rules] ***
skipping: [localhost]

TASK [/stigforge/roles/rhel10_stig : Declare found syscalls] *******************
skipping: [localhost]

TASK [/stigforge/roles/rhel10_stig : Declare missing syscalls] *****************
skipping: [localhost]

TASK [/stigforge/roles/rhel10_stig : Replace the audit rule in {{ audit_file }}] ***
skipping: [localhost]

TASK [/stigforge/roles/rhel10_stig : Add the audit rule to {{ audit_file }}] ***
skipping: [localhost]

TASK [/stigforge/roles/rhel10_stig : Declare list of syscalls] *****************
skipping: [localhost]

TASK [/stigforge/roles/rhel10_stig : Check existence of  in /etc/audit/audit.rules] ***
skipping: [localhost]

TASK [/stigforge/roles/rhel10_stig : Set path to /etc/audit/audit.rules] *******
skipping: [localhost]

TASK [/stigforge/roles/rhel10_stig : Declare found syscalls] *******************
skipping: [localhost]

TASK [/stigforge/roles/rhel10_stig : Declare missing syscalls] *****************
skipping: [localhost]

TASK [/stigforge/roles/rhel10_stig : Replace the audit rule in {{ audit_file }}] ***
skipping: [localhost]

TASK [/stigforge/roles/rhel10_stig : Add the audit rule to {{ audit_file }}] ***
skipping: [localhost]

TASK [/stigforge/roles/rhel10_stig : Declare list of syscalls] *****************
skipping: [localhost]

TASK [/stigforge/roles/rhel10_stig : Check existence of  in /etc/audit/rules.d/] ***
skipping: [localhost]

TASK [/stigforge/roles/rhel10_stig : Reset syscalls found per file] ************
skipping: [localhost]

TASK [/stigforge/roles/rhel10_stig : Declare syscalls found per file] **********
skipping: [localhost]

TASK [/stigforge/roles/rhel10_stig : Declare files where syscalls were found] ***
skipping: [localhost]

TASK [/stigforge/roles/rhel10_stig : Count occurrences of syscalls in paths] ***
skipping: [localhost]

TASK [/stigforge/roles/rhel10_stig : Get path with most syscalls] **************
skipping: [localhost]

TASK [/stigforge/roles/rhel10_stig : No file with syscall found, set path to /etc/audit/rules.d/privileged.rules] ***
skipping: [localhost]

TASK [/stigforge/roles/rhel10_stig : Declare found syscalls] *******************
skipping: [localhost]

TASK [/stigforge/roles/rhel10_stig : Declare missing syscalls] *****************
skipping: [localhost]

TASK [/stigforge/roles/rhel10_stig : Replace the audit rule in {{ audit_file }}] ***
skipping: [localhost]

TASK [/stigforge/roles/rhel10_stig : Add the audit rule to {{ audit_file }}] ***
skipping: [localhost]

TASK [/stigforge/roles/rhel10_stig : Declare list of syscalls] *****************
skipping: [localhost]

TASK [/stigforge/roles/rhel10_stig : Check existence of  in /etc/audit/audit.rules] ***
skipping: [localhost]

TASK [/stigforge/roles/rhel10_stig : Set path to /etc/audit/audit.rules] *******
skipping: [localhost]

TASK [/stigforge/roles/rhel10_stig : Declare found syscalls] *******************
skipping: [localhost]

TASK [/stigforge/roles/rhel10_stig : Declare missing syscalls] *****************
skipping: [localhost]

TASK [/stigforge/roles/rhel10_stig : Replace the audit rule in {{ audit_file }}] ***
skipping: [localhost]

TASK [/stigforge/roles/rhel10_stig : Add the audit rule to {{ audit_file }}] ***
skipping: [localhost]

TASK [/stigforge/roles/rhel10_stig : Record Any Attempts to Run setsebool - Set architecture for audit /usr/sbin/setsebool] ***
skipping: [localhost]

TASK [/stigforge/roles/rhel10_stig : Declare list of syscalls] *****************
skipping: [localhost]

TASK [/stigforge/roles/rhel10_stig : Check existence of  in /etc/audit/rules.d/] ***
skipping: [localhost]

TASK [/stigforge/roles/rhel10_stig : Reset syscalls found per file] ************
skipping: [localhost]

TASK [/stigforge/roles/rhel10_stig : Declare syscalls found per file] **********
skipping: [localhost]

TASK [/stigforge/roles/rhel10_stig : Declare files where syscalls were found] ***
skipping: [localhost]

TASK [/stigforge/roles/rhel10_stig : Count occurrences of syscalls in paths] ***
skipping: [localhost]

TASK [/stigforge/roles/rhel10_stig : Get path with most syscalls] **************
skipping: [localhost]

TASK [/stigforge/roles/rhel10_stig : No file with syscall found, set path to /etc/audit/rules.d/privileged.rules] ***
skipping: [localhost]

TASK [/stigforge/roles/rhel10_stig : Declare found syscalls] *******************
skipping: [localhost]

TASK [/stigforge/roles/rhel10_stig : Declare missing syscalls] *****************
skipping: [localhost]

TASK [/stigforge/roles/rhel10_stig : Replace the audit rule in {{ audit_file }}] ***
skipping: [localhost]

TASK [/stigforge/roles/rhel10_stig : Add the audit rule to {{ audit_file }}] ***
skipping: [localhost]

TASK [/stigforge/roles/rhel10_stig : Declare list of syscalls] *****************
skipping: [localhost]

TASK [/stigforge/roles/rhel10_stig : Check existence of  in /etc/audit/audit.rules] ***
skipping: [localhost]

TASK [/stigforge/roles/rhel10_stig : Set path to /etc/audit/audit.rules] *******
skipping: [localhost]

TASK [/stigforge/roles/rhel10_stig : Declare found syscalls] *******************
skipping: [localhost]

TASK [/stigforge/roles/rhel10_stig : Declare missing syscalls] *****************
skipping: [localhost]

TASK [/stigforge/roles/rhel10_stig : Replace the audit rule in {{ audit_file }}] ***
skipping: [localhost]

TASK [/stigforge/roles/rhel10_stig : Add the audit rule to {{ audit_file }}] ***
skipping: [localhost]

TASK [/stigforge/roles/rhel10_stig : Declare list of syscalls] *****************
skipping: [localhost]

TASK [/stigforge/roles/rhel10_stig : Check existence of  in /etc/audit/rules.d/] ***
skipping: [localhost]

TASK [/stigforge/roles/rhel10_stig : Reset syscalls found per file] ************
skipping: [localhost]

TASK [/stigforge/roles/rhel10_stig : Declare syscalls found per file] **********
skipping: [localhost]

TASK [/stigforge/roles/rhel10_stig : Declare files where syscalls were found] ***
skipping: [localhost]

TASK [/stigforge/roles/rhel10_stig : Count occurrences of syscalls in paths] ***
skipping: [localhost]

TASK [/stigforge/roles/rhel10_stig : Get path with most syscalls] **************
skipping: [localhost]

TASK [/stigforge/roles/rhel10_stig : No file with syscall found, set path to /etc/audit/rules.d/privileged.rules] ***
skipping: [localhost]

TASK [/stigforge/roles/rhel10_stig : Declare found syscalls] *******************
skipping: [localhost]

TASK [/stigforge/roles/rhel10_stig : Declare missing syscalls] *****************
skipping: [localhost]

TASK [/stigforge/roles/rhel10_stig : Replace the audit rule in {{ audit_file }}] ***
skipping: [localhost]

TASK [/stigforge/roles/rhel10_stig : Add the audit rule to {{ audit_file }}] ***
skipping: [localhost]

TASK [/stigforge/roles/rhel10_stig : Declare list of syscalls] *****************
skipping: [localhost]

TASK [/stigforge/roles/rhel10_stig : Check existence of  in /etc/audit/audit.rules] ***
skipping: [localhost]

TASK [/stigforge/roles/rhel10_stig : Set path to /etc/audit/audit.rules] *******
skipping: [localhost]

TASK [/stigforge/roles/rhel10_stig : Declare found syscalls] *******************
skipping: [localhost]

TASK [/stigforge/roles/rhel10_stig : Declare missing syscalls] *****************
skipping: [localhost]

TASK [/stigforge/roles/rhel10_stig : Replace the audit rule in {{ audit_file }}] ***
skipping: [localhost]

TASK [/stigforge/roles/rhel10_stig : Add the audit rule to {{ audit_file }}] ***
skipping: [localhost]

TASK [/stigforge/roles/rhel10_stig : Set architecture for audit rename tasks] ***
skipping: [localhost]

TASK [/stigforge/roles/rhel10_stig : Declare list of syscalls] *****************
skipping: [localhost]

TASK [/stigforge/roles/rhel10_stig : Check existence of rename in /etc/audit/rules.d/] ***
skipping: [localhost]

TASK [/stigforge/roles/rhel10_stig : Reset syscalls found per file] ************
skipping: [localhost]

TASK [/stigforge/roles/rhel10_stig : Declare syscalls found per file] **********
skipping: [localhost]

TASK [/stigforge/roles/rhel10_stig : Declare files where syscalls were found] ***
skipping: [localhost]

TASK [/stigforge/roles/rhel10_stig : Count occurrences of syscalls in paths] ***
skipping: [localhost]

TASK [/stigforge/roles/rhel10_stig : Get path with most syscalls] **************
skipping: [localhost]

TASK [/stigforge/roles/rhel10_stig : No file with syscall found, set path to /etc/audit/rules.d/delete.rules] ***
skipping: [localhost]

TASK [/stigforge/roles/rhel10_stig : Declare found syscalls] *******************
skipping: [localhost]

TASK [/stigforge/roles/rhel10_stig : Declare missing syscalls] *****************
skipping: [localhost]

TASK [/stigforge/roles/rhel10_stig : Replace the audit rule in {{ audit_file }}] ***
skipping: [localhost]

TASK [/stigforge/roles/rhel10_stig : Add the audit rule to {{ audit_file }}] ***
skipping: [localhost]

TASK [/stigforge/roles/rhel10_stig : Declare list of syscalls] *****************
skipping: [localhost]

TASK [/stigforge/roles/rhel10_stig : Check existence of rename in /etc/audit/audit.rules] ***
skipping: [localhost]

TASK [/stigforge/roles/rhel10_stig : Set path to /etc/audit/audit.rules] *******
skipping: [localhost]

TASK [/stigforge/roles/rhel10_stig : Declare found syscalls] *******************
skipping: [localhost]

TASK [/stigforge/roles/rhel10_stig : Declare missing syscalls] *****************
skipping: [localhost]

TASK [/stigforge/roles/rhel10_stig : Replace the audit rule in {{ audit_file }}] ***
skipping: [localhost]

TASK [/stigforge/roles/rhel10_stig : Add the audit rule to {{ audit_file }}] ***
skipping: [localhost]

TASK [/stigforge/roles/rhel10_stig : Declare list of syscalls] *****************
skipping: [localhost]

TASK [/stigforge/roles/rhel10_stig : Check existence of rename in /etc/audit/rules.d/] ***
skipping: [localhost]

TASK [/stigforge/roles/rhel10_stig : Reset syscalls found per file] ************
skipping: [localhost]

TASK [/stigforge/roles/rhel10_stig : Declare syscalls found per file] **********
skipping: [localhost]

TASK [/stigforge/roles/rhel10_stig : Declare files where syscalls were found] ***
skipping: [localhost]

TASK [/stigforge/roles/rhel10_stig : Count occurrences of syscalls in paths] ***
skipping: [localhost]

TASK [/stigforge/roles/rhel10_stig : Get path with most syscalls] **************
skipping: [localhost]

TASK [/stigforge/roles/rhel10_stig : No file with syscall found, set path to /etc/audit/rules.d/delete.rules] ***
skipping: [localhost]

TASK [/stigforge/roles/rhel10_stig : Declare found syscalls] *******************
skipping: [localhost]

TASK [/stigforge/roles/rhel10_stig : Declare missing syscalls] *****************
skipping: [localhost]

TASK [/stigforge/roles/rhel10_stig : Replace the audit rule in {{ audit_file }}] ***
skipping: [localhost]

TASK [/stigforge/roles/rhel10_stig : Add the audit rule to {{ audit_file }}] ***
skipping: [localhost]

TASK [/stigforge/roles/rhel10_stig : Declare list of syscalls] *****************
skipping: [localhost]

TASK [/stigforge/roles/rhel10_stig : Check existence of rename in /etc/audit/audit.rules] ***
skipping: [localhost]

TASK [/stigforge/roles/rhel10_stig : Set path to /etc/audit/audit.rules] *******
skipping: [localhost]

TASK [/stigforge/roles/rhel10_stig : Declare found syscalls] *******************
skipping: [localhost]

TASK [/stigforge/roles/rhel10_stig : Declare missing syscalls] *****************
skipping: [localhost]

TASK [/stigforge/roles/rhel10_stig : Replace the audit rule in {{ audit_file }}] ***
skipping: [localhost]

TASK [/stigforge/roles/rhel10_stig : Add the audit rule to {{ audit_file }}] ***
skipping: [localhost]

TASK [/stigforge/roles/rhel10_stig : Set architecture for audit renameat tasks] ***
skipping: [localhost]

TASK [/stigforge/roles/rhel10_stig : Declare list of syscalls] *****************
skipping: [localhost]

TASK [/stigforge/roles/rhel10_stig : Check existence of renameat in /etc/audit/rules.d/] ***
skipping: [localhost]

TASK [/stigforge/roles/rhel10_stig : Reset syscalls found per file] ************
skipping: [localhost]

TASK [/stigforge/roles/rhel10_stig : Declare syscalls found per file] **********
skipping: [localhost]

TASK [/stigforge/roles/rhel10_stig : Declare files where syscalls were found] ***
skipping: [localhost]

TASK [/stigforge/roles/rhel10_stig : Count occurrences of syscalls in paths] ***
skipping: [localhost]

TASK [/stigforge/roles/rhel10_stig : Get path with most syscalls] **************
skipping: [localhost]

TASK [/stigforge/roles/rhel10_stig : No file with syscall found, set path to /etc/audit/rules.d/delete.rules] ***
skipping: [localhost]

TASK [/stigforge/roles/rhel10_stig : Declare found syscalls] *******************
skipping: [localhost]

TASK [/stigforge/roles/rhel10_stig : Declare missing syscalls] *****************
skipping: [localhost]

TASK [/stigforge/roles/rhel10_stig : Replace the audit rule in {{ audit_file }}] ***
skipping: [localhost]

TASK [/stigforge/roles/rhel10_stig : Add the audit rule to {{ audit_file }}] ***
skipping: [localhost]

TASK [/stigforge/roles/rhel10_stig : Declare list of syscalls] *****************
skipping: [localhost]

TASK [/stigforge/roles/rhel10_stig : Check existence of renameat in /etc/audit/audit.rules] ***
skipping: [localhost]

TASK [/stigforge/roles/rhel10_stig : Set path to /etc/audit/audit.rules] *******
skipping: [localhost]

TASK [/stigforge/roles/rhel10_stig : Declare found syscalls] *******************
skipping: [localhost]

TASK [/stigforge/roles/rhel10_stig : Declare missing syscalls] *****************
skipping: [localhost]

TASK [/stigforge/roles/rhel10_stig : Replace the audit rule in {{ audit_file }}] ***
skipping: [localhost]

TASK [/stigforge/roles/rhel10_stig : Add the audit rule to {{ audit_file }}] ***
skipping: [localhost]

TASK [/stigforge/roles/rhel10_stig : Declare list of syscalls] *****************
skipping: [localhost]

TASK [/stigforge/roles/rhel10_stig : Check existence of renameat in /etc/audit/rules.d/] ***
skipping: [localhost]

TASK [/stigforge/roles/rhel10_stig : Reset syscalls found per file] ************
skipping: [localhost]

TASK [/stigforge/roles/rhel10_stig : Declare syscalls found per file] **********
skipping: [localhost]

TASK [/stigforge/roles/rhel10_stig : Declare files where syscalls were found] ***
skipping: [localhost]

TASK [/stigforge/roles/rhel10_stig : Count occurrences of syscalls in paths] ***
skipping: [localhost]

TASK [/stigforge/roles/rhel10_stig : Get path with most syscalls] **************
skipping: [localhost]

TASK [/stigforge/roles/rhel10_stig : No file with syscall found, set path to /etc/audit/rules.d/delete.rules] ***
skipping: [localhost]

TASK [/stigforge/roles/rhel10_stig : Declare found syscalls] *******************
skipping: [localhost]

TASK [/stigforge/roles/rhel10_stig : Declare missing syscalls] *****************
skipping: [localhost]

TASK [/stigforge/roles/rhel10_stig : Replace the audit rule in {{ audit_file }}] ***
skipping: [localhost]

TASK [/stigforge/roles/rhel10_stig : Add the audit rule to {{ audit_file }}] ***
skipping: [localhost]

TASK [/stigforge/roles/rhel10_stig : Declare list of syscalls] *****************
skipping: [localhost]

TASK [/stigforge/roles/rhel10_stig : Check existence of renameat in /etc/audit/audit.rules] ***
skipping: [localhost]

TASK [/stigforge/roles/rhel10_stig : Set path to /etc/audit/audit.rules] *******
skipping: [localhost]

TASK [/stigforge/roles/rhel10_stig : Declare found syscalls] *******************
skipping: [localhost]

TASK [/stigforge/roles/rhel10_stig : Declare missing syscalls] *****************
skipping: [localhost]

TASK [/stigforge/roles/rhel10_stig : Replace the audit rule in {{ audit_file }}] ***
skipping: [localhost]

TASK [/stigforge/roles/rhel10_stig : Add the audit rule to {{ audit_file }}] ***
skipping: [localhost]

TASK [/stigforge/roles/rhel10_stig : Set architecture for audit renameat2 tasks] ***
skipping: [localhost]

TASK [/stigforge/roles/rhel10_stig : Declare list of syscalls] *****************
skipping: [localhost]

TASK [/stigforge/roles/rhel10_stig : Check existence of renameat2 in /etc/audit/rules.d/] ***
skipping: [localhost]

TASK [/stigforge/roles/rhel10_stig : Reset syscalls found per file] ************
skipping: [localhost]

TASK [/stigforge/roles/rhel10_stig : Declare syscalls found per file] **********
skipping: [localhost]

TASK [/stigforge/roles/rhel10_stig : Declare files where syscalls were found] ***
skipping: [localhost]

TASK [/stigforge/roles/rhel10_stig : Count occurrences of syscalls in paths] ***
skipping: [localhost]

TASK [/stigforge/roles/rhel10_stig : Get path with most syscalls] **************
skipping: [localhost]

TASK [/stigforge/roles/rhel10_stig : No file with syscall found, set path to /etc/audit/rules.d/delete.rules] ***
skipping: [localhost]

TASK [/stigforge/roles/rhel10_stig : Declare found syscalls] *******************
skipping: [localhost]

TASK [/stigforge/roles/rhel10_stig : Declare missing syscalls] *****************
skipping: [localhost]

TASK [/stigforge/roles/rhel10_stig : Replace the audit rule in {{ audit_file }}] ***
skipping: [localhost]

TASK [/stigforge/roles/rhel10_stig : Add the audit rule to {{ audit_file }}] ***
skipping: [localhost]

TASK [/stigforge/roles/rhel10_stig : Declare list of syscalls] *****************
skipping: [localhost]

TASK [/stigforge/roles/rhel10_stig : Check existence of renameat2 in /etc/audit/audit.rules] ***
skipping: [localhost]

TASK [/stigforge/roles/rhel10_stig : Set path to /etc/audit/audit.rules] *******
skipping: [localhost]

TASK [/stigforge/roles/rhel10_stig : Declare found syscalls] *******************
skipping: [localhost]

TASK [/stigforge/roles/rhel10_stig : Declare missing syscalls] *****************
skipping: [localhost]

TASK [/stigforge/roles/rhel10_stig : Replace the audit rule in {{ audit_file }}] ***
skipping: [localhost]

TASK [/stigforge/roles/rhel10_stig : Add the audit rule to {{ audit_file }}] ***
skipping: [localhost]

TASK [/stigforge/roles/rhel10_stig : Declare list of syscalls] *****************
skipping: [localhost]

TASK [/stigforge/roles/rhel10_stig : Check existence of renameat2 in /etc/audit/rules.d/] ***
skipping: [localhost]

TASK [/stigforge/roles/rhel10_stig : Reset syscalls found per file] ************
skipping: [localhost]

TASK [/stigforge/roles/rhel10_stig : Declare syscalls found per file] **********
skipping: [localhost]

TASK [/stigforge/roles/rhel10_stig : Declare files where syscalls were found] ***
skipping: [localhost]

TASK [/stigforge/roles/rhel10_stig : Count occurrences of syscalls in paths] ***
skipping: [localhost]

TASK [/stigforge/roles/rhel10_stig : Get path with most syscalls] **************
skipping: [localhost]

TASK [/stigforge/roles/rhel10_stig : No file with syscall found, set path to /etc/audit/rules.d/delete.rules] ***
skipping: [localhost]

TASK [/stigforge/roles/rhel10_stig : Declare found syscalls] *******************
skipping: [localhost]

TASK [/stigforge/roles/rhel10_stig : Declare missing syscalls] *****************
skipping: [localhost]

TASK [/stigforge/roles/rhel10_stig : Replace the audit rule in {{ audit_file }}] ***
skipping: [localhost]

TASK [/stigforge/roles/rhel10_stig : Add the audit rule to {{ audit_file }}] ***
skipping: [localhost]

TASK [/stigforge/roles/rhel10_stig : Declare list of syscalls] *****************
skipping: [localhost]

TASK [/stigforge/roles/rhel10_stig : Check existence of renameat2 in /etc/audit/audit.rules] ***
skipping: [localhost]

TASK [/stigforge/roles/rhel10_stig : Set path to /etc/audit/audit.rules] *******
skipping: [localhost]

TASK [/stigforge/roles/rhel10_stig : Declare found syscalls] *******************
skipping: [localhost]

TASK [/stigforge/roles/rhel10_stig : Declare missing syscalls] *****************
skipping: [localhost]

TASK [/stigforge/roles/rhel10_stig : Replace the audit rule in {{ audit_file }}] ***
skipping: [localhost]

TASK [/stigforge/roles/rhel10_stig : Add the audit rule to {{ audit_file }}] ***
skipping: [localhost]

TASK [/stigforge/roles/rhel10_stig : Set architecture for audit rmdir tasks] ***
skipping: [localhost]

TASK [/stigforge/roles/rhel10_stig : Declare list of syscalls] *****************
skipping: [localhost]

TASK [/stigforge/roles/rhel10_stig : Check existence of rmdir in /etc/audit/rules.d/] ***
skipping: [localhost]

TASK [/stigforge/roles/rhel10_stig : Reset syscalls found per file] ************
skipping: [localhost]

TASK [/stigforge/roles/rhel10_stig : Declare syscalls found per file] **********
skipping: [localhost]

TASK [/stigforge/roles/rhel10_stig : Declare files where syscalls were found] ***
skipping: [localhost]

TASK [/stigforge/roles/rhel10_stig : Count occurrences of syscalls in paths] ***
skipping: [localhost]

TASK [/stigforge/roles/rhel10_stig : Get path with most syscalls] **************
skipping: [localhost]

TASK [/stigforge/roles/rhel10_stig : No file with syscall found, set path to /etc/audit/rules.d/delete.rules] ***
skipping: [localhost]

TASK [/stigforge/roles/rhel10_stig : Declare found syscalls] *******************
skipping: [localhost]

TASK [/stigforge/roles/rhel10_stig : Declare missing syscalls] *****************
skipping: [localhost]

TASK [/stigforge/roles/rhel10_stig : Replace the audit rule in {{ audit_file }}] ***
skipping: [localhost]

TASK [/stigforge/roles/rhel10_stig : Add the audit rule to {{ audit_file }}] ***
skipping: [localhost]

TASK [/stigforge/roles/rhel10_stig : Declare list of syscalls] *****************
skipping: [localhost]

TASK [/stigforge/roles/rhel10_stig : Check existence of rmdir in /etc/audit/audit.rules] ***
skipping: [localhost]

TASK [/stigforge/roles/rhel10_stig : Set path to /etc/audit/audit.rules] *******
skipping: [localhost]

TASK [/stigforge/roles/rhel10_stig : Declare found syscalls] *******************
skipping: [localhost]

TASK [/stigforge/roles/rhel10_stig : Declare missing syscalls] *****************
skipping: [localhost]

TASK [/stigforge/roles/rhel10_stig : Replace the audit rule in {{ audit_file }}] ***
skipping: [localhost]

TASK [/stigforge/roles/rhel10_stig : Add the audit rule to {{ audit_file }}] ***
skipping: [localhost]

TASK [/stigforge/roles/rhel10_stig : Declare list of syscalls] *****************
skipping: [localhost]

TASK [/stigforge/roles/rhel10_stig : Check existence of rmdir in /etc/audit/rules.d/] ***
skipping: [localhost]

TASK [/stigforge/roles/rhel10_stig : Reset syscalls found per file] ************
skipping: [localhost]

TASK [/stigforge/roles/rhel10_stig : Declare syscalls found per file] **********
skipping: [localhost]

TASK [/stigforge/roles/rhel10_stig : Declare files where syscalls were found] ***
skipping: [localhost]

TASK [/stigforge/roles/rhel10_stig : Count occurrences of syscalls in paths] ***
skipping: [localhost]

TASK [/stigforge/roles/rhel10_stig : Get path with most syscalls] **************
skipping: [localhost]

TASK [/stigforge/roles/rhel10_stig : No file with syscall found, set path to /etc/audit/rules.d/delete.rules] ***
skipping: [localhost]

TASK [/stigforge/roles/rhel10_stig : Declare found syscalls] *******************
skipping: [localhost]

TASK [/stigforge/roles/rhel10_stig : Declare missing syscalls] *****************
skipping: [localhost]

TASK [/stigforge/roles/rhel10_stig : Replace the audit rule in {{ audit_file }}] ***
skipping: [localhost]

TASK [/stigforge/roles/rhel10_stig : Add the audit rule to {{ audit_file }}] ***
skipping: [localhost]

TASK [/stigforge/roles/rhel10_stig : Declare list of syscalls] *****************
skipping: [localhost]

TASK [/stigforge/roles/rhel10_stig : Check existence of rmdir in /etc/audit/audit.rules] ***
skipping: [localhost]

TASK [/stigforge/roles/rhel10_stig : Set path to /etc/audit/audit.rules] *******
skipping: [localhost]

TASK [/stigforge/roles/rhel10_stig : Declare found syscalls] *******************
skipping: [localhost]

TASK [/stigforge/roles/rhel10_stig : Declare missing syscalls] *****************
skipping: [localhost]

TASK [/stigforge/roles/rhel10_stig : Replace the audit rule in {{ audit_file }}] ***
skipping: [localhost]

TASK [/stigforge/roles/rhel10_stig : Add the audit rule to {{ audit_file }}] ***
skipping: [localhost]

TASK [/stigforge/roles/rhel10_stig : Set architecture for audit unlink tasks] ***
skipping: [localhost]

TASK [/stigforge/roles/rhel10_stig : Declare list of syscalls] *****************
skipping: [localhost]

TASK [/stigforge/roles/rhel10_stig : Check existence of unlink in /etc/audit/rules.d/] ***
skipping: [localhost]

TASK [/stigforge/roles/rhel10_stig : Reset syscalls found per file] ************
skipping: [localhost]

TASK [/stigforge/roles/rhel10_stig : Declare syscalls found per file] **********
skipping: [localhost]

TASK [/stigforge/roles/rhel10_stig : Declare files where syscalls were found] ***
skipping: [localhost]

TASK [/stigforge/roles/rhel10_stig : Count occurrences of syscalls in paths] ***
skipping: [localhost]

TASK [/stigforge/roles/rhel10_stig : Get path with most syscalls] **************
skipping: [localhost]

TASK [/stigforge/roles/rhel10_stig : No file with syscall found, set path to /etc/audit/rules.d/delete.rules] ***
skipping: [localhost]

TASK [/stigforge/roles/rhel10_stig : Declare found syscalls] *******************
skipping: [localhost]

TASK [/stigforge/roles/rhel10_stig : Declare missing syscalls] *****************
skipping: [localhost]

TASK [/stigforge/roles/rhel10_stig : Replace the audit rule in {{ audit_file }}] ***
skipping: [localhost]

TASK [/stigforge/roles/rhel10_stig : Add the audit rule to {{ audit_file }}] ***
skipping: [localhost]

TASK [/stigforge/roles/rhel10_stig : Declare list of syscalls] *****************
skipping: [localhost]

TASK [/stigforge/roles/rhel10_stig : Check existence of unlink in /etc/audit/audit.rules] ***
skipping: [localhost]

TASK [/stigforge/roles/rhel10_stig : Set path to /etc/audit/audit.rules] *******
skipping: [localhost]

TASK [/stigforge/roles/rhel10_stig : Declare found syscalls] *******************
skipping: [localhost]

TASK [/stigforge/roles/rhel10_stig : Declare missing syscalls] *****************
skipping: [localhost]

TASK [/stigforge/roles/rhel10_stig : Replace the audit rule in {{ audit_file }}] ***
skipping: [localhost]

TASK [/stigforge/roles/rhel10_stig : Add the audit rule to {{ audit_file }}] ***
skipping: [localhost]

TASK [/stigforge/roles/rhel10_stig : Declare list of syscalls] *****************
skipping: [localhost]

TASK [/stigforge/roles/rhel10_stig : Check existence of unlink in /etc/audit/rules.d/] ***
skipping: [localhost]

TASK [/stigforge/roles/rhel10_stig : Reset syscalls found per file] ************
skipping: [localhost]

TASK [/stigforge/roles/rhel10_stig : Declare syscalls found per file] **********
skipping: [localhost]

TASK [/stigforge/roles/rhel10_stig : Declare files where syscalls were found] ***
skipping: [localhost]

TASK [/stigforge/roles/rhel10_stig : Count occurrences of syscalls in paths] ***
skipping: [localhost]

TASK [/stigforge/roles/rhel10_stig : Get path with most syscalls] **************
skipping: [localhost]

TASK [/stigforge/roles/rhel10_stig : No file with syscall found, set path to /etc/audit/rules.d/delete.rules] ***
skipping: [localhost]

TASK [/stigforge/roles/rhel10_stig : Declare found syscalls] *******************
skipping: [localhost]

TASK [/stigforge/roles/rhel10_stig : Declare missing syscalls] *****************
skipping: [localhost]

TASK [/stigforge/roles/rhel10_stig : Replace the audit rule in {{ audit_file }}] ***
skipping: [localhost]

TASK [/stigforge/roles/rhel10_stig : Add the audit rule to {{ audit_file }}] ***
skipping: [localhost]

TASK [/stigforge/roles/rhel10_stig : Declare list of syscalls] *****************
skipping: [localhost]

TASK [/stigforge/roles/rhel10_stig : Check existence of unlink in /etc/audit/audit.rules] ***
skipping: [localhost]

TASK [/stigforge/roles/rhel10_stig : Set path to /etc/audit/audit.rules] *******
skipping: [localhost]

TASK [/stigforge/roles/rhel10_stig : Declare found syscalls] *******************
skipping: [localhost]

TASK [/stigforge/roles/rhel10_stig : Declare missing syscalls] *****************
skipping: [localhost]

TASK [/stigforge/roles/rhel10_stig : Replace the audit rule in {{ audit_file }}] ***
skipping: [localhost]

TASK [/stigforge/roles/rhel10_stig : Add the audit rule to {{ audit_file }}] ***
skipping: [localhost]

TASK [/stigforge/roles/rhel10_stig : Set architecture for audit unlinkat tasks] ***
skipping: [localhost]

TASK [/stigforge/roles/rhel10_stig : Declare list of syscalls] *****************
skipping: [localhost]

TASK [/stigforge/roles/rhel10_stig : Check existence of unlinkat in /etc/audit/rules.d/] ***
skipping: [localhost]

TASK [/stigforge/roles/rhel10_stig : Reset syscalls found per file] ************
skipping: [localhost]

TASK [/stigforge/roles/rhel10_stig : Declare syscalls found per file] **********
skipping: [localhost]

TASK [/stigforge/roles/rhel10_stig : Declare files where syscalls were found] ***
skipping: [localhost]

TASK [/stigforge/roles/rhel10_stig : Count occurrences of syscalls in paths] ***
skipping: [localhost]

TASK [/stigforge/roles/rhel10_stig : Get path with most syscalls] **************
skipping: [localhost]

TASK [/stigforge/roles/rhel10_stig : No file with syscall found, set path to /etc/audit/rules.d/delete.rules] ***
skipping: [localhost]

TASK [/stigforge/roles/rhel10_stig : Declare found syscalls] *******************
skipping: [localhost]

TASK [/stigforge/roles/rhel10_stig : Declare missing syscalls] *****************
skipping: [localhost]

TASK [/stigforge/roles/rhel10_stig : Replace the audit rule in {{ audit_file }}] ***
skipping: [localhost]

TASK [/stigforge/roles/rhel10_stig : Add the audit rule to {{ audit_file }}] ***
skipping: [localhost]

TASK [/stigforge/roles/rhel10_stig : Declare list of syscalls] *****************
skipping: [localhost]

TASK [/stigforge/roles/rhel10_stig : Check existence of unlinkat in /etc/audit/audit.rules] ***
skipping: [localhost]

TASK [/stigforge/roles/rhel10_stig : Set path to /etc/audit/audit.rules] *******
skipping: [localhost]

TASK [/stigforge/roles/rhel10_stig : Declare found syscalls] *******************
skipping: [localhost]

TASK [/stigforge/roles/rhel10_stig : Declare missing syscalls] *****************
skipping: [localhost]

TASK [/stigforge/roles/rhel10_stig : Replace the audit rule in {{ audit_file }}] ***
skipping: [localhost]

TASK [/stigforge/roles/rhel10_stig : Add the audit rule to {{ audit_file }}] ***
skipping: [localhost]

TASK [/stigforge/roles/rhel10_stig : Declare list of syscalls] *****************
skipping: [localhost]

TASK [/stigforge/roles/rhel10_stig : Check existence of unlinkat in /etc/audit/rules.d/] ***
skipping: [localhost]

TASK [/stigforge/roles/rhel10_stig : Reset syscalls found per file] ************
skipping: [localhost]

TASK [/stigforge/roles/rhel10_stig : Declare syscalls found per file] **********
skipping: [localhost]

TASK [/stigforge/roles/rhel10_stig : Declare files where syscalls were found] ***
skipping: [localhost]

TASK [/stigforge/roles/rhel10_stig : Count occurrences of syscalls in paths] ***
skipping: [localhost]

TASK [/stigforge/roles/rhel10_stig : Get path with most syscalls] **************
skipping: [localhost]

TASK [/stigforge/roles/rhel10_stig : No file with syscall found, set path to /etc/audit/rules.d/delete.rules] ***
skipping: [localhost]

TASK [/stigforge/roles/rhel10_stig : Declare found syscalls] *******************
skipping: [localhost]

TASK [/stigforge/roles/rhel10_stig : Declare missing syscalls] *****************
skipping: [localhost]

TASK [/stigforge/roles/rhel10_stig : Replace the audit rule in {{ audit_file }}] ***
skipping: [localhost]

TASK [/stigforge/roles/rhel10_stig : Add the audit rule to {{ audit_file }}] ***
skipping: [localhost]

TASK [/stigforge/roles/rhel10_stig : Declare list of syscalls] *****************
skipping: [localhost]

TASK [/stigforge/roles/rhel10_stig : Check existence of unlinkat in /etc/audit/audit.rules] ***
skipping: [localhost]

TASK [/stigforge/roles/rhel10_stig : Set path to /etc/audit/audit.rules] *******
skipping: [localhost]

TASK [/stigforge/roles/rhel10_stig : Declare found syscalls] *******************
skipping: [localhost]

TASK [/stigforge/roles/rhel10_stig : Declare missing syscalls] *****************
skipping: [localhost]

TASK [/stigforge/roles/rhel10_stig : Replace the audit rule in {{ audit_file }}] ***
skipping: [localhost]

TASK [/stigforge/roles/rhel10_stig : Add the audit rule to {{ audit_file }}] ***
skipping: [localhost]

TASK [/stigforge/roles/rhel10_stig : Set architecture for audit creat tasks] ***
skipping: [localhost]

TASK [/stigforge/roles/rhel10_stig : Declare list of syscalls] *****************
skipping: [localhost]

TASK [/stigforge/roles/rhel10_stig : Check existence of creat in /etc/audit/rules.d/] ***
skipping: [localhost]

TASK [/stigforge/roles/rhel10_stig : Reset syscalls found per file] ************
skipping: [localhost]

TASK [/stigforge/roles/rhel10_stig : Declare syscalls found per file] **********
skipping: [localhost]

TASK [/stigforge/roles/rhel10_stig : Declare files where syscalls were found] ***
skipping: [localhost]

TASK [/stigforge/roles/rhel10_stig : Count occurrences of syscalls in paths] ***
skipping: [localhost]

TASK [/stigforge/roles/rhel10_stig : Get path with most syscalls] **************
skipping: [localhost]

TASK [/stigforge/roles/rhel10_stig : No file with syscall found, set path to /etc/audit/rules.d/access.rules] ***
skipping: [localhost]

TASK [/stigforge/roles/rhel10_stig : Declare found syscalls] *******************
skipping: [localhost]

TASK [/stigforge/roles/rhel10_stig : Declare missing syscalls] *****************
skipping: [localhost]

TASK [/stigforge/roles/rhel10_stig : Replace the audit rule in {{ audit_file }}] ***
skipping: [localhost]

TASK [/stigforge/roles/rhel10_stig : Add the audit rule to {{ audit_file }}] ***
skipping: [localhost]

TASK [/stigforge/roles/rhel10_stig : Declare list of syscalls] *****************
skipping: [localhost]

TASK [/stigforge/roles/rhel10_stig : Check existence of creat in /etc/audit/audit.rules] ***
skipping: [localhost]

TASK [/stigforge/roles/rhel10_stig : Set path to /etc/audit/audit.rules] *******
skipping: [localhost]

TASK [/stigforge/roles/rhel10_stig : Declare found syscalls] *******************
skipping: [localhost]

TASK [/stigforge/roles/rhel10_stig : Declare missing syscalls] *****************
skipping: [localhost]

TASK [/stigforge/roles/rhel10_stig : Replace the audit rule in {{ audit_file }}] ***
skipping: [localhost]

TASK [/stigforge/roles/rhel10_stig : Add the audit rule to {{ audit_file }}] ***
skipping: [localhost]

TASK [/stigforge/roles/rhel10_stig : Declare list of syscalls] *****************
skipping: [localhost]

TASK [/stigforge/roles/rhel10_stig : Check existence of creat in /etc/audit/rules.d/] ***
skipping: [localhost]

TASK [/stigforge/roles/rhel10_stig : Reset syscalls found per file] ************
skipping: [localhost]

TASK [/stigforge/roles/rhel10_stig : Declare syscalls found per file] **********
skipping: [localhost]

TASK [/stigforge/roles/rhel10_stig : Declare files where syscalls were found] ***
skipping: [localhost]

TASK [/stigforge/roles/rhel10_stig : Count occurrences of syscalls in paths] ***
skipping: [localhost]

TASK [/stigforge/roles/rhel10_stig : Get path with most syscalls] **************
skipping: [localhost]

TASK [/stigforge/roles/rhel10_stig : No file with syscall found, set path to /etc/audit/rules.d/access.rules] ***
skipping: [localhost]

TASK [/stigforge/roles/rhel10_stig : Declare found syscalls] *******************
skipping: [localhost]

TASK [/stigforge/roles/rhel10_stig : Declare missing syscalls] *****************
skipping: [localhost]

TASK [/stigforge/roles/rhel10_stig : Replace the audit rule in {{ audit_file }}] ***
skipping: [localhost]

TASK [/stigforge/roles/rhel10_stig : Add the audit rule to {{ audit_file }}] ***
skipping: [localhost]

TASK [/stigforge/roles/rhel10_stig : Declare list of syscalls] *****************
skipping: [localhost]

TASK [/stigforge/roles/rhel10_stig : Check existence of creat in /etc/audit/audit.rules] ***
skipping: [localhost]

TASK [/stigforge/roles/rhel10_stig : Set path to /etc/audit/audit.rules] *******
skipping: [localhost]

TASK [/stigforge/roles/rhel10_stig : Declare found syscalls] *******************
skipping: [localhost]

TASK [/stigforge/roles/rhel10_stig : Declare missing syscalls] *****************
skipping: [localhost]

TASK [/stigforge/roles/rhel10_stig : Replace the audit rule in {{ audit_file }}] ***
skipping: [localhost]

TASK [/stigforge/roles/rhel10_stig : Add the audit rule to {{ audit_file }}] ***
skipping: [localhost]

TASK [/stigforge/roles/rhel10_stig : Declare list of syscalls] *****************
skipping: [localhost]

TASK [/stigforge/roles/rhel10_stig : Check existence of creat in /etc/audit/rules.d/] ***
skipping: [localhost]

TASK [/stigforge/roles/rhel10_stig : Reset syscalls found per file] ************
skipping: [localhost]

TASK [/stigforge/roles/rhel10_stig : Declare syscalls found per file] **********
skipping: [localhost]

TASK [/stigforge/roles/rhel10_stig : Declare files where syscalls were found] ***
skipping: [localhost]

TASK [/stigforge/roles/rhel10_stig : Count occurrences of syscalls in paths] ***
skipping: [localhost]

TASK [/stigforge/roles/rhel10_stig : Get path with most syscalls] **************
skipping: [localhost]

TASK [/stigforge/roles/rhel10_stig : No file with syscall found, set path to /etc/audit/rules.d/access.rules] ***
skipping: [localhost]

TASK [/stigforge/roles/rhel10_stig : Declare found syscalls] *******************
skipping: [localhost]

TASK [/stigforge/roles/rhel10_stig : Declare missing syscalls] *****************
skipping: [localhost]

TASK [/stigforge/roles/rhel10_stig : Replace the audit rule in {{ audit_file }}] ***
skipping: [localhost]

TASK [/stigforge/roles/rhel10_stig : Add the audit rule to {{ audit_file }}] ***
skipping: [localhost]

TASK [/stigforge/roles/rhel10_stig : Declare list of syscalls] *****************
skipping: [localhost]

TASK [/stigforge/roles/rhel10_stig : Check existence of creat in /etc/audit/audit.rules] ***
skipping: [localhost]

TASK [/stigforge/roles/rhel10_stig : Set path to /etc/audit/audit.rules] *******
skipping: [localhost]

TASK [/stigforge/roles/rhel10_stig : Declare found syscalls] *******************
skipping: [localhost]

TASK [/stigforge/roles/rhel10_stig : Declare missing syscalls] *****************
skipping: [localhost]

TASK [/stigforge/roles/rhel10_stig : Replace the audit rule in {{ audit_file }}] ***
skipping: [localhost]

TASK [/stigforge/roles/rhel10_stig : Add the audit rule to {{ audit_file }}] ***
skipping: [localhost]

TASK [/stigforge/roles/rhel10_stig : Declare list of syscalls] *****************
skipping: [localhost]

TASK [/stigforge/roles/rhel10_stig : Check existence of creat in /etc/audit/rules.d/] ***
skipping: [localhost]

TASK [/stigforge/roles/rhel10_stig : Reset syscalls found per file] ************
skipping: [localhost]

TASK [/stigforge/roles/rhel10_stig : Declare syscalls found per file] **********
skipping: [localhost]

TASK [/stigforge/roles/rhel10_stig : Declare files where syscalls were found] ***
skipping: [localhost]

TASK [/stigforge/roles/rhel10_stig : Count occurrences of syscalls in paths] ***
skipping: [localhost]

TASK [/stigforge/roles/rhel10_stig : Get path with most syscalls] **************
skipping: [localhost]

TASK [/stigforge/roles/rhel10_stig : No file with syscall found, set path to /etc/audit/rules.d/access.rules] ***
skipping: [localhost]

TASK [/stigforge/roles/rhel10_stig : Declare found syscalls] *******************
skipping: [localhost]

TASK [/stigforge/roles/rhel10_stig : Declare missing syscalls] *****************
skipping: [localhost]

TASK [/stigforge/roles/rhel10_stig : Replace the audit rule in {{ audit_file }}] ***
skipping: [localhost]

TASK [/stigforge/roles/rhel10_stig : Add the audit rule to {{ audit_file }}] ***
skipping: [localhost]

TASK [/stigforge/roles/rhel10_stig : Declare list of syscalls] *****************
skipping: [localhost]

TASK [/stigforge/roles/rhel10_stig : Check existence of creat in /etc/audit/audit.rules] ***
skipping: [localhost]

TASK [/stigforge/roles/rhel10_stig : Set path to /etc/audit/audit.rules] *******
skipping: [localhost]

TASK [/stigforge/roles/rhel10_stig : Declare found syscalls] *******************
skipping: [localhost]

TASK [/stigforge/roles/rhel10_stig : Declare missing syscalls] *****************
skipping: [localhost]

TASK [/stigforge/roles/rhel10_stig : Replace the audit rule in {{ audit_file }}] ***
skipping: [localhost]

TASK [/stigforge/roles/rhel10_stig : Add the audit rule to {{ audit_file }}] ***
skipping: [localhost]

TASK [/stigforge/roles/rhel10_stig : Set architecture for audit ftruncate tasks] ***
skipping: [localhost]

TASK [/stigforge/roles/rhel10_stig : Declare list of syscalls] *****************
skipping: [localhost]

TASK [/stigforge/roles/rhel10_stig : Check existence of ftruncate in /etc/audit/rules.d/] ***
skipping: [localhost]

TASK [/stigforge/roles/rhel10_stig : Reset syscalls found per file] ************
skipping: [localhost]

TASK [/stigforge/roles/rhel10_stig : Declare syscalls found per file] **********
skipping: [localhost]

TASK [/stigforge/roles/rhel10_stig : Declare files where syscalls were found] ***
skipping: [localhost]

TASK [/stigforge/roles/rhel10_stig : Count occurrences of syscalls in paths] ***
skipping: [localhost]

TASK [/stigforge/roles/rhel10_stig : Get path with most syscalls] **************
skipping: [localhost]

TASK [/stigforge/roles/rhel10_stig : No file with syscall found, set path to /etc/audit/rules.d/access.rules] ***
skipping: [localhost]

TASK [/stigforge/roles/rhel10_stig : Declare found syscalls] *******************
skipping: [localhost]

TASK [/stigforge/roles/rhel10_stig : Declare missing syscalls] *****************
skipping: [localhost]

TASK [/stigforge/roles/rhel10_stig : Replace the audit rule in {{ audit_file }}] ***
skipping: [localhost]

TASK [/stigforge/roles/rhel10_stig : Add the audit rule to {{ audit_file }}] ***
skipping: [localhost]

TASK [/stigforge/roles/rhel10_stig : Declare list of syscalls] *****************
skipping: [localhost]

TASK [/stigforge/roles/rhel10_stig : Check existence of ftruncate in /etc/audit/audit.rules] ***
skipping: [localhost]

TASK [/stigforge/roles/rhel10_stig : Set path to /etc/audit/audit.rules] *******
skipping: [localhost]

TASK [/stigforge/roles/rhel10_stig : Declare found syscalls] *******************
skipping: [localhost]

TASK [/stigforge/roles/rhel10_stig : Declare missing syscalls] *****************
skipping: [localhost]

TASK [/stigforge/roles/rhel10_stig : Replace the audit rule in {{ audit_file }}] ***
skipping: [localhost]

TASK [/stigforge/roles/rhel10_stig : Add the audit rule to {{ audit_file }}] ***
skipping: [localhost]

TASK [/stigforge/roles/rhel10_stig : Declare list of syscalls] *****************
skipping: [localhost]

TASK [/stigforge/roles/rhel10_stig : Check existence of ftruncate in /etc/audit/rules.d/] ***
skipping: [localhost]

TASK [/stigforge/roles/rhel10_stig : Reset syscalls found per file] ************
skipping: [localhost]

TASK [/stigforge/roles/rhel10_stig : Declare syscalls found per file] **********
skipping: [localhost]

TASK [/stigforge/roles/rhel10_stig : Declare files where syscalls were found] ***
skipping: [localhost]

TASK [/stigforge/roles/rhel10_stig : Count occurrences of syscalls in paths] ***
skipping: [localhost]

TASK [/stigforge/roles/rhel10_stig : Get path with most syscalls] **************
skipping: [localhost]

TASK [/stigforge/roles/rhel10_stig : No file with syscall found, set path to /etc/audit/rules.d/access.rules] ***
skipping: [localhost]

TASK [/stigforge/roles/rhel10_stig : Declare found syscalls] *******************
skipping: [localhost]

TASK [/stigforge/roles/rhel10_stig : Declare missing syscalls] *****************
skipping: [localhost]

TASK [/stigforge/roles/rhel10_stig : Replace the audit rule in {{ audit_file }}] ***
skipping: [localhost]

TASK [/stigforge/roles/rhel10_stig : Add the audit rule to {{ audit_file }}] ***
skipping: [localhost]

TASK [/stigforge/roles/rhel10_stig : Declare list of syscalls] *****************
skipping: [localhost]

TASK [/stigforge/roles/rhel10_stig : Check existence of ftruncate in /etc/audit/audit.rules] ***
skipping: [localhost]

TASK [/stigforge/roles/rhel10_stig : Set path to /etc/audit/audit.rules] *******
skipping: [localhost]

TASK [/stigforge/roles/rhel10_stig : Declare found syscalls] *******************
skipping: [localhost]

TASK [/stigforge/roles/rhel10_stig : Declare missing syscalls] *****************
skipping: [localhost]

TASK [/stigforge/roles/rhel10_stig : Replace the audit rule in {{ audit_file }}] ***
skipping: [localhost]

TASK [/stigforge/roles/rhel10_stig : Add the audit rule to {{ audit_file }}] ***
skipping: [localhost]

TASK [/stigforge/roles/rhel10_stig : Declare list of syscalls] *****************
skipping: [localhost]

TASK [/stigforge/roles/rhel10_stig : Check existence of ftruncate in /etc/audit/rules.d/] ***
skipping: [localhost]

TASK [/stigforge/roles/rhel10_stig : Reset syscalls found per file] ************
skipping: [localhost]

TASK [/stigforge/roles/rhel10_stig : Declare syscalls found per file] **********
skipping: [localhost]

TASK [/stigforge/roles/rhel10_stig : Declare files where syscalls were found] ***
skipping: [localhost]

TASK [/stigforge/roles/rhel10_stig : Count occurrences of syscalls in paths] ***
skipping: [localhost]

TASK [/stigforge/roles/rhel10_stig : Get path with most syscalls] **************
skipping: [localhost]

TASK [/stigforge/roles/rhel10_stig : No file with syscall found, set path to /etc/audit/rules.d/access.rules] ***
skipping: [localhost]

TASK [/stigforge/roles/rhel10_stig : Declare found syscalls] *******************
skipping: [localhost]

TASK [/stigforge/roles/rhel10_stig : Declare missing syscalls] *****************
skipping: [localhost]

TASK [/stigforge/roles/rhel10_stig : Replace the audit rule in {{ audit_file }}] ***
skipping: [localhost]

TASK [/stigforge/roles/rhel10_stig : Add the audit rule to {{ audit_file }}] ***
skipping: [localhost]

TASK [/stigforge/roles/rhel10_stig : Declare list of syscalls] *****************
skipping: [localhost]

TASK [/stigforge/roles/rhel10_stig : Check existence of ftruncate in /etc/audit/audit.rules] ***
skipping: [localhost]

TASK [/stigforge/roles/rhel10_stig : Set path to /etc/audit/audit.rules] *******
skipping: [localhost]

TASK [/stigforge/roles/rhel10_stig : Declare found syscalls] *******************
skipping: [localhost]

TASK [/stigforge/roles/rhel10_stig : Declare missing syscalls] *****************
skipping: [localhost]

TASK [/stigforge/roles/rhel10_stig : Replace the audit rule in {{ audit_file }}] ***
skipping: [localhost]

TASK [/stigforge/roles/rhel10_stig : Add the audit rule to {{ audit_file }}] ***
skipping: [localhost]

TASK [/stigforge/roles/rhel10_stig : Declare list of syscalls] *****************
skipping: [localhost]

TASK [/stigforge/roles/rhel10_stig : Check existence of ftruncate in /etc/audit/rules.d/] ***
skipping: [localhost]

TASK [/stigforge/roles/rhel10_stig : Reset syscalls found per file] ************
skipping: [localhost]

TASK [/stigforge/roles/rhel10_stig : Declare syscalls found per file] **********
skipping: [localhost]

TASK [/stigforge/roles/rhel10_stig : Declare files where syscalls were found] ***
skipping: [localhost]

TASK [/stigforge/roles/rhel10_stig : Count occurrences of syscalls in paths] ***
skipping: [localhost]

TASK [/stigforge/roles/rhel10_stig : Get path with most syscalls] **************
skipping: [localhost]

TASK [/stigforge/roles/rhel10_stig : No file with syscall found, set path to /etc/audit/rules.d/access.rules] ***
skipping: [localhost]

TASK [/stigforge/roles/rhel10_stig : Declare found syscalls] *******************
skipping: [localhost]

TASK [/stigforge/roles/rhel10_stig : Declare missing syscalls] *****************
skipping: [localhost]

TASK [/stigforge/roles/rhel10_stig : Replace the audit rule in {{ audit_file }}] ***
skipping: [localhost]

TASK [/stigforge/roles/rhel10_stig : Add the audit rule to {{ audit_file }}] ***
skipping: [localhost]

TASK [/stigforge/roles/rhel10_stig : Declare list of syscalls] *****************
skipping: [localhost]

TASK [/stigforge/roles/rhel10_stig : Check existence of ftruncate in /etc/audit/audit.rules] ***
skipping: [localhost]

TASK [/stigforge/roles/rhel10_stig : Set path to /etc/audit/audit.rules] *******
skipping: [localhost]

TASK [/stigforge/roles/rhel10_stig : Declare found syscalls] *******************
skipping: [localhost]

TASK [/stigforge/roles/rhel10_stig : Declare missing syscalls] *****************
skipping: [localhost]

TASK [/stigforge/roles/rhel10_stig : Replace the audit rule in {{ audit_file }}] ***
skipping: [localhost]

TASK [/stigforge/roles/rhel10_stig : Add the audit rule to {{ audit_file }}] ***
skipping: [localhost]

TASK [/stigforge/roles/rhel10_stig : Set architecture for audit open tasks] ****
skipping: [localhost]

TASK [/stigforge/roles/rhel10_stig : Declare list of syscalls] *****************
skipping: [localhost]

TASK [/stigforge/roles/rhel10_stig : Check existence of open in /etc/audit/rules.d/] ***
skipping: [localhost]

TASK [/stigforge/roles/rhel10_stig : Reset syscalls found per file] ************
skipping: [localhost]

TASK [/stigforge/roles/rhel10_stig : Declare syscalls found per file] **********
skipping: [localhost]

TASK [/stigforge/roles/rhel10_stig : Declare files where syscalls were found] ***
skipping: [localhost]

TASK [/stigforge/roles/rhel10_stig : Count occurrences of syscalls in paths] ***
skipping: [localhost]

TASK [/stigforge/roles/rhel10_stig : Get path with most syscalls] **************
skipping: [localhost]

TASK [/stigforge/roles/rhel10_stig : No file with syscall found, set path to /etc/audit/rules.d/access.rules] ***
skipping: [localhost]

TASK [/stigforge/roles/rhel10_stig : Declare found syscalls] *******************
skipping: [localhost]

TASK [/stigforge/roles/rhel10_stig : Declare missing syscalls] *****************
skipping: [localhost]

TASK [/stigforge/roles/rhel10_stig : Replace the audit rule in {{ audit_file }}] ***
skipping: [localhost]

TASK [/stigforge/roles/rhel10_stig : Add the audit rule to {{ audit_file }}] ***
skipping: [localhost]

TASK [/stigforge/roles/rhel10_stig : Declare list of syscalls] *****************
skipping: [localhost]

TASK [/stigforge/roles/rhel10_stig : Check existence of open in /etc/audit/audit.rules] ***
skipping: [localhost]

TASK [/stigforge/roles/rhel10_stig : Set path to /etc/audit/audit.rules] *******
skipping: [localhost]

TASK [/stigforge/roles/rhel10_stig : Declare found syscalls] *******************
skipping: [localhost]

TASK [/stigforge/roles/rhel10_stig : Declare missing syscalls] *****************
skipping: [localhost]

TASK [/stigforge/roles/rhel10_stig : Replace the audit rule in {{ audit_file }}] ***
skipping: [localhost]

TASK [/stigforge/roles/rhel10_stig : Add the audit rule to {{ audit_file }}] ***
skipping: [localhost]

TASK [/stigforge/roles/rhel10_stig : Declare list of syscalls] *****************
skipping: [localhost]

TASK [/stigforge/roles/rhel10_stig : Check existence of open in /etc/audit/rules.d/] ***
skipping: [localhost]

TASK [/stigforge/roles/rhel10_stig : Reset syscalls found per file] ************
skipping: [localhost]

TASK [/stigforge/roles/rhel10_stig : Declare syscalls found per file] **********
skipping: [localhost]

TASK [/stigforge/roles/rhel10_stig : Declare files where syscalls were found] ***
skipping: [localhost]

TASK [/stigforge/roles/rhel10_stig : Count occurrences of syscalls in paths] ***
skipping: [localhost]

TASK [/stigforge/roles/rhel10_stig : Get path with most syscalls] **************
skipping: [localhost]

TASK [/stigforge/roles/rhel10_stig : No file with syscall found, set path to /etc/audit/rules.d/access.rules] ***
skipping: [localhost]

TASK [/stigforge/roles/rhel10_stig : Declare found syscalls] *******************
skipping: [localhost]

TASK [/stigforge/roles/rhel10_stig : Declare missing syscalls] *****************
skipping: [localhost]

TASK [/stigforge/roles/rhel10_stig : Replace the audit rule in {{ audit_file }}] ***
skipping: [localhost]

TASK [/stigforge/roles/rhel10_stig : Add the audit rule to {{ audit_file }}] ***
skipping: [localhost]

TASK [/stigforge/roles/rhel10_stig : Declare list of syscalls] *****************
skipping: [localhost]

TASK [/stigforge/roles/rhel10_stig : Check existence of open in /etc/audit/audit.rules] ***
skipping: [localhost]

TASK [/stigforge/roles/rhel10_stig : Set path to /etc/audit/audit.rules] *******
skipping: [localhost]

TASK [/stigforge/roles/rhel10_stig : Declare found syscalls] *******************
skipping: [localhost]

TASK [/stigforge/roles/rhel10_stig : Declare missing syscalls] *****************
skipping: [localhost]

TASK [/stigforge/roles/rhel10_stig : Replace the audit rule in {{ audit_file }}] ***
skipping: [localhost]

TASK [/stigforge/roles/rhel10_stig : Add the audit rule to {{ audit_file }}] ***
skipping: [localhost]

TASK [/stigforge/roles/rhel10_stig : Declare list of syscalls] *****************
skipping: [localhost]

TASK [/stigforge/roles/rhel10_stig : Check existence of open in /etc/audit/rules.d/] ***
skipping: [localhost]

TASK [/stigforge/roles/rhel10_stig : Reset syscalls found per file] ************
skipping: [localhost]

TASK [/stigforge/roles/rhel10_stig : Declare syscalls found per file] **********
skipping: [localhost]

TASK [/stigforge/roles/rhel10_stig : Declare files where syscalls were found] ***
skipping: [localhost]

TASK [/stigforge/roles/rhel10_stig : Count occurrences of syscalls in paths] ***
skipping: [localhost]

TASK [/stigforge/roles/rhel10_stig : Get path with most syscalls] **************
skipping: [localhost]

TASK [/stigforge/roles/rhel10_stig : No file with syscall found, set path to /etc/audit/rules.d/access.rules] ***
skipping: [localhost]

TASK [/stigforge/roles/rhel10_stig : Declare found syscalls] *******************
skipping: [localhost]

TASK [/stigforge/roles/rhel10_stig : Declare missing syscalls] *****************
skipping: [localhost]

TASK [/stigforge/roles/rhel10_stig : Replace the audit rule in {{ audit_file }}] ***
skipping: [localhost]

TASK [/stigforge/roles/rhel10_stig : Add the audit rule to {{ audit_file }}] ***
skipping: [localhost]

TASK [/stigforge/roles/rhel10_stig : Declare list of syscalls] *****************
skipping: [localhost]

TASK [/stigforge/roles/rhel10_stig : Check existence of open in /etc/audit/audit.rules] ***
skipping: [localhost]

TASK [/stigforge/roles/rhel10_stig : Set path to /etc/audit/audit.rules] *******
skipping: [localhost]

TASK [/stigforge/roles/rhel10_stig : Declare found syscalls] *******************
skipping: [localhost]

TASK [/stigforge/roles/rhel10_stig : Declare missing syscalls] *****************
skipping: [localhost]

TASK [/stigforge/roles/rhel10_stig : Replace the audit rule in {{ audit_file }}] ***
skipping: [localhost]

TASK [/stigforge/roles/rhel10_stig : Add the audit rule to {{ audit_file }}] ***
skipping: [localhost]

TASK [/stigforge/roles/rhel10_stig : Declare list of syscalls] *****************
skipping: [localhost]

TASK [/stigforge/roles/rhel10_stig : Check existence of open in /etc/audit/rules.d/] ***
skipping: [localhost]

TASK [/stigforge/roles/rhel10_stig : Reset syscalls found per file] ************
skipping: [localhost]

TASK [/stigforge/roles/rhel10_stig : Declare syscalls found per file] **********
skipping: [localhost]

TASK [/stigforge/roles/rhel10_stig : Declare files where syscalls were found] ***
skipping: [localhost]

TASK [/stigforge/roles/rhel10_stig : Count occurrences of syscalls in paths] ***
skipping: [localhost]

TASK [/stigforge/roles/rhel10_stig : Get path with most syscalls] **************
skipping: [localhost]

TASK [/stigforge/roles/rhel10_stig : No file with syscall found, set path to /etc/audit/rules.d/access.rules] ***
skipping: [localhost]

TASK [/stigforge/roles/rhel10_stig : Declare found syscalls] *******************
skipping: [localhost]

TASK [/stigforge/roles/rhel10_stig : Declare missing syscalls] *****************
skipping: [localhost]

TASK [/stigforge/roles/rhel10_stig : Replace the audit rule in {{ audit_file }}] ***
skipping: [localhost]

TASK [/stigforge/roles/rhel10_stig : Add the audit rule to {{ audit_file }}] ***
skipping: [localhost]

TASK [/stigforge/roles/rhel10_stig : Declare list of syscalls] *****************
skipping: [localhost]

TASK [/stigforge/roles/rhel10_stig : Check existence of open in /etc/audit/audit.rules] ***
skipping: [localhost]

TASK [/stigforge/roles/rhel10_stig : Set path to /etc/audit/audit.rules] *******
skipping: [localhost]

TASK [/stigforge/roles/rhel10_stig : Declare found syscalls] *******************
skipping: [localhost]

TASK [/stigforge/roles/rhel10_stig : Declare missing syscalls] *****************
skipping: [localhost]

TASK [/stigforge/roles/rhel10_stig : Replace the audit rule in {{ audit_file }}] ***
skipping: [localhost]

TASK [/stigforge/roles/rhel10_stig : Add the audit rule to {{ audit_file }}] ***
skipping: [localhost]

TASK [/stigforge/roles/rhel10_stig : Set architecture for audit open_by_handle_at tasks] ***
skipping: [localhost]

TASK [/stigforge/roles/rhel10_stig : Declare list of syscalls] *****************
skipping: [localhost]

TASK [/stigforge/roles/rhel10_stig : Check existence of open_by_handle_at in /etc/audit/rules.d/] ***
skipping: [localhost]

TASK [/stigforge/roles/rhel10_stig : Reset syscalls found per file] ************
skipping: [localhost]

TASK [/stigforge/roles/rhel10_stig : Declare syscalls found per file] **********
skipping: [localhost]

TASK [/stigforge/roles/rhel10_stig : Declare files where syscalls were found] ***
skipping: [localhost]

TASK [/stigforge/roles/rhel10_stig : Count occurrences of syscalls in paths] ***
skipping: [localhost]

TASK [/stigforge/roles/rhel10_stig : Get path with most syscalls] **************
skipping: [localhost]

TASK [/stigforge/roles/rhel10_stig : No file with syscall found, set path to /etc/audit/rules.d/access.rules] ***
skipping: [localhost]

TASK [/stigforge/roles/rhel10_stig : Declare found syscalls] *******************
skipping: [localhost]

TASK [/stigforge/roles/rhel10_stig : Declare missing syscalls] *****************
skipping: [localhost]

TASK [/stigforge/roles/rhel10_stig : Replace the audit rule in {{ audit_file }}] ***
skipping: [localhost]

TASK [/stigforge/roles/rhel10_stig : Add the audit rule to {{ audit_file }}] ***
skipping: [localhost]

TASK [/stigforge/roles/rhel10_stig : Declare list of syscalls] *****************
skipping: [localhost]

TASK [/stigforge/roles/rhel10_stig : Check existence of open_by_handle_at in /etc/audit/audit.rules] ***
skipping: [localhost]

TASK [/stigforge/roles/rhel10_stig : Set path to /etc/audit/audit.rules] *******
skipping: [localhost]

TASK [/stigforge/roles/rhel10_stig : Declare found syscalls] *******************
skipping: [localhost]

TASK [/stigforge/roles/rhel10_stig : Declare missing syscalls] *****************
skipping: [localhost]

TASK [/stigforge/roles/rhel10_stig : Replace the audit rule in {{ audit_file }}] ***
skipping: [localhost]

TASK [/stigforge/roles/rhel10_stig : Add the audit rule to {{ audit_file }}] ***
skipping: [localhost]

TASK [/stigforge/roles/rhel10_stig : Declare list of syscalls] *****************
skipping: [localhost]

TASK [/stigforge/roles/rhel10_stig : Check existence of open_by_handle_at in /etc/audit/rules.d/] ***
skipping: [localhost]

TASK [/stigforge/roles/rhel10_stig : Reset syscalls found per file] ************
skipping: [localhost]

TASK [/stigforge/roles/rhel10_stig : Declare syscalls found per file] **********
skipping: [localhost]

TASK [/stigforge/roles/rhel10_stig : Declare files where syscalls were found] ***
skipping: [localhost]

TASK [/stigforge/roles/rhel10_stig : Count occurrences of syscalls in paths] ***
skipping: [localhost]

TASK [/stigforge/roles/rhel10_stig : Get path with most syscalls] **************
skipping: [localhost]

TASK [/stigforge/roles/rhel10_stig : No file with syscall found, set path to /etc/audit/rules.d/access.rules] ***
skipping: [localhost]

TASK [/stigforge/roles/rhel10_stig : Declare found syscalls] *******************
skipping: [localhost]

TASK [/stigforge/roles/rhel10_stig : Declare missing syscalls] *****************
skipping: [localhost]

TASK [/stigforge/roles/rhel10_stig : Replace the audit rule in {{ audit_file }}] ***
skipping: [localhost]

TASK [/stigforge/roles/rhel10_stig : Add the audit rule to {{ audit_file }}] ***
skipping: [localhost]

TASK [/stigforge/roles/rhel10_stig : Declare list of syscalls] *****************
skipping: [localhost]

TASK [/stigforge/roles/rhel10_stig : Check existence of open_by_handle_at in /etc/audit/audit.rules] ***
skipping: [localhost]

TASK [/stigforge/roles/rhel10_stig : Set path to /etc/audit/audit.rules] *******
skipping: [localhost]

TASK [/stigforge/roles/rhel10_stig : Declare found syscalls] *******************
skipping: [localhost]

TASK [/stigforge/roles/rhel10_stig : Declare missing syscalls] *****************
skipping: [localhost]

TASK [/stigforge/roles/rhel10_stig : Replace the audit rule in {{ audit_file }}] ***
skipping: [localhost]

TASK [/stigforge/roles/rhel10_stig : Add the audit rule to {{ audit_file }}] ***
skipping: [localhost]

TASK [/stigforge/roles/rhel10_stig : Declare list of syscalls] *****************
skipping: [localhost]

TASK [/stigforge/roles/rhel10_stig : Check existence of open_by_handle_at in /etc/audit/rules.d/] ***
skipping: [localhost]

TASK [/stigforge/roles/rhel10_stig : Reset syscalls found per file] ************
skipping: [localhost]

TASK [/stigforge/roles/rhel10_stig : Declare syscalls found per file] **********
skipping: [localhost]

TASK [/stigforge/roles/rhel10_stig : Declare files where syscalls were found] ***
skipping: [localhost]

TASK [/stigforge/roles/rhel10_stig : Count occurrences of syscalls in paths] ***
skipping: [localhost]

TASK [/stigforge/roles/rhel10_stig : Get path with most syscalls] **************
skipping: [localhost]

TASK [/stigforge/roles/rhel10_stig : No file with syscall found, set path to /etc/audit/rules.d/access.rules] ***
skipping: [localhost]

TASK [/stigforge/roles/rhel10_stig : Declare found syscalls] *******************
skipping: [localhost]

TASK [/stigforge/roles/rhel10_stig : Declare missing syscalls] *****************
skipping: [localhost]

TASK [/stigforge/roles/rhel10_stig : Replace the audit rule in {{ audit_file }}] ***
skipping: [localhost]

TASK [/stigforge/roles/rhel10_stig : Add the audit rule to {{ audit_file }}] ***
skipping: [localhost]

TASK [/stigforge/roles/rhel10_stig : Declare list of syscalls] *****************
skipping: [localhost]

TASK [/stigforge/roles/rhel10_stig : Check existence of open_by_handle_at in /etc/audit/audit.rules] ***
skipping: [localhost]

TASK [/stigforge/roles/rhel10_stig : Set path to /etc/audit/audit.rules] *******
skipping: [localhost]

TASK [/stigforge/roles/rhel10_stig : Declare found syscalls] *******************
skipping: [localhost]

TASK [/stigforge/roles/rhel10_stig : Declare missing syscalls] *****************
skipping: [localhost]

TASK [/stigforge/roles/rhel10_stig : Replace the audit rule in {{ audit_file }}] ***
skipping: [localhost]

TASK [/stigforge/roles/rhel10_stig : Add the audit rule to {{ audit_file }}] ***
skipping: [localhost]

TASK [/stigforge/roles/rhel10_stig : Declare list of syscalls] *****************
skipping: [localhost]

TASK [/stigforge/roles/rhel10_stig : Check existence of open_by_handle_at in /etc/audit/rules.d/] ***
skipping: [localhost]

TASK [/stigforge/roles/rhel10_stig : Reset syscalls found per file] ************
skipping: [localhost]

TASK [/stigforge/roles/rhel10_stig : Declare syscalls found per file] **********
skipping: [localhost]

TASK [/stigforge/roles/rhel10_stig : Declare files where syscalls were found] ***
skipping: [localhost]

TASK [/stigforge/roles/rhel10_stig : Count occurrences of syscalls in paths] ***
skipping: [localhost]

TASK [/stigforge/roles/rhel10_stig : Get path with most syscalls] **************
skipping: [localhost]

TASK [/stigforge/roles/rhel10_stig : No file with syscall found, set path to /etc/audit/rules.d/access.rules] ***
skipping: [localhost]

TASK [/stigforge/roles/rhel10_stig : Declare found syscalls] *******************
skipping: [localhost]

TASK [/stigforge/roles/rhel10_stig : Declare missing syscalls] *****************
skipping: [localhost]

TASK [/stigforge/roles/rhel10_stig : Replace the audit rule in {{ audit_file }}] ***
skipping: [localhost]

TASK [/stigforge/roles/rhel10_stig : Add the audit rule to {{ audit_file }}] ***
skipping: [localhost]

TASK [/stigforge/roles/rhel10_stig : Declare list of syscalls] *****************
skipping: [localhost]

TASK [/stigforge/roles/rhel10_stig : Check existence of open_by_handle_at in /etc/audit/audit.rules] ***
skipping: [localhost]

TASK [/stigforge/roles/rhel10_stig : Set path to /etc/audit/audit.rules] *******
skipping: [localhost]

TASK [/stigforge/roles/rhel10_stig : Declare found syscalls] *******************
skipping: [localhost]

TASK [/stigforge/roles/rhel10_stig : Declare missing syscalls] *****************
skipping: [localhost]

TASK [/stigforge/roles/rhel10_stig : Replace the audit rule in {{ audit_file }}] ***
skipping: [localhost]

TASK [/stigforge/roles/rhel10_stig : Add the audit rule to {{ audit_file }}] ***
skipping: [localhost]

TASK [/stigforge/roles/rhel10_stig : Set architecture for audit openat tasks] ***
skipping: [localhost]

TASK [/stigforge/roles/rhel10_stig : Declare list of syscalls] *****************
skipping: [localhost]

TASK [/stigforge/roles/rhel10_stig : Check existence of openat in /etc/audit/rules.d/] ***
skipping: [localhost]

TASK [/stigforge/roles/rhel10_stig : Reset syscalls found per file] ************
skipping: [localhost]

TASK [/stigforge/roles/rhel10_stig : Declare syscalls found per file] **********
skipping: [localhost]

TASK [/stigforge/roles/rhel10_stig : Declare files where syscalls were found] ***
skipping: [localhost]

TASK [/stigforge/roles/rhel10_stig : Count occurrences of syscalls in paths] ***
skipping: [localhost]

TASK [/stigforge/roles/rhel10_stig : Get path with most syscalls] **************
skipping: [localhost]

TASK [/stigforge/roles/rhel10_stig : No file with syscall found, set path to /etc/audit/rules.d/access.rules] ***
skipping: [localhost]

TASK [/stigforge/roles/rhel10_stig : Declare found syscalls] *******************
skipping: [localhost]

TASK [/stigforge/roles/rhel10_stig : Declare missing syscalls] *****************
skipping: [localhost]

TASK [/stigforge/roles/rhel10_stig : Replace the audit rule in {{ audit_file }}] ***
skipping: [localhost]

TASK [/stigforge/roles/rhel10_stig : Add the audit rule to {{ audit_file }}] ***
skipping: [localhost]

TASK [/stigforge/roles/rhel10_stig : Declare list of syscalls] *****************
skipping: [localhost]

TASK [/stigforge/roles/rhel10_stig : Check existence of openat in /etc/audit/audit.rules] ***
skipping: [localhost]

TASK [/stigforge/roles/rhel10_stig : Set path to /etc/audit/audit.rules] *******
skipping: [localhost]

TASK [/stigforge/roles/rhel10_stig : Declare found syscalls] *******************
skipping: [localhost]

TASK [/stigforge/roles/rhel10_stig : Declare missing syscalls] *****************
skipping: [localhost]

TASK [/stigforge/roles/rhel10_stig : Replace the audit rule in {{ audit_file }}] ***
skipping: [localhost]

TASK [/stigforge/roles/rhel10_stig : Add the audit rule to {{ audit_file }}] ***
skipping: [localhost]

TASK [/stigforge/roles/rhel10_stig : Declare list of syscalls] *****************
skipping: [localhost]

TASK [/stigforge/roles/rhel10_stig : Check existence of openat in /etc/audit/rules.d/] ***
skipping: [localhost]

TASK [/stigforge/roles/rhel10_stig : Reset syscalls found per file] ************
skipping: [localhost]

TASK [/stigforge/roles/rhel10_stig : Declare syscalls found per file] **********
skipping: [localhost]

TASK [/stigforge/roles/rhel10_stig : Declare files where syscalls were found] ***
skipping: [localhost]

TASK [/stigforge/roles/rhel10_stig : Count occurrences of syscalls in paths] ***
skipping: [localhost]

TASK [/stigforge/roles/rhel10_stig : Get path with most syscalls] **************
skipping: [localhost]

TASK [/stigforge/roles/rhel10_stig : No file with syscall found, set path to /etc/audit/rules.d/access.rules] ***
skipping: [localhost]

TASK [/stigforge/roles/rhel10_stig : Declare found syscalls] *******************
skipping: [localhost]

TASK [/stigforge/roles/rhel10_stig : Declare missing syscalls] *****************
skipping: [localhost]

TASK [/stigforge/roles/rhel10_stig : Replace the audit rule in {{ audit_file }}] ***
skipping: [localhost]

TASK [/stigforge/roles/rhel10_stig : Add the audit rule to {{ audit_file }}] ***
skipping: [localhost]

TASK [/stigforge/roles/rhel10_stig : Declare list of syscalls] *****************
skipping: [localhost]

TASK [/stigforge/roles/rhel10_stig : Check existence of openat in /etc/audit/audit.rules] ***
skipping: [localhost]

TASK [/stigforge/roles/rhel10_stig : Set path to /etc/audit/audit.rules] *******
skipping: [localhost]

TASK [/stigforge/roles/rhel10_stig : Declare found syscalls] *******************
skipping: [localhost]

TASK [/stigforge/roles/rhel10_stig : Declare missing syscalls] *****************
skipping: [localhost]

TASK [/stigforge/roles/rhel10_stig : Replace the audit rule in {{ audit_file }}] ***
skipping: [localhost]

TASK [/stigforge/roles/rhel10_stig : Add the audit rule to {{ audit_file }}] ***
skipping: [localhost]

TASK [/stigforge/roles/rhel10_stig : Declare list of syscalls] *****************
skipping: [localhost]

TASK [/stigforge/roles/rhel10_stig : Check existence of openat in /etc/audit/rules.d/] ***
skipping: [localhost]

TASK [/stigforge/roles/rhel10_stig : Reset syscalls found per file] ************
skipping: [localhost]

TASK [/stigforge/roles/rhel10_stig : Declare syscalls found per file] **********
skipping: [localhost]

TASK [/stigforge/roles/rhel10_stig : Declare files where syscalls were found] ***
skipping: [localhost]

TASK [/stigforge/roles/rhel10_stig : Count occurrences of syscalls in paths] ***
skipping: [localhost]

TASK [/stigforge/roles/rhel10_stig : Get path with most syscalls] **************
skipping: [localhost]

TASK [/stigforge/roles/rhel10_stig : No file with syscall found, set path to /etc/audit/rules.d/access.rules] ***
skipping: [localhost]

TASK [/stigforge/roles/rhel10_stig : Declare found syscalls] *******************
skipping: [localhost]

TASK [/stigforge/roles/rhel10_stig : Declare missing syscalls] *****************
skipping: [localhost]

TASK [/stigforge/roles/rhel10_stig : Replace the audit rule in {{ audit_file }}] ***
skipping: [localhost]

TASK [/stigforge/roles/rhel10_stig : Add the audit rule to {{ audit_file }}] ***
skipping: [localhost]

TASK [/stigforge/roles/rhel10_stig : Declare list of syscalls] *****************
skipping: [localhost]

TASK [/stigforge/roles/rhel10_stig : Check existence of openat in /etc/audit/audit.rules] ***
skipping: [localhost]

TASK [/stigforge/roles/rhel10_stig : Set path to /etc/audit/audit.rules] *******
skipping: [localhost]

TASK [/stigforge/roles/rhel10_stig : Declare found syscalls] *******************
skipping: [localhost]

TASK [/stigforge/roles/rhel10_stig : Declare missing syscalls] *****************
skipping: [localhost]

TASK [/stigforge/roles/rhel10_stig : Replace the audit rule in {{ audit_file }}] ***
skipping: [localhost]

TASK [/stigforge/roles/rhel10_stig : Add the audit rule to {{ audit_file }}] ***
skipping: [localhost]

TASK [/stigforge/roles/rhel10_stig : Declare list of syscalls] *****************
skipping: [localhost]

TASK [/stigforge/roles/rhel10_stig : Check existence of openat in /etc/audit/rules.d/] ***
skipping: [localhost]

TASK [/stigforge/roles/rhel10_stig : Reset syscalls found per file] ************
skipping: [localhost]

TASK [/stigforge/roles/rhel10_stig : Declare syscalls found per file] **********
skipping: [localhost]

TASK [/stigforge/roles/rhel10_stig : Declare files where syscalls were found] ***
skipping: [localhost]

TASK [/stigforge/roles/rhel10_stig : Count occurrences of syscalls in paths] ***
skipping: [localhost]

TASK [/stigforge/roles/rhel10_stig : Get path with most syscalls] **************
skipping: [localhost]

TASK [/stigforge/roles/rhel10_stig : No file with syscall found, set path to /etc/audit/rules.d/access.rules] ***
skipping: [localhost]

TASK [/stigforge/roles/rhel10_stig : Declare found syscalls] *******************
skipping: [localhost]

TASK [/stigforge/roles/rhel10_stig : Declare missing syscalls] *****************
skipping: [localhost]

TASK [/stigforge/roles/rhel10_stig : Replace the audit rule in {{ audit_file }}] ***
skipping: [localhost]

TASK [/stigforge/roles/rhel10_stig : Add the audit rule to {{ audit_file }}] ***
skipping: [localhost]

TASK [/stigforge/roles/rhel10_stig : Declare list of syscalls] *****************
skipping: [localhost]

TASK [/stigforge/roles/rhel10_stig : Check existence of openat in /etc/audit/audit.rules] ***
skipping: [localhost]

TASK [/stigforge/roles/rhel10_stig : Set path to /etc/audit/audit.rules] *******
skipping: [localhost]

TASK [/stigforge/roles/rhel10_stig : Declare found syscalls] *******************
skipping: [localhost]

TASK [/stigforge/roles/rhel10_stig : Declare missing syscalls] *****************
skipping: [localhost]

TASK [/stigforge/roles/rhel10_stig : Replace the audit rule in {{ audit_file }}] ***
skipping: [localhost]

TASK [/stigforge/roles/rhel10_stig : Add the audit rule to {{ audit_file }}] ***
skipping: [localhost]

TASK [/stigforge/roles/rhel10_stig : Set architecture for audit truncate tasks] ***
skipping: [localhost]

TASK [/stigforge/roles/rhel10_stig : Declare list of syscalls] *****************
skipping: [localhost]

TASK [/stigforge/roles/rhel10_stig : Check existence of truncate in /etc/audit/rules.d/] ***
skipping: [localhost]

TASK [/stigforge/roles/rhel10_stig : Reset syscalls found per file] ************
skipping: [localhost]

TASK [/stigforge/roles/rhel10_stig : Declare syscalls found per file] **********
skipping: [localhost]

TASK [/stigforge/roles/rhel10_stig : Declare files where syscalls were found] ***
skipping: [localhost]

TASK [/stigforge/roles/rhel10_stig : Count occurrences of syscalls in paths] ***
skipping: [localhost]

TASK [/stigforge/roles/rhel10_stig : Get path with most syscalls] **************
skipping: [localhost]

TASK [/stigforge/roles/rhel10_stig : No file with syscall found, set path to /etc/audit/rules.d/access.rules] ***
skipping: [localhost]

TASK [/stigforge/roles/rhel10_stig : Declare found syscalls] *******************
skipping: [localhost]

TASK [/stigforge/roles/rhel10_stig : Declare missing syscalls] *****************
skipping: [localhost]

TASK [/stigforge/roles/rhel10_stig : Replace the audit rule in {{ audit_file }}] ***
skipping: [localhost]

TASK [/stigforge/roles/rhel10_stig : Add the audit rule to {{ audit_file }}] ***
skipping: [localhost]

TASK [/stigforge/roles/rhel10_stig : Declare list of syscalls] *****************
skipping: [localhost]

TASK [/stigforge/roles/rhel10_stig : Check existence of truncate in /etc/audit/audit.rules] ***
skipping: [localhost]

TASK [/stigforge/roles/rhel10_stig : Set path to /etc/audit/audit.rules] *******
skipping: [localhost]

TASK [/stigforge/roles/rhel10_stig : Declare found syscalls] *******************
skipping: [localhost]

TASK [/stigforge/roles/rhel10_stig : Declare missing syscalls] *****************
skipping: [localhost]

TASK [/stigforge/roles/rhel10_stig : Replace the audit rule in {{ audit_file }}] ***
skipping: [localhost]

TASK [/stigforge/roles/rhel10_stig : Add the audit rule to {{ audit_file }}] ***
skipping: [localhost]

TASK [/stigforge/roles/rhel10_stig : Declare list of syscalls] *****************
skipping: [localhost]

TASK [/stigforge/roles/rhel10_stig : Check existence of truncate in /etc/audit/rules.d/] ***
skipping: [localhost]

TASK [/stigforge/roles/rhel10_stig : Reset syscalls found per file] ************
skipping: [localhost]

TASK [/stigforge/roles/rhel10_stig : Declare syscalls found per file] **********
skipping: [localhost]

TASK [/stigforge/roles/rhel10_stig : Declare files where syscalls were found] ***
skipping: [localhost]

TASK [/stigforge/roles/rhel10_stig : Count occurrences of syscalls in paths] ***
skipping: [localhost]

TASK [/stigforge/roles/rhel10_stig : Get path with most syscalls] **************
skipping: [localhost]

TASK [/stigforge/roles/rhel10_stig : No file with syscall found, set path to /etc/audit/rules.d/access.rules] ***
skipping: [localhost]

TASK [/stigforge/roles/rhel10_stig : Declare found syscalls] *******************
skipping: [localhost]

TASK [/stigforge/roles/rhel10_stig : Declare missing syscalls] *****************
skipping: [localhost]

TASK [/stigforge/roles/rhel10_stig : Replace the audit rule in {{ audit_file }}] ***
skipping: [localhost]

TASK [/stigforge/roles/rhel10_stig : Add the audit rule to {{ audit_file }}] ***
skipping: [localhost]

TASK [/stigforge/roles/rhel10_stig : Declare list of syscalls] *****************
skipping: [localhost]

TASK [/stigforge/roles/rhel10_stig : Check existence of truncate in /etc/audit/audit.rules] ***
skipping: [localhost]

TASK [/stigforge/roles/rhel10_stig : Set path to /etc/audit/audit.rules] *******
skipping: [localhost]

TASK [/stigforge/roles/rhel10_stig : Declare found syscalls] *******************
skipping: [localhost]

TASK [/stigforge/roles/rhel10_stig : Declare missing syscalls] *****************
skipping: [localhost]

TASK [/stigforge/roles/rhel10_stig : Replace the audit rule in {{ audit_file }}] ***
skipping: [localhost]

TASK [/stigforge/roles/rhel10_stig : Add the audit rule to {{ audit_file }}] ***
skipping: [localhost]

TASK [/stigforge/roles/rhel10_stig : Declare list of syscalls] *****************
skipping: [localhost]

TASK [/stigforge/roles/rhel10_stig : Check existence of truncate in /etc/audit/rules.d/] ***
skipping: [localhost]

TASK [/stigforge/roles/rhel10_stig : Reset syscalls found per file] ************
skipping: [localhost]

TASK [/stigforge/roles/rhel10_stig : Declare syscalls found per file] **********
skipping: [localhost]

TASK [/stigforge/roles/rhel10_stig : Declare files where syscalls were found] ***
skipping: [localhost]

TASK [/stigforge/roles/rhel10_stig : Count occurrences of syscalls in paths] ***
skipping: [localhost]

TASK [/stigforge/roles/rhel10_stig : Get path with most syscalls] **************
skipping: [localhost]

TASK [/stigforge/roles/rhel10_stig : No file with syscall found, set path to /etc/audit/rules.d/access.rules] ***
skipping: [localhost]

TASK [/stigforge/roles/rhel10_stig : Declare found syscalls] *******************
skipping: [localhost]

TASK [/stigforge/roles/rhel10_stig : Declare missing syscalls] *****************
skipping: [localhost]

TASK [/stigforge/roles/rhel10_stig : Replace the audit rule in {{ audit_file }}] ***
skipping: [localhost]

TASK [/stigforge/roles/rhel10_stig : Add the audit rule to {{ audit_file }}] ***
skipping: [localhost]

TASK [/stigforge/roles/rhel10_stig : Declare list of syscalls] *****************
skipping: [localhost]

TASK [/stigforge/roles/rhel10_stig : Check existence of truncate in /etc/audit/audit.rules] ***
skipping: [localhost]

TASK [/stigforge/roles/rhel10_stig : Set path to /etc/audit/audit.rules] *******
skipping: [localhost]

TASK [/stigforge/roles/rhel10_stig : Declare found syscalls] *******************
skipping: [localhost]

TASK [/stigforge/roles/rhel10_stig : Declare missing syscalls] *****************
skipping: [localhost]

TASK [/stigforge/roles/rhel10_stig : Replace the audit rule in {{ audit_file }}] ***
skipping: [localhost]

TASK [/stigforge/roles/rhel10_stig : Add the audit rule to {{ audit_file }}] ***
skipping: [localhost]

TASK [/stigforge/roles/rhel10_stig : Declare list of syscalls] *****************
skipping: [localhost]

TASK [/stigforge/roles/rhel10_stig : Check existence of truncate in /etc/audit/rules.d/] ***
skipping: [localhost]

TASK [/stigforge/roles/rhel10_stig : Reset syscalls found per file] ************
skipping: [localhost]

TASK [/stigforge/roles/rhel10_stig : Declare syscalls found per file] **********
skipping: [localhost]

TASK [/stigforge/roles/rhel10_stig : Declare files where syscalls were found] ***
skipping: [localhost]

TASK [/stigforge/roles/rhel10_stig : Count occurrences of syscalls in paths] ***
skipping: [localhost]

TASK [/stigforge/roles/rhel10_stig : Get path with most syscalls] **************
skipping: [localhost]

TASK [/stigforge/roles/rhel10_stig : No file with syscall found, set path to /etc/audit/rules.d/access.rules] ***
skipping: [localhost]

TASK [/stigforge/roles/rhel10_stig : Declare found syscalls] *******************
skipping: [localhost]

TASK [/stigforge/roles/rhel10_stig : Declare missing syscalls] *****************
skipping: [localhost]

TASK [/stigforge/roles/rhel10_stig : Replace the audit rule in {{ audit_file }}] ***
skipping: [localhost]

TASK [/stigforge/roles/rhel10_stig : Add the audit rule to {{ audit_file }}] ***
skipping: [localhost]

TASK [/stigforge/roles/rhel10_stig : Declare list of syscalls] *****************
skipping: [localhost]

TASK [/stigforge/roles/rhel10_stig : Check existence of truncate in /etc/audit/audit.rules] ***
skipping: [localhost]

TASK [/stigforge/roles/rhel10_stig : Set path to /etc/audit/audit.rules] *******
skipping: [localhost]

TASK [/stigforge/roles/rhel10_stig : Declare found syscalls] *******************
skipping: [localhost]

TASK [/stigforge/roles/rhel10_stig : Declare missing syscalls] *****************
skipping: [localhost]

TASK [/stigforge/roles/rhel10_stig : Replace the audit rule in {{ audit_file }}] ***
skipping: [localhost]

TASK [/stigforge/roles/rhel10_stig : Add the audit rule to {{ audit_file }}] ***
skipping: [localhost]

TASK [/stigforge/roles/rhel10_stig : Ensure auditd Collects Information on Kernel Module Unloading - delete_module - Set architecture for audit ['delete_module'] tasks] ***
skipping: [localhost]

TASK [/stigforge/roles/rhel10_stig : Declare list of syscalls] *****************
skipping: [localhost]

TASK [/stigforge/roles/rhel10_stig : Check existence of delete_module in /etc/audit/rules.d/] ***
skipping: [localhost]

TASK [/stigforge/roles/rhel10_stig : Reset syscalls found per file] ************
skipping: [localhost]

TASK [/stigforge/roles/rhel10_stig : Declare syscalls found per file] **********
skipping: [localhost]

TASK [/stigforge/roles/rhel10_stig : Declare files where syscalls were found] ***
skipping: [localhost]

TASK [/stigforge/roles/rhel10_stig : Count occurrences of syscalls in paths] ***
skipping: [localhost]

TASK [/stigforge/roles/rhel10_stig : Get path with most syscalls] **************
skipping: [localhost]

TASK [/stigforge/roles/rhel10_stig : No file with syscall found, set path to /etc/audit/rules.d/modules.rules] ***
skipping: [localhost]

TASK [/stigforge/roles/rhel10_stig : Declare found syscalls] *******************
skipping: [localhost]

TASK [/stigforge/roles/rhel10_stig : Declare missing syscalls] *****************
skipping: [localhost]

TASK [/stigforge/roles/rhel10_stig : Replace the audit rule in {{ audit_file }}] ***
skipping: [localhost]

TASK [/stigforge/roles/rhel10_stig : Add the audit rule to {{ audit_file }}] ***
skipping: [localhost]

TASK [/stigforge/roles/rhel10_stig : Declare list of syscalls] *****************
skipping: [localhost]

TASK [/stigforge/roles/rhel10_stig : Check existence of delete_module in /etc/audit/audit.rules] ***
skipping: [localhost]

TASK [/stigforge/roles/rhel10_stig : Set path to /etc/audit/audit.rules] *******
skipping: [localhost]

TASK [/stigforge/roles/rhel10_stig : Declare found syscalls] *******************
skipping: [localhost]

TASK [/stigforge/roles/rhel10_stig : Declare missing syscalls] *****************
skipping: [localhost]

TASK [/stigforge/roles/rhel10_stig : Replace the audit rule in {{ audit_file }}] ***
skipping: [localhost]

TASK [/stigforge/roles/rhel10_stig : Add the audit rule to {{ audit_file }}] ***
skipping: [localhost]

TASK [/stigforge/roles/rhel10_stig : Declare list of syscalls] *****************
skipping: [localhost]

TASK [/stigforge/roles/rhel10_stig : Check existence of delete_module in /etc/audit/rules.d/] ***
skipping: [localhost]

TASK [/stigforge/roles/rhel10_stig : Reset syscalls found per file] ************
skipping: [localhost]

TASK [/stigforge/roles/rhel10_stig : Declare syscalls found per file] **********
skipping: [localhost]

TASK [/stigforge/roles/rhel10_stig : Declare files where syscalls were found] ***
skipping: [localhost]

TASK [/stigforge/roles/rhel10_stig : Count occurrences of syscalls in paths] ***
skipping: [localhost]

TASK [/stigforge/roles/rhel10_stig : Get path with most syscalls] **************
skipping: [localhost]

TASK [/stigforge/roles/rhel10_stig : No file with syscall found, set path to /etc/audit/rules.d/modules.rules] ***
skipping: [localhost]

TASK [/stigforge/roles/rhel10_stig : Declare found syscalls] *******************
skipping: [localhost]

TASK [/stigforge/roles/rhel10_stig : Declare missing syscalls] *****************
skipping: [localhost]

TASK [/stigforge/roles/rhel10_stig : Replace the audit rule in {{ audit_file }}] ***
skipping: [localhost]

TASK [/stigforge/roles/rhel10_stig : Add the audit rule to {{ audit_file }}] ***
skipping: [localhost]

TASK [/stigforge/roles/rhel10_stig : Declare list of syscalls] *****************
skipping: [localhost]

TASK [/stigforge/roles/rhel10_stig : Check existence of delete_module in /etc/audit/audit.rules] ***
skipping: [localhost]

TASK [/stigforge/roles/rhel10_stig : Set path to /etc/audit/audit.rules] *******
skipping: [localhost]

TASK [/stigforge/roles/rhel10_stig : Declare found syscalls] *******************
skipping: [localhost]

TASK [/stigforge/roles/rhel10_stig : Declare missing syscalls] *****************
skipping: [localhost]

TASK [/stigforge/roles/rhel10_stig : Replace the audit rule in {{ audit_file }}] ***
skipping: [localhost]

TASK [/stigforge/roles/rhel10_stig : Add the audit rule to {{ audit_file }}] ***
skipping: [localhost]

TASK [/stigforge/roles/rhel10_stig : Ensure auditd Collects Information on Kernel Module Loading and Unloading - finit_module - Set architecture for audit ['finit_module'] tasks] ***
skipping: [localhost]

TASK [/stigforge/roles/rhel10_stig : Declare list of syscalls] *****************
skipping: [localhost]

TASK [/stigforge/roles/rhel10_stig : Check existence of finit_module in /etc/audit/rules.d/] ***
skipping: [localhost]

TASK [/stigforge/roles/rhel10_stig : Reset syscalls found per file] ************
skipping: [localhost]

TASK [/stigforge/roles/rhel10_stig : Declare syscalls found per file] **********
skipping: [localhost]

TASK [/stigforge/roles/rhel10_stig : Declare files where syscalls were found] ***
skipping: [localhost]

TASK [/stigforge/roles/rhel10_stig : Count occurrences of syscalls in paths] ***
skipping: [localhost]

TASK [/stigforge/roles/rhel10_stig : Get path with most syscalls] **************
skipping: [localhost]

TASK [/stigforge/roles/rhel10_stig : No file with syscall found, set path to /etc/audit/rules.d/modules.rules] ***
skipping: [localhost]

TASK [/stigforge/roles/rhel10_stig : Declare found syscalls] *******************
skipping: [localhost]

TASK [/stigforge/roles/rhel10_stig : Declare missing syscalls] *****************
skipping: [localhost]

TASK [/stigforge/roles/rhel10_stig : Replace the audit rule in {{ audit_file }}] ***
skipping: [localhost]

TASK [/stigforge/roles/rhel10_stig : Add the audit rule to {{ audit_file }}] ***
skipping: [localhost]

TASK [/stigforge/roles/rhel10_stig : Declare list of syscalls] *****************
skipping: [localhost]

TASK [/stigforge/roles/rhel10_stig : Check existence of finit_module in /etc/audit/audit.rules] ***
skipping: [localhost]

TASK [/stigforge/roles/rhel10_stig : Set path to /etc/audit/audit.rules] *******
skipping: [localhost]

TASK [/stigforge/roles/rhel10_stig : Declare found syscalls] *******************
skipping: [localhost]

TASK [/stigforge/roles/rhel10_stig : Declare missing syscalls] *****************
skipping: [localhost]

TASK [/stigforge/roles/rhel10_stig : Replace the audit rule in {{ audit_file }}] ***
skipping: [localhost]

TASK [/stigforge/roles/rhel10_stig : Add the audit rule to {{ audit_file }}] ***
skipping: [localhost]

TASK [/stigforge/roles/rhel10_stig : Declare list of syscalls] *****************
skipping: [localhost]

TASK [/stigforge/roles/rhel10_stig : Check existence of finit_module in /etc/audit/rules.d/] ***
skipping: [localhost]

TASK [/stigforge/roles/rhel10_stig : Reset syscalls found per file] ************
skipping: [localhost]

TASK [/stigforge/roles/rhel10_stig : Declare syscalls found per file] **********
skipping: [localhost]

TASK [/stigforge/roles/rhel10_stig : Declare files where syscalls were found] ***
skipping: [localhost]

TASK [/stigforge/roles/rhel10_stig : Count occurrences of syscalls in paths] ***
skipping: [localhost]

TASK [/stigforge/roles/rhel10_stig : Get path with most syscalls] **************
skipping: [localhost]

TASK [/stigforge/roles/rhel10_stig : No file with syscall found, set path to /etc/audit/rules.d/modules.rules] ***
skipping: [localhost]

TASK [/stigforge/roles/rhel10_stig : Declare found syscalls] *******************
skipping: [localhost]

TASK [/stigforge/roles/rhel10_stig : Declare missing syscalls] *****************
skipping: [localhost]

TASK [/stigforge/roles/rhel10_stig : Replace the audit rule in {{ audit_file }}] ***
skipping: [localhost]

TASK [/stigforge/roles/rhel10_stig : Add the audit rule to {{ audit_file }}] ***
skipping: [localhost]

TASK [/stigforge/roles/rhel10_stig : Declare list of syscalls] *****************
skipping: [localhost]

TASK [/stigforge/roles/rhel10_stig : Check existence of finit_module in /etc/audit/audit.rules] ***
skipping: [localhost]

TASK [/stigforge/roles/rhel10_stig : Set path to /etc/audit/audit.rules] *******
skipping: [localhost]

TASK [/stigforge/roles/rhel10_stig : Declare found syscalls] *******************
skipping: [localhost]

TASK [/stigforge/roles/rhel10_stig : Declare missing syscalls] *****************
skipping: [localhost]

TASK [/stigforge/roles/rhel10_stig : Replace the audit rule in {{ audit_file }}] ***
skipping: [localhost]

TASK [/stigforge/roles/rhel10_stig : Add the audit rule to {{ audit_file }}] ***
skipping: [localhost]

TASK [/stigforge/roles/rhel10_stig : Ensure auditd Collects Information on Kernel Module Loading - init_module - Set architecture for audit ['init_module'] tasks] ***
skipping: [localhost]

TASK [/stigforge/roles/rhel10_stig : Declare list of syscalls] *****************
skipping: [localhost]

TASK [/stigforge/roles/rhel10_stig : Check existence of init_module in /etc/audit/rules.d/] ***
skipping: [localhost]

TASK [/stigforge/roles/rhel10_stig : Reset syscalls found per file] ************
skipping: [localhost]

TASK [/stigforge/roles/rhel10_stig : Declare syscalls found per file] **********
skipping: [localhost]

TASK [/stigforge/roles/rhel10_stig : Declare files where syscalls were found] ***
skipping: [localhost]

TASK [/stigforge/roles/rhel10_stig : Count occurrences of syscalls in paths] ***
skipping: [localhost]

TASK [/stigforge/roles/rhel10_stig : Get path with most syscalls] **************
skipping: [localhost]

TASK [/stigforge/roles/rhel10_stig : No file with syscall found, set path to /etc/audit/rules.d/modules.rules] ***
skipping: [localhost]

TASK [/stigforge/roles/rhel10_stig : Declare found syscalls] *******************
skipping: [localhost]

TASK [/stigforge/roles/rhel10_stig : Declare missing syscalls] *****************
skipping: [localhost]

TASK [/stigforge/roles/rhel10_stig : Replace the audit rule in {{ audit_file }}] ***
skipping: [localhost]

TASK [/stigforge/roles/rhel10_stig : Add the audit rule to {{ audit_file }}] ***
skipping: [localhost]

TASK [/stigforge/roles/rhel10_stig : Declare list of syscalls] *****************
skipping: [localhost]

TASK [/stigforge/roles/rhel10_stig : Check existence of init_module in /etc/audit/audit.rules] ***
skipping: [localhost]

TASK [/stigforge/roles/rhel10_stig : Set path to /etc/audit/audit.rules] *******
skipping: [localhost]

TASK [/stigforge/roles/rhel10_stig : Declare found syscalls] *******************
skipping: [localhost]

TASK [/stigforge/roles/rhel10_stig : Declare missing syscalls] *****************
skipping: [localhost]

TASK [/stigforge/roles/rhel10_stig : Replace the audit rule in {{ audit_file }}] ***
skipping: [localhost]

TASK [/stigforge/roles/rhel10_stig : Add the audit rule to {{ audit_file }}] ***
skipping: [localhost]

TASK [/stigforge/roles/rhel10_stig : Declare list of syscalls] *****************
skipping: [localhost]

TASK [/stigforge/roles/rhel10_stig : Check existence of init_module in /etc/audit/rules.d/] ***
skipping: [localhost]

TASK [/stigforge/roles/rhel10_stig : Reset syscalls found per file] ************
skipping: [localhost]

TASK [/stigforge/roles/rhel10_stig : Declare syscalls found per file] **********
skipping: [localhost]

TASK [/stigforge/roles/rhel10_stig : Declare files where syscalls were found] ***
skipping: [localhost]

TASK [/stigforge/roles/rhel10_stig : Count occurrences of syscalls in paths] ***
skipping: [localhost]

TASK [/stigforge/roles/rhel10_stig : Get path with most syscalls] **************
skipping: [localhost]

TASK [/stigforge/roles/rhel10_stig : No file with syscall found, set path to /etc/audit/rules.d/modules.rules] ***
skipping: [localhost]

TASK [/stigforge/roles/rhel10_stig : Declare found syscalls] *******************
skipping: [localhost]

TASK [/stigforge/roles/rhel10_stig : Declare missing syscalls] *****************
skipping: [localhost]

TASK [/stigforge/roles/rhel10_stig : Replace the audit rule in {{ audit_file }}] ***
skipping: [localhost]

TASK [/stigforge/roles/rhel10_stig : Add the audit rule to {{ audit_file }}] ***
skipping: [localhost]

TASK [/stigforge/roles/rhel10_stig : Declare list of syscalls] *****************
skipping: [localhost]

TASK [/stigforge/roles/rhel10_stig : Check existence of init_module in /etc/audit/audit.rules] ***
skipping: [localhost]

TASK [/stigforge/roles/rhel10_stig : Set path to /etc/audit/audit.rules] *******
skipping: [localhost]

TASK [/stigforge/roles/rhel10_stig : Declare found syscalls] *******************
skipping: [localhost]

TASK [/stigforge/roles/rhel10_stig : Declare missing syscalls] *****************
skipping: [localhost]

TASK [/stigforge/roles/rhel10_stig : Replace the audit rule in {{ audit_file }}] ***
skipping: [localhost]

TASK [/stigforge/roles/rhel10_stig : Add the audit rule to {{ audit_file }}] ***
skipping: [localhost]

TASK [/stigforge/roles/rhel10_stig : Record Attempts to Alter Logon and Logout Events - faillock - Check if watch rule for /var/log/faillock already exists in /etc/audit/rules.d/] ***
skipping: [localhost]

TASK [/stigforge/roles/rhel10_stig : Record Attempts to Alter Logon and Logout Events - faillock - Search /etc/audit/rules.d for other rules with specified key logins] ***
skipping: [localhost]

TASK [/stigforge/roles/rhel10_stig : Record Attempts to Alter Logon and Logout Events - faillock - Use /etc/audit/rules.d/logins.rules as the recipient for the rule] ***
skipping: [localhost]

TASK [/stigforge/roles/rhel10_stig : Record Attempts to Alter Logon and Logout Events - faillock - Use matched file as the recipient for the rule] ***
skipping: [localhost]

TASK [/stigforge/roles/rhel10_stig : Record Attempts to Alter Logon and Logout Events - faillock - Add watch rule for /var/log/faillock in /etc/audit/rules.d/] ***
skipping: [localhost]

TASK [/stigforge/roles/rhel10_stig : Record Attempts to Alter Logon and Logout Events - faillock - Check if watch rule for /var/log/faillock already exists in /etc/audit/rules.d/] ***
skipping: [localhost]

TASK [/stigforge/roles/rhel10_stig : Record Attempts to Alter Logon and Logout Events - faillock - Search /etc/audit/rules.d for other rules with specified key logins] ***
skipping: [localhost]

TASK [/stigforge/roles/rhel10_stig : Record Attempts to Alter Logon and Logout Events - faillock - Use /etc/audit/rules.d/logins.rules as the recipient for the rule] ***
skipping: [localhost]

TASK [/stigforge/roles/rhel10_stig : Record Attempts to Alter Logon and Logout Events - faillock - Use matched file as the recipient for the rule] ***
skipping: [localhost]

TASK [/stigforge/roles/rhel10_stig : Record Attempts to Alter Logon and Logout Events - faillock - Add watch rule for /var/log/faillock in /etc/audit/rules.d/] ***
skipping: [localhost]

TASK [/stigforge/roles/rhel10_stig : Record Attempts to Alter Logon and Logout Events - faillock - Check if watch rule for /var/log/faillock already exists in /etc/audit/audit.rules] ***
skipping: [localhost]

TASK [/stigforge/roles/rhel10_stig : Record Attempts to Alter Logon and Logout Events - faillock - Add watch rule for /var/log/faillock in /etc/audit/audit.rules] ***
skipping: [localhost]

TASK [/stigforge/roles/rhel10_stig : Record Attempts to Alter Logon and Logout Events - faillock - Check if watch rule for /var/log/faillock already exists in /etc/audit/audit.rules] ***
skipping: [localhost]

TASK [/stigforge/roles/rhel10_stig : Record Attempts to Alter Logon and Logout Events - faillock - Add watch rule for /var/log/faillock in /etc/audit/audit.rules] ***
skipping: [localhost]

TASK [/stigforge/roles/rhel10_stig : Record Attempts to Alter Logon and Logout Events - lastlog - Check if watch rule for /var/log/lastlog already exists in /etc/audit/rules.d/] ***
skipping: [localhost]

TASK [/stigforge/roles/rhel10_stig : Record Attempts to Alter Logon and Logout Events - lastlog - Search /etc/audit/rules.d for other rules with specified key logins] ***
skipping: [localhost]

TASK [/stigforge/roles/rhel10_stig : Record Attempts to Alter Logon and Logout Events - lastlog - Use /etc/audit/rules.d/logins.rules as the recipient for the rule] ***
skipping: [localhost]

TASK [/stigforge/roles/rhel10_stig : Record Attempts to Alter Logon and Logout Events - lastlog - Use matched file as the recipient for the rule] ***
skipping: [localhost]

TASK [/stigforge/roles/rhel10_stig : Record Attempts to Alter Logon and Logout Events - lastlog - Add watch rule for /var/log/lastlog in /etc/audit/rules.d/] ***
skipping: [localhost]

TASK [/stigforge/roles/rhel10_stig : Record Attempts to Alter Logon and Logout Events - lastlog - Check if watch rule for /var/log/lastlog already exists in /etc/audit/rules.d/] ***
skipping: [localhost]

TASK [/stigforge/roles/rhel10_stig : Record Attempts to Alter Logon and Logout Events - lastlog - Search /etc/audit/rules.d for other rules with specified key logins] ***
skipping: [localhost]

TASK [/stigforge/roles/rhel10_stig : Record Attempts to Alter Logon and Logout Events - lastlog - Use /etc/audit/rules.d/logins.rules as the recipient for the rule] ***
skipping: [localhost]

TASK [/stigforge/roles/rhel10_stig : Record Attempts to Alter Logon and Logout Events - lastlog - Use matched file as the recipient for the rule] ***
skipping: [localhost]

TASK [/stigforge/roles/rhel10_stig : Record Attempts to Alter Logon and Logout Events - lastlog - Add watch rule for /var/log/lastlog in /etc/audit/rules.d/] ***
skipping: [localhost]

TASK [/stigforge/roles/rhel10_stig : Record Attempts to Alter Logon and Logout Events - lastlog - Check if watch rule for /var/log/lastlog already exists in /etc/audit/audit.rules] ***
skipping: [localhost]

TASK [/stigforge/roles/rhel10_stig : Record Attempts to Alter Logon and Logout Events - lastlog - Add watch rule for /var/log/lastlog in /etc/audit/audit.rules] ***
skipping: [localhost]

TASK [/stigforge/roles/rhel10_stig : Record Attempts to Alter Logon and Logout Events - lastlog - Check if watch rule for /var/log/lastlog already exists in /etc/audit/audit.rules] ***
skipping: [localhost]

TASK [/stigforge/roles/rhel10_stig : Record Attempts to Alter Logon and Logout Events - lastlog - Add watch rule for /var/log/lastlog in /etc/audit/audit.rules] ***
skipping: [localhost]

TASK [/stigforge/roles/rhel10_stig : Ensure auditd Collects Information on the Use of Privileged Commands - init - Set architecture for audit /usr/sbin/init] ***
skipping: [localhost]

TASK [/stigforge/roles/rhel10_stig : Declare list of syscalls] *****************
skipping: [localhost]

TASK [/stigforge/roles/rhel10_stig : Check existence of  in /etc/audit/rules.d/] ***
skipping: [localhost]

TASK [/stigforge/roles/rhel10_stig : Reset syscalls found per file] ************
skipping: [localhost]

TASK [/stigforge/roles/rhel10_stig : Declare syscalls found per file] **********
skipping: [localhost]

TASK [/stigforge/roles/rhel10_stig : Declare files where syscalls were found] ***
skipping: [localhost]

TASK [/stigforge/roles/rhel10_stig : Count occurrences of syscalls in paths] ***
skipping: [localhost]

TASK [/stigforge/roles/rhel10_stig : Get path with most syscalls] **************
skipping: [localhost]

TASK [/stigforge/roles/rhel10_stig : No file with syscall found, set path to /etc/audit/rules.d/privileged.rules] ***
skipping: [localhost]

TASK [/stigforge/roles/rhel10_stig : Declare found syscalls] *******************
skipping: [localhost]

TASK [/stigforge/roles/rhel10_stig : Declare missing syscalls] *****************
skipping: [localhost]

TASK [/stigforge/roles/rhel10_stig : Replace the audit rule in {{ audit_file }}] ***
skipping: [localhost]

TASK [/stigforge/roles/rhel10_stig : Add the audit rule to {{ audit_file }}] ***
skipping: [localhost]

TASK [/stigforge/roles/rhel10_stig : Declare list of syscalls] *****************
skipping: [localhost]

TASK [/stigforge/roles/rhel10_stig : Check existence of  in /etc/audit/audit.rules] ***
skipping: [localhost]

TASK [/stigforge/roles/rhel10_stig : Set path to /etc/audit/audit.rules] *******
skipping: [localhost]

TASK [/stigforge/roles/rhel10_stig : Declare found syscalls] *******************
skipping: [localhost]

TASK [/stigforge/roles/rhel10_stig : Declare missing syscalls] *****************
skipping: [localhost]

TASK [/stigforge/roles/rhel10_stig : Replace the audit rule in {{ audit_file }}] ***
skipping: [localhost]

TASK [/stigforge/roles/rhel10_stig : Add the audit rule to {{ audit_file }}] ***
skipping: [localhost]

TASK [/stigforge/roles/rhel10_stig : Declare list of syscalls] *****************
skipping: [localhost]

TASK [/stigforge/roles/rhel10_stig : Check existence of  in /etc/audit/rules.d/] ***
skipping: [localhost]

TASK [/stigforge/roles/rhel10_stig : Reset syscalls found per file] ************
skipping: [localhost]

TASK [/stigforge/roles/rhel10_stig : Declare syscalls found per file] **********
skipping: [localhost]

TASK [/stigforge/roles/rhel10_stig : Declare files where syscalls were found] ***
skipping: [localhost]

TASK [/stigforge/roles/rhel10_stig : Count occurrences of syscalls in paths] ***
skipping: [localhost]

TASK [/stigforge/roles/rhel10_stig : Get path with most syscalls] **************
skipping: [localhost]

TASK [/stigforge/roles/rhel10_stig : No file with syscall found, set path to /etc/audit/rules.d/privileged.rules] ***
skipping: [localhost]

TASK [/stigforge/roles/rhel10_stig : Declare found syscalls] *******************
skipping: [localhost]

TASK [/stigforge/roles/rhel10_stig : Declare missing syscalls] *****************
skipping: [localhost]

TASK [/stigforge/roles/rhel10_stig : Replace the audit rule in {{ audit_file }}] ***
skipping: [localhost]

TASK [/stigforge/roles/rhel10_stig : Add the audit rule to {{ audit_file }}] ***
skipping: [localhost]

TASK [/stigforge/roles/rhel10_stig : Declare list of syscalls] *****************
skipping: [localhost]

TASK [/stigforge/roles/rhel10_stig : Check existence of  in /etc/audit/audit.rules] ***
skipping: [localhost]

TASK [/stigforge/roles/rhel10_stig : Set path to /etc/audit/audit.rules] *******
skipping: [localhost]

TASK [/stigforge/roles/rhel10_stig : Declare found syscalls] *******************
skipping: [localhost]

TASK [/stigforge/roles/rhel10_stig : Declare missing syscalls] *****************
skipping: [localhost]

TASK [/stigforge/roles/rhel10_stig : Replace the audit rule in {{ audit_file }}] ***
skipping: [localhost]

TASK [/stigforge/roles/rhel10_stig : Add the audit rule to {{ audit_file }}] ***
skipping: [localhost]

TASK [/stigforge/roles/rhel10_stig : Ensure auditd Collects Information on the Use of Privileged Commands - poweroff - Set architecture for audit /usr/sbin/poweroff] ***
skipping: [localhost]

TASK [/stigforge/roles/rhel10_stig : Declare list of syscalls] *****************
skipping: [localhost]

TASK [/stigforge/roles/rhel10_stig : Check existence of  in /etc/audit/rules.d/] ***
skipping: [localhost]

TASK [/stigforge/roles/rhel10_stig : Reset syscalls found per file] ************
skipping: [localhost]

TASK [/stigforge/roles/rhel10_stig : Declare syscalls found per file] **********
skipping: [localhost]

TASK [/stigforge/roles/rhel10_stig : Declare files where syscalls were found] ***
skipping: [localhost]

TASK [/stigforge/roles/rhel10_stig : Count occurrences of syscalls in paths] ***
skipping: [localhost]

TASK [/stigforge/roles/rhel10_stig : Get path with most syscalls] **************
skipping: [localhost]

TASK [/stigforge/roles/rhel10_stig : No file with syscall found, set path to /etc/audit/rules.d/privileged.rules] ***
skipping: [localhost]

TASK [/stigforge/roles/rhel10_stig : Declare found syscalls] *******************
skipping: [localhost]

TASK [/stigforge/roles/rhel10_stig : Declare missing syscalls] *****************
skipping: [localhost]

TASK [/stigforge/roles/rhel10_stig : Replace the audit rule in {{ audit_file }}] ***
skipping: [localhost]

TASK [/stigforge/roles/rhel10_stig : Add the audit rule to {{ audit_file }}] ***
skipping: [localhost]

TASK [/stigforge/roles/rhel10_stig : Declare list of syscalls] *****************
skipping: [localhost]

TASK [/stigforge/roles/rhel10_stig : Check existence of  in /etc/audit/audit.rules] ***
skipping: [localhost]

TASK [/stigforge/roles/rhel10_stig : Set path to /etc/audit/audit.rules] *******
skipping: [localhost]

TASK [/stigforge/roles/rhel10_stig : Declare found syscalls] *******************
skipping: [localhost]

TASK [/stigforge/roles/rhel10_stig : Declare missing syscalls] *****************
skipping: [localhost]

TASK [/stigforge/roles/rhel10_stig : Replace the audit rule in {{ audit_file }}] ***
skipping: [localhost]

TASK [/stigforge/roles/rhel10_stig : Add the audit rule to {{ audit_file }}] ***
skipping: [localhost]

TASK [/stigforge/roles/rhel10_stig : Declare list of syscalls] *****************
skipping: [localhost]

TASK [/stigforge/roles/rhel10_stig : Check existence of  in /etc/audit/rules.d/] ***
skipping: [localhost]

TASK [/stigforge/roles/rhel10_stig : Reset syscalls found per file] ************
skipping: [localhost]

TASK [/stigforge/roles/rhel10_stig : Declare syscalls found per file] **********
skipping: [localhost]

TASK [/stigforge/roles/rhel10_stig : Declare files where syscalls were found] ***
skipping: [localhost]

TASK [/stigforge/roles/rhel10_stig : Count occurrences of syscalls in paths] ***
skipping: [localhost]

TASK [/stigforge/roles/rhel10_stig : Get path with most syscalls] **************
skipping: [localhost]

TASK [/stigforge/roles/rhel10_stig : No file with syscall found, set path to /etc/audit/rules.d/privileged.rules] ***
skipping: [localhost]

TASK [/stigforge/roles/rhel10_stig : Declare found syscalls] *******************
skipping: [localhost]

TASK [/stigforge/roles/rhel10_stig : Declare missing syscalls] *****************
skipping: [localhost]

TASK [/stigforge/roles/rhel10_stig : Replace the audit rule in {{ audit_file }}] ***
skipping: [localhost]

TASK [/stigforge/roles/rhel10_stig : Add the audit rule to {{ audit_file }}] ***
skipping: [localhost]

TASK [/stigforge/roles/rhel10_stig : Declare list of syscalls] *****************
skipping: [localhost]

TASK [/stigforge/roles/rhel10_stig : Check existence of  in /etc/audit/audit.rules] ***
skipping: [localhost]

TASK [/stigforge/roles/rhel10_stig : Set path to /etc/audit/audit.rules] *******
skipping: [localhost]

TASK [/stigforge/roles/rhel10_stig : Declare found syscalls] *******************
skipping: [localhost]

TASK [/stigforge/roles/rhel10_stig : Declare missing syscalls] *****************
skipping: [localhost]

TASK [/stigforge/roles/rhel10_stig : Replace the audit rule in {{ audit_file }}] ***
skipping: [localhost]

TASK [/stigforge/roles/rhel10_stig : Add the audit rule to {{ audit_file }}] ***
skipping: [localhost]

TASK [/stigforge/roles/rhel10_stig : Ensure auditd Collects Information on the Use of Privileged Commands - reboot - Set architecture for audit /usr/sbin/reboot] ***
skipping: [localhost]

TASK [/stigforge/roles/rhel10_stig : Declare list of syscalls] *****************
skipping: [localhost]

TASK [/stigforge/roles/rhel10_stig : Check existence of  in /etc/audit/rules.d/] ***
skipping: [localhost]

TASK [/stigforge/roles/rhel10_stig : Reset syscalls found per file] ************
skipping: [localhost]

TASK [/stigforge/roles/rhel10_stig : Declare syscalls found per file] **********
skipping: [localhost]

TASK [/stigforge/roles/rhel10_stig : Declare files where syscalls were found] ***
skipping: [localhost]

TASK [/stigforge/roles/rhel10_stig : Count occurrences of syscalls in paths] ***
skipping: [localhost]

TASK [/stigforge/roles/rhel10_stig : Get path with most syscalls] **************
skipping: [localhost]

TASK [/stigforge/roles/rhel10_stig : No file with syscall found, set path to /etc/audit/rules.d/privileged.rules] ***
skipping: [localhost]

TASK [/stigforge/roles/rhel10_stig : Declare found syscalls] *******************
skipping: [localhost]

TASK [/stigforge/roles/rhel10_stig : Declare missing syscalls] *****************
skipping: [localhost]

TASK [/stigforge/roles/rhel10_stig : Replace the audit rule in {{ audit_file }}] ***
skipping: [localhost]

TASK [/stigforge/roles/rhel10_stig : Add the audit rule to {{ audit_file }}] ***
skipping: [localhost]

TASK [/stigforge/roles/rhel10_stig : Declare list of syscalls] *****************
skipping: [localhost]

TASK [/stigforge/roles/rhel10_stig : Check existence of  in /etc/audit/audit.rules] ***
skipping: [localhost]

TASK [/stigforge/roles/rhel10_stig : Set path to /etc/audit/audit.rules] *******
skipping: [localhost]

TASK [/stigforge/roles/rhel10_stig : Declare found syscalls] *******************
skipping: [localhost]

TASK [/stigforge/roles/rhel10_stig : Declare missing syscalls] *****************
skipping: [localhost]

TASK [/stigforge/roles/rhel10_stig : Replace the audit rule in {{ audit_file }}] ***
skipping: [localhost]

TASK [/stigforge/roles/rhel10_stig : Add the audit rule to {{ audit_file }}] ***
skipping: [localhost]

TASK [/stigforge/roles/rhel10_stig : Declare list of syscalls] *****************
skipping: [localhost]

TASK [/stigforge/roles/rhel10_stig : Check existence of  in /etc/audit/rules.d/] ***
skipping: [localhost]

TASK [/stigforge/roles/rhel10_stig : Reset syscalls found per file] ************
skipping: [localhost]

TASK [/stigforge/roles/rhel10_stig : Declare syscalls found per file] **********
skipping: [localhost]

TASK [/stigforge/roles/rhel10_stig : Declare files where syscalls were found] ***
skipping: [localhost]

TASK [/stigforge/roles/rhel10_stig : Count occurrences of syscalls in paths] ***
skipping: [localhost]

TASK [/stigforge/roles/rhel10_stig : Get path with most syscalls] **************
skipping: [localhost]

TASK [/stigforge/roles/rhel10_stig : No file with syscall found, set path to /etc/audit/rules.d/privileged.rules] ***
skipping: [localhost]

TASK [/stigforge/roles/rhel10_stig : Declare found syscalls] *******************
skipping: [localhost]

TASK [/stigforge/roles/rhel10_stig : Declare missing syscalls] *****************
skipping: [localhost]

TASK [/stigforge/roles/rhel10_stig : Replace the audit rule in {{ audit_file }}] ***
skipping: [localhost]

TASK [/stigforge/roles/rhel10_stig : Add the audit rule to {{ audit_file }}] ***
skipping: [localhost]

TASK [/stigforge/roles/rhel10_stig : Declare list of syscalls] *****************
skipping: [localhost]

TASK [/stigforge/roles/rhel10_stig : Check existence of  in /etc/audit/audit.rules] ***
skipping: [localhost]

TASK [/stigforge/roles/rhel10_stig : Set path to /etc/audit/audit.rules] *******
skipping: [localhost]

TASK [/stigforge/roles/rhel10_stig : Declare found syscalls] *******************
skipping: [localhost]

TASK [/stigforge/roles/rhel10_stig : Declare missing syscalls] *****************
skipping: [localhost]

TASK [/stigforge/roles/rhel10_stig : Replace the audit rule in {{ audit_file }}] ***
skipping: [localhost]

TASK [/stigforge/roles/rhel10_stig : Add the audit rule to {{ audit_file }}] ***
skipping: [localhost]

TASK [/stigforge/roles/rhel10_stig : Ensure auditd Collects Information on the Use of Privileged Commands - shutdown - Set architecture for audit /usr/sbin/shutdown] ***
skipping: [localhost]

TASK [/stigforge/roles/rhel10_stig : Declare list of syscalls] *****************
skipping: [localhost]

TASK [/stigforge/roles/rhel10_stig : Check existence of  in /etc/audit/rules.d/] ***
skipping: [localhost]

TASK [/stigforge/roles/rhel10_stig : Reset syscalls found per file] ************
skipping: [localhost]

TASK [/stigforge/roles/rhel10_stig : Declare syscalls found per file] **********
skipping: [localhost]

TASK [/stigforge/roles/rhel10_stig : Declare files where syscalls were found] ***
skipping: [localhost]

TASK [/stigforge/roles/rhel10_stig : Count occurrences of syscalls in paths] ***
skipping: [localhost]

TASK [/stigforge/roles/rhel10_stig : Get path with most syscalls] **************
skipping: [localhost]

TASK [/stigforge/roles/rhel10_stig : No file with syscall found, set path to /etc/audit/rules.d/privileged.rules] ***
skipping: [localhost]

TASK [/stigforge/roles/rhel10_stig : Declare found syscalls] *******************
skipping: [localhost]

TASK [/stigforge/roles/rhel10_stig : Declare missing syscalls] *****************
skipping: [localhost]

TASK [/stigforge/roles/rhel10_stig : Replace the audit rule in {{ audit_file }}] ***
skipping: [localhost]

TASK [/stigforge/roles/rhel10_stig : Add the audit rule to {{ audit_file }}] ***
skipping: [localhost]

TASK [/stigforge/roles/rhel10_stig : Declare list of syscalls] *****************
skipping: [localhost]

TASK [/stigforge/roles/rhel10_stig : Check existence of  in /etc/audit/audit.rules] ***
skipping: [localhost]

TASK [/stigforge/roles/rhel10_stig : Set path to /etc/audit/audit.rules] *******
skipping: [localhost]

TASK [/stigforge/roles/rhel10_stig : Declare found syscalls] *******************
skipping: [localhost]

TASK [/stigforge/roles/rhel10_stig : Declare missing syscalls] *****************
skipping: [localhost]

TASK [/stigforge/roles/rhel10_stig : Replace the audit rule in {{ audit_file }}] ***
skipping: [localhost]

TASK [/stigforge/roles/rhel10_stig : Add the audit rule to {{ audit_file }}] ***
skipping: [localhost]

TASK [/stigforge/roles/rhel10_stig : Declare list of syscalls] *****************
skipping: [localhost]

TASK [/stigforge/roles/rhel10_stig : Check existence of  in /etc/audit/rules.d/] ***
skipping: [localhost]

TASK [/stigforge/roles/rhel10_stig : Reset syscalls found per file] ************
skipping: [localhost]

TASK [/stigforge/roles/rhel10_stig : Declare syscalls found per file] **********
skipping: [localhost]

TASK [/stigforge/roles/rhel10_stig : Declare files where syscalls were found] ***
skipping: [localhost]

TASK [/stigforge/roles/rhel10_stig : Count occurrences of syscalls in paths] ***
skipping: [localhost]

TASK [/stigforge/roles/rhel10_stig : Get path with most syscalls] **************
skipping: [localhost]

TASK [/stigforge/roles/rhel10_stig : No file with syscall found, set path to /etc/audit/rules.d/privileged.rules] ***
skipping: [localhost]

TASK [/stigforge/roles/rhel10_stig : Declare found syscalls] *******************
skipping: [localhost]

TASK [/stigforge/roles/rhel10_stig : Declare missing syscalls] *****************
skipping: [localhost]

TASK [/stigforge/roles/rhel10_stig : Replace the audit rule in {{ audit_file }}] ***
skipping: [localhost]

TASK [/stigforge/roles/rhel10_stig : Add the audit rule to {{ audit_file }}] ***
skipping: [localhost]

TASK [/stigforge/roles/rhel10_stig : Declare list of syscalls] *****************
skipping: [localhost]

TASK [/stigforge/roles/rhel10_stig : Check existence of  in /etc/audit/audit.rules] ***
skipping: [localhost]

TASK [/stigforge/roles/rhel10_stig : Set path to /etc/audit/audit.rules] *******
skipping: [localhost]

TASK [/stigforge/roles/rhel10_stig : Declare found syscalls] *******************
skipping: [localhost]

TASK [/stigforge/roles/rhel10_stig : Declare missing syscalls] *****************
skipping: [localhost]

TASK [/stigforge/roles/rhel10_stig : Replace the audit rule in {{ audit_file }}] ***
skipping: [localhost]

TASK [/stigforge/roles/rhel10_stig : Add the audit rule to {{ audit_file }}] ***
skipping: [localhost]

TASK [/stigforge/roles/rhel10_stig : Ensure auditd Collects Information on the Use of Privileged Commands - chage - Set architecture for audit /usr/bin/chage] ***
skipping: [localhost]

TASK [/stigforge/roles/rhel10_stig : Declare list of syscalls] *****************
skipping: [localhost]

TASK [/stigforge/roles/rhel10_stig : Check existence of  in /etc/audit/rules.d/] ***
skipping: [localhost]

TASK [/stigforge/roles/rhel10_stig : Reset syscalls found per file] ************
skipping: [localhost]

TASK [/stigforge/roles/rhel10_stig : Declare syscalls found per file] **********
skipping: [localhost]

TASK [/stigforge/roles/rhel10_stig : Declare files where syscalls were found] ***
skipping: [localhost]

TASK [/stigforge/roles/rhel10_stig : Count occurrences of syscalls in paths] ***
skipping: [localhost]

TASK [/stigforge/roles/rhel10_stig : Get path with most syscalls] **************
skipping: [localhost]

TASK [/stigforge/roles/rhel10_stig : No file with syscall found, set path to /etc/audit/rules.d/privileged.rules] ***
skipping: [localhost]

TASK [/stigforge/roles/rhel10_stig : Declare found syscalls] *******************
skipping: [localhost]

TASK [/stigforge/roles/rhel10_stig : Declare missing syscalls] *****************
skipping: [localhost]

TASK [/stigforge/roles/rhel10_stig : Replace the audit rule in {{ audit_file }}] ***
skipping: [localhost]

TASK [/stigforge/roles/rhel10_stig : Add the audit rule to {{ audit_file }}] ***
skipping: [localhost]

TASK [/stigforge/roles/rhel10_stig : Declare list of syscalls] *****************
skipping: [localhost]

TASK [/stigforge/roles/rhel10_stig : Check existence of  in /etc/audit/audit.rules] ***
skipping: [localhost]

TASK [/stigforge/roles/rhel10_stig : Set path to /etc/audit/audit.rules] *******
skipping: [localhost]

TASK [/stigforge/roles/rhel10_stig : Declare found syscalls] *******************
skipping: [localhost]

TASK [/stigforge/roles/rhel10_stig : Declare missing syscalls] *****************
skipping: [localhost]

TASK [/stigforge/roles/rhel10_stig : Replace the audit rule in {{ audit_file }}] ***
skipping: [localhost]

TASK [/stigforge/roles/rhel10_stig : Add the audit rule to {{ audit_file }}] ***
skipping: [localhost]

TASK [/stigforge/roles/rhel10_stig : Declare list of syscalls] *****************
skipping: [localhost]

TASK [/stigforge/roles/rhel10_stig : Check existence of  in /etc/audit/rules.d/] ***
skipping: [localhost]

TASK [/stigforge/roles/rhel10_stig : Reset syscalls found per file] ************
skipping: [localhost]

TASK [/stigforge/roles/rhel10_stig : Declare syscalls found per file] **********
skipping: [localhost]

TASK [/stigforge/roles/rhel10_stig : Declare files where syscalls were found] ***
skipping: [localhost]

TASK [/stigforge/roles/rhel10_stig : Count occurrences of syscalls in paths] ***
skipping: [localhost]

TASK [/stigforge/roles/rhel10_stig : Get path with most syscalls] **************
skipping: [localhost]

TASK [/stigforge/roles/rhel10_stig : No file with syscall found, set path to /etc/audit/rules.d/privileged.rules] ***
skipping: [localhost]

TASK [/stigforge/roles/rhel10_stig : Declare found syscalls] *******************
skipping: [localhost]

TASK [/stigforge/roles/rhel10_stig : Declare missing syscalls] *****************
skipping: [localhost]

TASK [/stigforge/roles/rhel10_stig : Replace the audit rule in {{ audit_file }}] ***
skipping: [localhost]

TASK [/stigforge/roles/rhel10_stig : Add the audit rule to {{ audit_file }}] ***
skipping: [localhost]

TASK [/stigforge/roles/rhel10_stig : Declare list of syscalls] *****************
skipping: [localhost]

TASK [/stigforge/roles/rhel10_stig : Check existence of  in /etc/audit/audit.rules] ***
skipping: [localhost]

TASK [/stigforge/roles/rhel10_stig : Set path to /etc/audit/audit.rules] *******
skipping: [localhost]

TASK [/stigforge/roles/rhel10_stig : Declare found syscalls] *******************
skipping: [localhost]

TASK [/stigforge/roles/rhel10_stig : Declare missing syscalls] *****************
skipping: [localhost]

TASK [/stigforge/roles/rhel10_stig : Replace the audit rule in {{ audit_file }}] ***
skipping: [localhost]

TASK [/stigforge/roles/rhel10_stig : Add the audit rule to {{ audit_file }}] ***
skipping: [localhost]

TASK [/stigforge/roles/rhel10_stig : Ensure auditd Collects Information on the Use of Privileged Commands - chsh - Set architecture for audit /usr/bin/chsh] ***
skipping: [localhost]

TASK [/stigforge/roles/rhel10_stig : Declare list of syscalls] *****************
skipping: [localhost]

TASK [/stigforge/roles/rhel10_stig : Check existence of  in /etc/audit/rules.d/] ***
skipping: [localhost]

TASK [/stigforge/roles/rhel10_stig : Reset syscalls found per file] ************
skipping: [localhost]

TASK [/stigforge/roles/rhel10_stig : Declare syscalls found per file] **********
skipping: [localhost]

TASK [/stigforge/roles/rhel10_stig : Declare files where syscalls were found] ***
skipping: [localhost]

TASK [/stigforge/roles/rhel10_stig : Count occurrences of syscalls in paths] ***
skipping: [localhost]

TASK [/stigforge/roles/rhel10_stig : Get path with most syscalls] **************
skipping: [localhost]

TASK [/stigforge/roles/rhel10_stig : No file with syscall found, set path to /etc/audit/rules.d/privileged.rules] ***
skipping: [localhost]

TASK [/stigforge/roles/rhel10_stig : Declare found syscalls] *******************
skipping: [localhost]

TASK [/stigforge/roles/rhel10_stig : Declare missing syscalls] *****************
skipping: [localhost]

TASK [/stigforge/roles/rhel10_stig : Replace the audit rule in {{ audit_file }}] ***
skipping: [localhost]

TASK [/stigforge/roles/rhel10_stig : Add the audit rule to {{ audit_file }}] ***
skipping: [localhost]

TASK [/stigforge/roles/rhel10_stig : Declare list of syscalls] *****************
skipping: [localhost]

TASK [/stigforge/roles/rhel10_stig : Check existence of  in /etc/audit/audit.rules] ***
skipping: [localhost]

TASK [/stigforge/roles/rhel10_stig : Set path to /etc/audit/audit.rules] *******
skipping: [localhost]

TASK [/stigforge/roles/rhel10_stig : Declare found syscalls] *******************
skipping: [localhost]

TASK [/stigforge/roles/rhel10_stig : Declare missing syscalls] *****************
skipping: [localhost]

TASK [/stigforge/roles/rhel10_stig : Replace the audit rule in {{ audit_file }}] ***
skipping: [localhost]

TASK [/stigforge/roles/rhel10_stig : Add the audit rule to {{ audit_file }}] ***
skipping: [localhost]

TASK [/stigforge/roles/rhel10_stig : Declare list of syscalls] *****************
skipping: [localhost]

TASK [/stigforge/roles/rhel10_stig : Check existence of  in /etc/audit/rules.d/] ***
skipping: [localhost]

TASK [/stigforge/roles/rhel10_stig : Reset syscalls found per file] ************
skipping: [localhost]

TASK [/stigforge/roles/rhel10_stig : Declare syscalls found per file] **********
skipping: [localhost]

TASK [/stigforge/roles/rhel10_stig : Declare files where syscalls were found] ***
skipping: [localhost]

TASK [/stigforge/roles/rhel10_stig : Count occurrences of syscalls in paths] ***
skipping: [localhost]

TASK [/stigforge/roles/rhel10_stig : Get path with most syscalls] **************
skipping: [localhost]

TASK [/stigforge/roles/rhel10_stig : No file with syscall found, set path to /etc/audit/rules.d/privileged.rules] ***
skipping: [localhost]

TASK [/stigforge/roles/rhel10_stig : Declare found syscalls] *******************
skipping: [localhost]

TASK [/stigforge/roles/rhel10_stig : Declare missing syscalls] *****************
skipping: [localhost]

TASK [/stigforge/roles/rhel10_stig : Replace the audit rule in {{ audit_file }}] ***
skipping: [localhost]

TASK [/stigforge/roles/rhel10_stig : Add the audit rule to {{ audit_file }}] ***
skipping: [localhost]

TASK [/stigforge/roles/rhel10_stig : Declare list of syscalls] *****************
skipping: [localhost]

TASK [/stigforge/roles/rhel10_stig : Check existence of  in /etc/audit/audit.rules] ***
skipping: [localhost]

TASK [/stigforge/roles/rhel10_stig : Set path to /etc/audit/audit.rules] *******
skipping: [localhost]

TASK [/stigforge/roles/rhel10_stig : Declare found syscalls] *******************
skipping: [localhost]

TASK [/stigforge/roles/rhel10_stig : Declare missing syscalls] *****************
skipping: [localhost]

TASK [/stigforge/roles/rhel10_stig : Replace the audit rule in {{ audit_file }}] ***
skipping: [localhost]

TASK [/stigforge/roles/rhel10_stig : Add the audit rule to {{ audit_file }}] ***
skipping: [localhost]

TASK [/stigforge/roles/rhel10_stig : Ensure auditd Collects Information on the Use of Privileged Commands - crontab - Set architecture for audit /usr/bin/crontab] ***
skipping: [localhost]

TASK [/stigforge/roles/rhel10_stig : Declare list of syscalls] *****************
skipping: [localhost]

TASK [/stigforge/roles/rhel10_stig : Check existence of  in /etc/audit/rules.d/] ***
skipping: [localhost]

TASK [/stigforge/roles/rhel10_stig : Reset syscalls found per file] ************
skipping: [localhost]

TASK [/stigforge/roles/rhel10_stig : Declare syscalls found per file] **********
skipping: [localhost]

TASK [/stigforge/roles/rhel10_stig : Declare files where syscalls were found] ***
skipping: [localhost]

TASK [/stigforge/roles/rhel10_stig : Count occurrences of syscalls in paths] ***
skipping: [localhost]

TASK [/stigforge/roles/rhel10_stig : Get path with most syscalls] **************
skipping: [localhost]

TASK [/stigforge/roles/rhel10_stig : No file with syscall found, set path to /etc/audit/rules.d/privileged.rules] ***
skipping: [localhost]

TASK [/stigforge/roles/rhel10_stig : Declare found syscalls] *******************
skipping: [localhost]

TASK [/stigforge/roles/rhel10_stig : Declare missing syscalls] *****************
skipping: [localhost]

TASK [/stigforge/roles/rhel10_stig : Replace the audit rule in {{ audit_file }}] ***
skipping: [localhost]

TASK [/stigforge/roles/rhel10_stig : Add the audit rule to {{ audit_file }}] ***
skipping: [localhost]

TASK [/stigforge/roles/rhel10_stig : Declare list of syscalls] *****************
skipping: [localhost]

TASK [/stigforge/roles/rhel10_stig : Check existence of  in /etc/audit/audit.rules] ***
skipping: [localhost]

TASK [/stigforge/roles/rhel10_stig : Set path to /etc/audit/audit.rules] *******
skipping: [localhost]

TASK [/stigforge/roles/rhel10_stig : Declare found syscalls] *******************
skipping: [localhost]

TASK [/stigforge/roles/rhel10_stig : Declare missing syscalls] *****************
skipping: [localhost]

TASK [/stigforge/roles/rhel10_stig : Replace the audit rule in {{ audit_file }}] ***
skipping: [localhost]

TASK [/stigforge/roles/rhel10_stig : Add the audit rule to {{ audit_file }}] ***
skipping: [localhost]

TASK [/stigforge/roles/rhel10_stig : Declare list of syscalls] *****************
skipping: [localhost]

TASK [/stigforge/roles/rhel10_stig : Check existence of  in /etc/audit/rules.d/] ***
skipping: [localhost]

TASK [/stigforge/roles/rhel10_stig : Reset syscalls found per file] ************
skipping: [localhost]

TASK [/stigforge/roles/rhel10_stig : Declare syscalls found per file] **********
skipping: [localhost]

TASK [/stigforge/roles/rhel10_stig : Declare files where syscalls were found] ***
skipping: [localhost]

TASK [/stigforge/roles/rhel10_stig : Count occurrences of syscalls in paths] ***
skipping: [localhost]

TASK [/stigforge/roles/rhel10_stig : Get path with most syscalls] **************
skipping: [localhost]

TASK [/stigforge/roles/rhel10_stig : No file with syscall found, set path to /etc/audit/rules.d/privileged.rules] ***
skipping: [localhost]

TASK [/stigforge/roles/rhel10_stig : Declare found syscalls] *******************
skipping: [localhost]

TASK [/stigforge/roles/rhel10_stig : Declare missing syscalls] *****************
skipping: [localhost]

TASK [/stigforge/roles/rhel10_stig : Replace the audit rule in {{ audit_file }}] ***
skipping: [localhost]

TASK [/stigforge/roles/rhel10_stig : Add the audit rule to {{ audit_file }}] ***
skipping: [localhost]

TASK [/stigforge/roles/rhel10_stig : Declare list of syscalls] *****************
skipping: [localhost]

TASK [/stigforge/roles/rhel10_stig : Check existence of  in /etc/audit/audit.rules] ***
skipping: [localhost]

TASK [/stigforge/roles/rhel10_stig : Set path to /etc/audit/audit.rules] *******
skipping: [localhost]

TASK [/stigforge/roles/rhel10_stig : Declare found syscalls] *******************
skipping: [localhost]

TASK [/stigforge/roles/rhel10_stig : Declare missing syscalls] *****************
skipping: [localhost]

TASK [/stigforge/roles/rhel10_stig : Replace the audit rule in {{ audit_file }}] ***
skipping: [localhost]

TASK [/stigforge/roles/rhel10_stig : Add the audit rule to {{ audit_file }}] ***
skipping: [localhost]

TASK [/stigforge/roles/rhel10_stig : Ensure auditd Collects Information on the Use of Privileged Commands - gpasswd - Set architecture for audit /usr/bin/gpasswd] ***
skipping: [localhost]

TASK [/stigforge/roles/rhel10_stig : Declare list of syscalls] *****************
skipping: [localhost]

TASK [/stigforge/roles/rhel10_stig : Check existence of  in /etc/audit/rules.d/] ***
skipping: [localhost]

TASK [/stigforge/roles/rhel10_stig : Reset syscalls found per file] ************
skipping: [localhost]

TASK [/stigforge/roles/rhel10_stig : Declare syscalls found per file] **********
skipping: [localhost]

TASK [/stigforge/roles/rhel10_stig : Declare files where syscalls were found] ***
skipping: [localhost]

TASK [/stigforge/roles/rhel10_stig : Count occurrences of syscalls in paths] ***
skipping: [localhost]

TASK [/stigforge/roles/rhel10_stig : Get path with most syscalls] **************
skipping: [localhost]

TASK [/stigforge/roles/rhel10_stig : No file with syscall found, set path to /etc/audit/rules.d/privileged.rules] ***
skipping: [localhost]

TASK [/stigforge/roles/rhel10_stig : Declare found syscalls] *******************
skipping: [localhost]

TASK [/stigforge/roles/rhel10_stig : Declare missing syscalls] *****************
skipping: [localhost]

TASK [/stigforge/roles/rhel10_stig : Replace the audit rule in {{ audit_file }}] ***
skipping: [localhost]

TASK [/stigforge/roles/rhel10_stig : Add the audit rule to {{ audit_file }}] ***
skipping: [localhost]

TASK [/stigforge/roles/rhel10_stig : Declare list of syscalls] *****************
skipping: [localhost]

TASK [/stigforge/roles/rhel10_stig : Check existence of  in /etc/audit/audit.rules] ***
skipping: [localhost]

TASK [/stigforge/roles/rhel10_stig : Set path to /etc/audit/audit.rules] *******
skipping: [localhost]

TASK [/stigforge/roles/rhel10_stig : Declare found syscalls] *******************
skipping: [localhost]

TASK [/stigforge/roles/rhel10_stig : Declare missing syscalls] *****************
skipping: [localhost]

TASK [/stigforge/roles/rhel10_stig : Replace the audit rule in {{ audit_file }}] ***
skipping: [localhost]

TASK [/stigforge/roles/rhel10_stig : Add the audit rule to {{ audit_file }}] ***
skipping: [localhost]

TASK [/stigforge/roles/rhel10_stig : Declare list of syscalls] *****************
skipping: [localhost]

TASK [/stigforge/roles/rhel10_stig : Check existence of  in /etc/audit/rules.d/] ***
skipping: [localhost]

TASK [/stigforge/roles/rhel10_stig : Reset syscalls found per file] ************
skipping: [localhost]

TASK [/stigforge/roles/rhel10_stig : Declare syscalls found per file] **********
skipping: [localhost]

TASK [/stigforge/roles/rhel10_stig : Declare files where syscalls were found] ***
skipping: [localhost]

TASK [/stigforge/roles/rhel10_stig : Count occurrences of syscalls in paths] ***
skipping: [localhost]

TASK [/stigforge/roles/rhel10_stig : Get path with most syscalls] **************
skipping: [localhost]

TASK [/stigforge/roles/rhel10_stig : No file with syscall found, set path to /etc/audit/rules.d/privileged.rules] ***
skipping: [localhost]

TASK [/stigforge/roles/rhel10_stig : Declare found syscalls] *******************
skipping: [localhost]

TASK [/stigforge/roles/rhel10_stig : Declare missing syscalls] *****************
skipping: [localhost]

TASK [/stigforge/roles/rhel10_stig : Replace the audit rule in {{ audit_file }}] ***
skipping: [localhost]

TASK [/stigforge/roles/rhel10_stig : Add the audit rule to {{ audit_file }}] ***
skipping: [localhost]

TASK [/stigforge/roles/rhel10_stig : Declare list of syscalls] *****************
skipping: [localhost]

TASK [/stigforge/roles/rhel10_stig : Check existence of  in /etc/audit/audit.rules] ***
skipping: [localhost]

TASK [/stigforge/roles/rhel10_stig : Set path to /etc/audit/audit.rules] *******
skipping: [localhost]

TASK [/stigforge/roles/rhel10_stig : Declare found syscalls] *******************
skipping: [localhost]

TASK [/stigforge/roles/rhel10_stig : Declare missing syscalls] *****************
skipping: [localhost]

TASK [/stigforge/roles/rhel10_stig : Replace the audit rule in {{ audit_file }}] ***
skipping: [localhost]

TASK [/stigforge/roles/rhel10_stig : Add the audit rule to {{ audit_file }}] ***
skipping: [localhost]

TASK [/stigforge/roles/rhel10_stig : Ensure auditd Collects Information on the Use of Privileged Commands - kmod - Set architecture for audit /usr/bin/kmod] ***
skipping: [localhost]

TASK [/stigforge/roles/rhel10_stig : Declare list of syscalls] *****************
skipping: [localhost]

TASK [/stigforge/roles/rhel10_stig : Check existence of  in /etc/audit/rules.d/] ***
skipping: [localhost]

TASK [/stigforge/roles/rhel10_stig : Reset syscalls found per file] ************
skipping: [localhost]

TASK [/stigforge/roles/rhel10_stig : Declare syscalls found per file] **********
skipping: [localhost]

TASK [/stigforge/roles/rhel10_stig : Declare files where syscalls were found] ***
skipping: [localhost]

TASK [/stigforge/roles/rhel10_stig : Count occurrences of syscalls in paths] ***
skipping: [localhost]

TASK [/stigforge/roles/rhel10_stig : Get path with most syscalls] **************
skipping: [localhost]

TASK [/stigforge/roles/rhel10_stig : No file with syscall found, set path to /etc/audit/rules.d/privileged.rules] ***
skipping: [localhost]

TASK [/stigforge/roles/rhel10_stig : Declare found syscalls] *******************
skipping: [localhost]

TASK [/stigforge/roles/rhel10_stig : Declare missing syscalls] *****************
skipping: [localhost]

TASK [/stigforge/roles/rhel10_stig : Replace the audit rule in {{ audit_file }}] ***
skipping: [localhost]

TASK [/stigforge/roles/rhel10_stig : Add the audit rule to {{ audit_file }}] ***
skipping: [localhost]

TASK [/stigforge/roles/rhel10_stig : Declare list of syscalls] *****************
skipping: [localhost]

TASK [/stigforge/roles/rhel10_stig : Check existence of  in /etc/audit/audit.rules] ***
skipping: [localhost]

TASK [/stigforge/roles/rhel10_stig : Set path to /etc/audit/audit.rules] *******
skipping: [localhost]

TASK [/stigforge/roles/rhel10_stig : Declare found syscalls] *******************
skipping: [localhost]

TASK [/stigforge/roles/rhel10_stig : Declare missing syscalls] *****************
skipping: [localhost]

TASK [/stigforge/roles/rhel10_stig : Replace the audit rule in {{ audit_file }}] ***
skipping: [localhost]

TASK [/stigforge/roles/rhel10_stig : Add the audit rule to {{ audit_file }}] ***
skipping: [localhost]

TASK [/stigforge/roles/rhel10_stig : Declare list of syscalls] *****************
skipping: [localhost]

TASK [/stigforge/roles/rhel10_stig : Check existence of  in /etc/audit/rules.d/] ***
skipping: [localhost]

TASK [/stigforge/roles/rhel10_stig : Reset syscalls found per file] ************
skipping: [localhost]

TASK [/stigforge/roles/rhel10_stig : Declare syscalls found per file] **********
skipping: [localhost]

TASK [/stigforge/roles/rhel10_stig : Declare files where syscalls were found] ***
skipping: [localhost]

TASK [/stigforge/roles/rhel10_stig : Count occurrences of syscalls in paths] ***
skipping: [localhost]

TASK [/stigforge/roles/rhel10_stig : Get path with most syscalls] **************
skipping: [localhost]

TASK [/stigforge/roles/rhel10_stig : No file with syscall found, set path to /etc/audit/rules.d/privileged.rules] ***
skipping: [localhost]

TASK [/stigforge/roles/rhel10_stig : Declare found syscalls] *******************
skipping: [localhost]

TASK [/stigforge/roles/rhel10_stig : Declare missing syscalls] *****************
skipping: [localhost]

TASK [/stigforge/roles/rhel10_stig : Replace the audit rule in {{ audit_file }}] ***
skipping: [localhost]

TASK [/stigforge/roles/rhel10_stig : Add the audit rule to {{ audit_file }}] ***
skipping: [localhost]

TASK [/stigforge/roles/rhel10_stig : Declare list of syscalls] *****************
skipping: [localhost]

TASK [/stigforge/roles/rhel10_stig : Check existence of  in /etc/audit/audit.rules] ***
skipping: [localhost]

TASK [/stigforge/roles/rhel10_stig : Set path to /etc/audit/audit.rules] *******
skipping: [localhost]

TASK [/stigforge/roles/rhel10_stig : Declare found syscalls] *******************
skipping: [localhost]

TASK [/stigforge/roles/rhel10_stig : Declare missing syscalls] *****************
skipping: [localhost]

TASK [/stigforge/roles/rhel10_stig : Replace the audit rule in {{ audit_file }}] ***
skipping: [localhost]

TASK [/stigforge/roles/rhel10_stig : Add the audit rule to {{ audit_file }}] ***
skipping: [localhost]

TASK [/stigforge/roles/rhel10_stig : Ensure auditd Collects Information on the Use of Privileged Commands - newgrp - Set architecture for audit /usr/bin/newgrp] ***
skipping: [localhost]

TASK [/stigforge/roles/rhel10_stig : Declare list of syscalls] *****************
skipping: [localhost]

TASK [/stigforge/roles/rhel10_stig : Check existence of  in /etc/audit/rules.d/] ***
skipping: [localhost]

TASK [/stigforge/roles/rhel10_stig : Reset syscalls found per file] ************
skipping: [localhost]

TASK [/stigforge/roles/rhel10_stig : Declare syscalls found per file] **********
skipping: [localhost]

TASK [/stigforge/roles/rhel10_stig : Declare files where syscalls were found] ***
skipping: [localhost]

TASK [/stigforge/roles/rhel10_stig : Count occurrences of syscalls in paths] ***
skipping: [localhost]

TASK [/stigforge/roles/rhel10_stig : Get path with most syscalls] **************
skipping: [localhost]

TASK [/stigforge/roles/rhel10_stig : No file with syscall found, set path to /etc/audit/rules.d/privileged.rules] ***
skipping: [localhost]

TASK [/stigforge/roles/rhel10_stig : Declare found syscalls] *******************
skipping: [localhost]

TASK [/stigforge/roles/rhel10_stig : Declare missing syscalls] *****************
skipping: [localhost]

TASK [/stigforge/roles/rhel10_stig : Replace the audit rule in {{ audit_file }}] ***
skipping: [localhost]

TASK [/stigforge/roles/rhel10_stig : Add the audit rule to {{ audit_file }}] ***
skipping: [localhost]

TASK [/stigforge/roles/rhel10_stig : Declare list of syscalls] *****************
skipping: [localhost]

TASK [/stigforge/roles/rhel10_stig : Check existence of  in /etc/audit/audit.rules] ***
skipping: [localhost]

TASK [/stigforge/roles/rhel10_stig : Set path to /etc/audit/audit.rules] *******
skipping: [localhost]

TASK [/stigforge/roles/rhel10_stig : Declare found syscalls] *******************
skipping: [localhost]

TASK [/stigforge/roles/rhel10_stig : Declare missing syscalls] *****************
skipping: [localhost]

TASK [/stigforge/roles/rhel10_stig : Replace the audit rule in {{ audit_file }}] ***
skipping: [localhost]

TASK [/stigforge/roles/rhel10_stig : Add the audit rule to {{ audit_file }}] ***
skipping: [localhost]

TASK [/stigforge/roles/rhel10_stig : Declare list of syscalls] *****************
skipping: [localhost]

TASK [/stigforge/roles/rhel10_stig : Check existence of  in /etc/audit/rules.d/] ***
skipping: [localhost]

TASK [/stigforge/roles/rhel10_stig : Reset syscalls found per file] ************
skipping: [localhost]

TASK [/stigforge/roles/rhel10_stig : Declare syscalls found per file] **********
skipping: [localhost]

TASK [/stigforge/roles/rhel10_stig : Declare files where syscalls were found] ***
skipping: [localhost]

TASK [/stigforge/roles/rhel10_stig : Count occurrences of syscalls in paths] ***
skipping: [localhost]

TASK [/stigforge/roles/rhel10_stig : Get path with most syscalls] **************
skipping: [localhost]

TASK [/stigforge/roles/rhel10_stig : No file with syscall found, set path to /etc/audit/rules.d/privileged.rules] ***
skipping: [localhost]

TASK [/stigforge/roles/rhel10_stig : Declare found syscalls] *******************
skipping: [localhost]

TASK [/stigforge/roles/rhel10_stig : Declare missing syscalls] *****************
skipping: [localhost]

TASK [/stigforge/roles/rhel10_stig : Replace the audit rule in {{ audit_file }}] ***
skipping: [localhost]

TASK [/stigforge/roles/rhel10_stig : Add the audit rule to {{ audit_file }}] ***
skipping: [localhost]

TASK [/stigforge/roles/rhel10_stig : Declare list of syscalls] *****************
skipping: [localhost]

TASK [/stigforge/roles/rhel10_stig : Check existence of  in /etc/audit/audit.rules] ***
skipping: [localhost]

TASK [/stigforge/roles/rhel10_stig : Set path to /etc/audit/audit.rules] *******
skipping: [localhost]

TASK [/stigforge/roles/rhel10_stig : Declare found syscalls] *******************
skipping: [localhost]

TASK [/stigforge/roles/rhel10_stig : Declare missing syscalls] *****************
skipping: [localhost]

TASK [/stigforge/roles/rhel10_stig : Replace the audit rule in {{ audit_file }}] ***
skipping: [localhost]

TASK [/stigforge/roles/rhel10_stig : Add the audit rule to {{ audit_file }}] ***
skipping: [localhost]

TASK [/stigforge/roles/rhel10_stig : Ensure auditd Collects Information on the Use of Privileged Commands - pam_timestamp_check - Set architecture for audit /usr/sbin/pam_timestamp_check] ***
skipping: [localhost]

TASK [/stigforge/roles/rhel10_stig : Declare list of syscalls] *****************
skipping: [localhost]

TASK [/stigforge/roles/rhel10_stig : Check existence of  in /etc/audit/rules.d/] ***
skipping: [localhost]

TASK [/stigforge/roles/rhel10_stig : Reset syscalls found per file] ************
skipping: [localhost]

TASK [/stigforge/roles/rhel10_stig : Declare syscalls found per file] **********
skipping: [localhost]

TASK [/stigforge/roles/rhel10_stig : Declare files where syscalls were found] ***
skipping: [localhost]

TASK [/stigforge/roles/rhel10_stig : Count occurrences of syscalls in paths] ***
skipping: [localhost]

TASK [/stigforge/roles/rhel10_stig : Get path with most syscalls] **************
skipping: [localhost]

TASK [/stigforge/roles/rhel10_stig : No file with syscall found, set path to /etc/audit/rules.d/privileged.rules] ***
skipping: [localhost]

TASK [/stigforge/roles/rhel10_stig : Declare found syscalls] *******************
skipping: [localhost]

TASK [/stigforge/roles/rhel10_stig : Declare missing syscalls] *****************
skipping: [localhost]

TASK [/stigforge/roles/rhel10_stig : Replace the audit rule in {{ audit_file }}] ***
skipping: [localhost]

TASK [/stigforge/roles/rhel10_stig : Add the audit rule to {{ audit_file }}] ***
skipping: [localhost]

TASK [/stigforge/roles/rhel10_stig : Declare list of syscalls] *****************
skipping: [localhost]

TASK [/stigforge/roles/rhel10_stig : Check existence of  in /etc/audit/audit.rules] ***
skipping: [localhost]

TASK [/stigforge/roles/rhel10_stig : Set path to /etc/audit/audit.rules] *******
skipping: [localhost]

TASK [/stigforge/roles/rhel10_stig : Declare found syscalls] *******************
skipping: [localhost]

TASK [/stigforge/roles/rhel10_stig : Declare missing syscalls] *****************
skipping: [localhost]

TASK [/stigforge/roles/rhel10_stig : Replace the audit rule in {{ audit_file }}] ***
skipping: [localhost]

TASK [/stigforge/roles/rhel10_stig : Add the audit rule to {{ audit_file }}] ***
skipping: [localhost]

TASK [/stigforge/roles/rhel10_stig : Declare list of syscalls] *****************
skipping: [localhost]

TASK [/stigforge/roles/rhel10_stig : Check existence of  in /etc/audit/rules.d/] ***
skipping: [localhost]

TASK [/stigforge/roles/rhel10_stig : Reset syscalls found per file] ************
skipping: [localhost]

TASK [/stigforge/roles/rhel10_stig : Declare syscalls found per file] **********
skipping: [localhost]

TASK [/stigforge/roles/rhel10_stig : Declare files where syscalls were found] ***
skipping: [localhost]

TASK [/stigforge/roles/rhel10_stig : Count occurrences of syscalls in paths] ***
skipping: [localhost]

TASK [/stigforge/roles/rhel10_stig : Get path with most syscalls] **************
skipping: [localhost]

TASK [/stigforge/roles/rhel10_stig : No file with syscall found, set path to /etc/audit/rules.d/privileged.rules] ***
skipping: [localhost]

TASK [/stigforge/roles/rhel10_stig : Declare found syscalls] *******************
skipping: [localhost]

TASK [/stigforge/roles/rhel10_stig : Declare missing syscalls] *****************
skipping: [localhost]

TASK [/stigforge/roles/rhel10_stig : Replace the audit rule in {{ audit_file }}] ***
skipping: [localhost]

TASK [/stigforge/roles/rhel10_stig : Add the audit rule to {{ audit_file }}] ***
skipping: [localhost]

TASK [/stigforge/roles/rhel10_stig : Declare list of syscalls] *****************
skipping: [localhost]

TASK [/stigforge/roles/rhel10_stig : Check existence of  in /etc/audit/audit.rules] ***
skipping: [localhost]

TASK [/stigforge/roles/rhel10_stig : Set path to /etc/audit/audit.rules] *******
skipping: [localhost]

TASK [/stigforge/roles/rhel10_stig : Declare found syscalls] *******************
skipping: [localhost]

TASK [/stigforge/roles/rhel10_stig : Declare missing syscalls] *****************
skipping: [localhost]

TASK [/stigforge/roles/rhel10_stig : Replace the audit rule in {{ audit_file }}] ***
skipping: [localhost]

TASK [/stigforge/roles/rhel10_stig : Add the audit rule to {{ audit_file }}] ***
skipping: [localhost]

TASK [/stigforge/roles/rhel10_stig : Ensure auditd Collects Information on the Use of Privileged Commands - passwd - Set architecture for audit /usr/bin/passwd] ***
skipping: [localhost]

TASK [/stigforge/roles/rhel10_stig : Declare list of syscalls] *****************
skipping: [localhost]

TASK [/stigforge/roles/rhel10_stig : Check existence of  in /etc/audit/rules.d/] ***
skipping: [localhost]

TASK [/stigforge/roles/rhel10_stig : Reset syscalls found per file] ************
skipping: [localhost]

TASK [/stigforge/roles/rhel10_stig : Declare syscalls found per file] **********
skipping: [localhost]

TASK [/stigforge/roles/rhel10_stig : Declare files where syscalls were found] ***
skipping: [localhost]

TASK [/stigforge/roles/rhel10_stig : Count occurrences of syscalls in paths] ***
skipping: [localhost]

TASK [/stigforge/roles/rhel10_stig : Get path with most syscalls] **************
skipping: [localhost]

TASK [/stigforge/roles/rhel10_stig : No file with syscall found, set path to /etc/audit/rules.d/privileged.rules] ***
skipping: [localhost]

TASK [/stigforge/roles/rhel10_stig : Declare found syscalls] *******************
skipping: [localhost]

TASK [/stigforge/roles/rhel10_stig : Declare missing syscalls] *****************
skipping: [localhost]

TASK [/stigforge/roles/rhel10_stig : Replace the audit rule in {{ audit_file }}] ***
skipping: [localhost]

TASK [/stigforge/roles/rhel10_stig : Add the audit rule to {{ audit_file }}] ***
skipping: [localhost]

TASK [/stigforge/roles/rhel10_stig : Declare list of syscalls] *****************
skipping: [localhost]

TASK [/stigforge/roles/rhel10_stig : Check existence of  in /etc/audit/audit.rules] ***
skipping: [localhost]

TASK [/stigforge/roles/rhel10_stig : Set path to /etc/audit/audit.rules] *******
skipping: [localhost]

TASK [/stigforge/roles/rhel10_stig : Declare found syscalls] *******************
skipping: [localhost]

TASK [/stigforge/roles/rhel10_stig : Declare missing syscalls] *****************
skipping: [localhost]

TASK [/stigforge/roles/rhel10_stig : Replace the audit rule in {{ audit_file }}] ***
skipping: [localhost]

TASK [/stigforge/roles/rhel10_stig : Add the audit rule to {{ audit_file }}] ***
skipping: [localhost]

TASK [/stigforge/roles/rhel10_stig : Declare list of syscalls] *****************
skipping: [localhost]

TASK [/stigforge/roles/rhel10_stig : Check existence of  in /etc/audit/rules.d/] ***
skipping: [localhost]

TASK [/stigforge/roles/rhel10_stig : Reset syscalls found per file] ************
skipping: [localhost]

TASK [/stigforge/roles/rhel10_stig : Declare syscalls found per file] **********
skipping: [localhost]

TASK [/stigforge/roles/rhel10_stig : Declare files where syscalls were found] ***
skipping: [localhost]

TASK [/stigforge/roles/rhel10_stig : Count occurrences of syscalls in paths] ***
skipping: [localhost]

TASK [/stigforge/roles/rhel10_stig : Get path with most syscalls] **************
skipping: [localhost]

TASK [/stigforge/roles/rhel10_stig : No file with syscall found, set path to /etc/audit/rules.d/privileged.rules] ***
skipping: [localhost]

TASK [/stigforge/roles/rhel10_stig : Declare found syscalls] *******************
skipping: [localhost]

TASK [/stigforge/roles/rhel10_stig : Declare missing syscalls] *****************
skipping: [localhost]

TASK [/stigforge/roles/rhel10_stig : Replace the audit rule in {{ audit_file }}] ***
skipping: [localhost]

TASK [/stigforge/roles/rhel10_stig : Add the audit rule to {{ audit_file }}] ***
skipping: [localhost]

TASK [/stigforge/roles/rhel10_stig : Declare list of syscalls] *****************
skipping: [localhost]

TASK [/stigforge/roles/rhel10_stig : Check existence of  in /etc/audit/audit.rules] ***
skipping: [localhost]

TASK [/stigforge/roles/rhel10_stig : Set path to /etc/audit/audit.rules] *******
skipping: [localhost]

TASK [/stigforge/roles/rhel10_stig : Declare found syscalls] *******************
skipping: [localhost]

TASK [/stigforge/roles/rhel10_stig : Declare missing syscalls] *****************
skipping: [localhost]

TASK [/stigforge/roles/rhel10_stig : Replace the audit rule in {{ audit_file }}] ***
skipping: [localhost]

TASK [/stigforge/roles/rhel10_stig : Add the audit rule to {{ audit_file }}] ***
skipping: [localhost]

TASK [/stigforge/roles/rhel10_stig : Ensure auditd Collects Information on the Use of Privileged Commands - postdrop - Set architecture for audit /usr/sbin/postdrop] ***
skipping: [localhost]

TASK [/stigforge/roles/rhel10_stig : Declare list of syscalls] *****************
skipping: [localhost]

TASK [/stigforge/roles/rhel10_stig : Check existence of  in /etc/audit/rules.d/] ***
skipping: [localhost]

TASK [/stigforge/roles/rhel10_stig : Reset syscalls found per file] ************
skipping: [localhost]

TASK [/stigforge/roles/rhel10_stig : Declare syscalls found per file] **********
skipping: [localhost]

TASK [/stigforge/roles/rhel10_stig : Declare files where syscalls were found] ***
skipping: [localhost]

TASK [/stigforge/roles/rhel10_stig : Count occurrences of syscalls in paths] ***
skipping: [localhost]

TASK [/stigforge/roles/rhel10_stig : Get path with most syscalls] **************
skipping: [localhost]

TASK [/stigforge/roles/rhel10_stig : No file with syscall found, set path to /etc/audit/rules.d/privileged.rules] ***
skipping: [localhost]

TASK [/stigforge/roles/rhel10_stig : Declare found syscalls] *******************
skipping: [localhost]

TASK [/stigforge/roles/rhel10_stig : Declare missing syscalls] *****************
skipping: [localhost]

TASK [/stigforge/roles/rhel10_stig : Replace the audit rule in {{ audit_file }}] ***
skipping: [localhost]

TASK [/stigforge/roles/rhel10_stig : Add the audit rule to {{ audit_file }}] ***
skipping: [localhost]

TASK [/stigforge/roles/rhel10_stig : Declare list of syscalls] *****************
skipping: [localhost]

TASK [/stigforge/roles/rhel10_stig : Check existence of  in /etc/audit/audit.rules] ***
skipping: [localhost]

TASK [/stigforge/roles/rhel10_stig : Set path to /etc/audit/audit.rules] *******
skipping: [localhost]

TASK [/stigforge/roles/rhel10_stig : Declare found syscalls] *******************
skipping: [localhost]

TASK [/stigforge/roles/rhel10_stig : Declare missing syscalls] *****************
skipping: [localhost]

TASK [/stigforge/roles/rhel10_stig : Replace the audit rule in {{ audit_file }}] ***
skipping: [localhost]

TASK [/stigforge/roles/rhel10_stig : Add the audit rule to {{ audit_file }}] ***
skipping: [localhost]

TASK [/stigforge/roles/rhel10_stig : Declare list of syscalls] *****************
skipping: [localhost]

TASK [/stigforge/roles/rhel10_stig : Check existence of  in /etc/audit/rules.d/] ***
skipping: [localhost]

TASK [/stigforge/roles/rhel10_stig : Reset syscalls found per file] ************
skipping: [localhost]

TASK [/stigforge/roles/rhel10_stig : Declare syscalls found per file] **********
skipping: [localhost]

TASK [/stigforge/roles/rhel10_stig : Declare files where syscalls were found] ***
skipping: [localhost]

TASK [/stigforge/roles/rhel10_stig : Count occurrences of syscalls in paths] ***
skipping: [localhost]

TASK [/stigforge/roles/rhel10_stig : Get path with most syscalls] **************
skipping: [localhost]

TASK [/stigforge/roles/rhel10_stig : No file with syscall found, set path to /etc/audit/rules.d/privileged.rules] ***
skipping: [localhost]

TASK [/stigforge/roles/rhel10_stig : Declare found syscalls] *******************
skipping: [localhost]

TASK [/stigforge/roles/rhel10_stig : Declare missing syscalls] *****************
skipping: [localhost]

TASK [/stigforge/roles/rhel10_stig : Replace the audit rule in {{ audit_file }}] ***
skipping: [localhost]

TASK [/stigforge/roles/rhel10_stig : Add the audit rule to {{ audit_file }}] ***
skipping: [localhost]

TASK [/stigforge/roles/rhel10_stig : Declare list of syscalls] *****************
skipping: [localhost]

TASK [/stigforge/roles/rhel10_stig : Check existence of  in /etc/audit/audit.rules] ***
skipping: [localhost]

TASK [/stigforge/roles/rhel10_stig : Set path to /etc/audit/audit.rules] *******
skipping: [localhost]

TASK [/stigforge/roles/rhel10_stig : Declare found syscalls] *******************
skipping: [localhost]

TASK [/stigforge/roles/rhel10_stig : Declare missing syscalls] *****************
skipping: [localhost]

TASK [/stigforge/roles/rhel10_stig : Replace the audit rule in {{ audit_file }}] ***
skipping: [localhost]

TASK [/stigforge/roles/rhel10_stig : Add the audit rule to {{ audit_file }}] ***
skipping: [localhost]

TASK [/stigforge/roles/rhel10_stig : Ensure auditd Collects Information on the Use of Privileged Commands - postqueue - Set architecture for audit /usr/sbin/postqueue] ***
skipping: [localhost]

TASK [/stigforge/roles/rhel10_stig : Declare list of syscalls] *****************
skipping: [localhost]

TASK [/stigforge/roles/rhel10_stig : Check existence of  in /etc/audit/rules.d/] ***
skipping: [localhost]

TASK [/stigforge/roles/rhel10_stig : Reset syscalls found per file] ************
skipping: [localhost]

TASK [/stigforge/roles/rhel10_stig : Declare syscalls found per file] **********
skipping: [localhost]

TASK [/stigforge/roles/rhel10_stig : Declare files where syscalls were found] ***
skipping: [localhost]

TASK [/stigforge/roles/rhel10_stig : Count occurrences of syscalls in paths] ***
skipping: [localhost]

TASK [/stigforge/roles/rhel10_stig : Get path with most syscalls] **************
skipping: [localhost]

TASK [/stigforge/roles/rhel10_stig : No file with syscall found, set path to /etc/audit/rules.d/privileged.rules] ***
skipping: [localhost]

TASK [/stigforge/roles/rhel10_stig : Declare found syscalls] *******************
skipping: [localhost]

TASK [/stigforge/roles/rhel10_stig : Declare missing syscalls] *****************
skipping: [localhost]

TASK [/stigforge/roles/rhel10_stig : Replace the audit rule in {{ audit_file }}] ***
skipping: [localhost]

TASK [/stigforge/roles/rhel10_stig : Add the audit rule to {{ audit_file }}] ***
skipping: [localhost]

TASK [/stigforge/roles/rhel10_stig : Declare list of syscalls] *****************
skipping: [localhost]

TASK [/stigforge/roles/rhel10_stig : Check existence of  in /etc/audit/audit.rules] ***
skipping: [localhost]

TASK [/stigforge/roles/rhel10_stig : Set path to /etc/audit/audit.rules] *******
skipping: [localhost]

TASK [/stigforge/roles/rhel10_stig : Declare found syscalls] *******************
skipping: [localhost]

TASK [/stigforge/roles/rhel10_stig : Declare missing syscalls] *****************
skipping: [localhost]

TASK [/stigforge/roles/rhel10_stig : Replace the audit rule in {{ audit_file }}] ***
skipping: [localhost]

TASK [/stigforge/roles/rhel10_stig : Add the audit rule to {{ audit_file }}] ***
skipping: [localhost]

TASK [/stigforge/roles/rhel10_stig : Declare list of syscalls] *****************
skipping: [localhost]

TASK [/stigforge/roles/rhel10_stig : Check existence of  in /etc/audit/rules.d/] ***
skipping: [localhost]

TASK [/stigforge/roles/rhel10_stig : Reset syscalls found per file] ************
skipping: [localhost]

TASK [/stigforge/roles/rhel10_stig : Declare syscalls found per file] **********
skipping: [localhost]

TASK [/stigforge/roles/rhel10_stig : Declare files where syscalls were found] ***
skipping: [localhost]

TASK [/stigforge/roles/rhel10_stig : Count occurrences of syscalls in paths] ***
skipping: [localhost]

TASK [/stigforge/roles/rhel10_stig : Get path with most syscalls] **************
skipping: [localhost]

TASK [/stigforge/roles/rhel10_stig : No file with syscall found, set path to /etc/audit/rules.d/privileged.rules] ***
skipping: [localhost]

TASK [/stigforge/roles/rhel10_stig : Declare found syscalls] *******************
skipping: [localhost]

TASK [/stigforge/roles/rhel10_stig : Declare missing syscalls] *****************
skipping: [localhost]

TASK [/stigforge/roles/rhel10_stig : Replace the audit rule in {{ audit_file }}] ***
skipping: [localhost]

TASK [/stigforge/roles/rhel10_stig : Add the audit rule to {{ audit_file }}] ***
skipping: [localhost]

TASK [/stigforge/roles/rhel10_stig : Declare list of syscalls] *****************
skipping: [localhost]

TASK [/stigforge/roles/rhel10_stig : Check existence of  in /etc/audit/audit.rules] ***
skipping: [localhost]

TASK [/stigforge/roles/rhel10_stig : Set path to /etc/audit/audit.rules] *******
skipping: [localhost]

TASK [/stigforge/roles/rhel10_stig : Declare found syscalls] *******************
skipping: [localhost]

TASK [/stigforge/roles/rhel10_stig : Declare missing syscalls] *****************
skipping: [localhost]

TASK [/stigforge/roles/rhel10_stig : Replace the audit rule in {{ audit_file }}] ***
skipping: [localhost]

TASK [/stigforge/roles/rhel10_stig : Add the audit rule to {{ audit_file }}] ***
skipping: [localhost]

TASK [/stigforge/roles/rhel10_stig : Record Any Attempts to Run ssh-agent - Set architecture for audit /usr/bin/ssh-agent] ***
skipping: [localhost]

TASK [/stigforge/roles/rhel10_stig : Declare list of syscalls] *****************
skipping: [localhost]

TASK [/stigforge/roles/rhel10_stig : Check existence of  in /etc/audit/rules.d/] ***
skipping: [localhost]

TASK [/stigforge/roles/rhel10_stig : Reset syscalls found per file] ************
skipping: [localhost]

TASK [/stigforge/roles/rhel10_stig : Declare syscalls found per file] **********
skipping: [localhost]

TASK [/stigforge/roles/rhel10_stig : Declare files where syscalls were found] ***
skipping: [localhost]

TASK [/stigforge/roles/rhel10_stig : Count occurrences of syscalls in paths] ***
skipping: [localhost]

TASK [/stigforge/roles/rhel10_stig : Get path with most syscalls] **************
skipping: [localhost]

TASK [/stigforge/roles/rhel10_stig : No file with syscall found, set path to /etc/audit/rules.d/privileged.rules] ***
skipping: [localhost]

TASK [/stigforge/roles/rhel10_stig : Declare found syscalls] *******************
skipping: [localhost]

TASK [/stigforge/roles/rhel10_stig : Declare missing syscalls] *****************
skipping: [localhost]

TASK [/stigforge/roles/rhel10_stig : Replace the audit rule in {{ audit_file }}] ***
skipping: [localhost]

TASK [/stigforge/roles/rhel10_stig : Add the audit rule to {{ audit_file }}] ***
skipping: [localhost]

TASK [/stigforge/roles/rhel10_stig : Declare list of syscalls] *****************
skipping: [localhost]

TASK [/stigforge/roles/rhel10_stig : Check existence of  in /etc/audit/audit.rules] ***
skipping: [localhost]

TASK [/stigforge/roles/rhel10_stig : Set path to /etc/audit/audit.rules] *******
skipping: [localhost]

TASK [/stigforge/roles/rhel10_stig : Declare found syscalls] *******************
skipping: [localhost]

TASK [/stigforge/roles/rhel10_stig : Declare missing syscalls] *****************
skipping: [localhost]

TASK [/stigforge/roles/rhel10_stig : Replace the audit rule in {{ audit_file }}] ***
skipping: [localhost]

TASK [/stigforge/roles/rhel10_stig : Add the audit rule to {{ audit_file }}] ***
skipping: [localhost]

TASK [/stigforge/roles/rhel10_stig : Declare list of syscalls] *****************
skipping: [localhost]

TASK [/stigforge/roles/rhel10_stig : Check existence of  in /etc/audit/rules.d/] ***
skipping: [localhost]

TASK [/stigforge/roles/rhel10_stig : Reset syscalls found per file] ************
skipping: [localhost]

TASK [/stigforge/roles/rhel10_stig : Declare syscalls found per file] **********
skipping: [localhost]

TASK [/stigforge/roles/rhel10_stig : Declare files where syscalls were found] ***
skipping: [localhost]

TASK [/stigforge/roles/rhel10_stig : Count occurrences of syscalls in paths] ***
skipping: [localhost]

TASK [/stigforge/roles/rhel10_stig : Get path with most syscalls] **************
skipping: [localhost]

TASK [/stigforge/roles/rhel10_stig : No file with syscall found, set path to /etc/audit/rules.d/privileged.rules] ***
skipping: [localhost]

TASK [/stigforge/roles/rhel10_stig : Declare found syscalls] *******************
skipping: [localhost]

TASK [/stigforge/roles/rhel10_stig : Declare missing syscalls] *****************
skipping: [localhost]

TASK [/stigforge/roles/rhel10_stig : Replace the audit rule in {{ audit_file }}] ***
skipping: [localhost]

TASK [/stigforge/roles/rhel10_stig : Add the audit rule to {{ audit_file }}] ***
skipping: [localhost]

TASK [/stigforge/roles/rhel10_stig : Declare list of syscalls] *****************
skipping: [localhost]

TASK [/stigforge/roles/rhel10_stig : Check existence of  in /etc/audit/audit.rules] ***
skipping: [localhost]

TASK [/stigforge/roles/rhel10_stig : Set path to /etc/audit/audit.rules] *******
skipping: [localhost]

TASK [/stigforge/roles/rhel10_stig : Declare found syscalls] *******************
skipping: [localhost]

TASK [/stigforge/roles/rhel10_stig : Declare missing syscalls] *****************
skipping: [localhost]

TASK [/stigforge/roles/rhel10_stig : Replace the audit rule in {{ audit_file }}] ***
skipping: [localhost]

TASK [/stigforge/roles/rhel10_stig : Add the audit rule to {{ audit_file }}] ***
skipping: [localhost]

TASK [/stigforge/roles/rhel10_stig : Ensure auditd Collects Information on the Use of Privileged Commands - ssh-keysign - Set architecture for audit /usr/libexec/openssh/ssh-keysign] ***
skipping: [localhost]

TASK [/stigforge/roles/rhel10_stig : Declare list of syscalls] *****************
skipping: [localhost]

TASK [/stigforge/roles/rhel10_stig : Check existence of  in /etc/audit/rules.d/] ***
skipping: [localhost]

TASK [/stigforge/roles/rhel10_stig : Reset syscalls found per file] ************
skipping: [localhost]

TASK [/stigforge/roles/rhel10_stig : Declare syscalls found per file] **********
skipping: [localhost]

TASK [/stigforge/roles/rhel10_stig : Declare files where syscalls were found] ***
skipping: [localhost]

TASK [/stigforge/roles/rhel10_stig : Count occurrences of syscalls in paths] ***
skipping: [localhost]

TASK [/stigforge/roles/rhel10_stig : Get path with most syscalls] **************
skipping: [localhost]

TASK [/stigforge/roles/rhel10_stig : No file with syscall found, set path to /etc/audit/rules.d/privileged.rules] ***
skipping: [localhost]

TASK [/stigforge/roles/rhel10_stig : Declare found syscalls] *******************
skipping: [localhost]

TASK [/stigforge/roles/rhel10_stig : Declare missing syscalls] *****************
skipping: [localhost]

TASK [/stigforge/roles/rhel10_stig : Replace the audit rule in {{ audit_file }}] ***
skipping: [localhost]

TASK [/stigforge/roles/rhel10_stig : Add the audit rule to {{ audit_file }}] ***
skipping: [localhost]

TASK [/stigforge/roles/rhel10_stig : Declare list of syscalls] *****************
skipping: [localhost]

TASK [/stigforge/roles/rhel10_stig : Check existence of  in /etc/audit/audit.rules] ***
skipping: [localhost]

TASK [/stigforge/roles/rhel10_stig : Set path to /etc/audit/audit.rules] *******
skipping: [localhost]

TASK [/stigforge/roles/rhel10_stig : Declare found syscalls] *******************
skipping: [localhost]

TASK [/stigforge/roles/rhel10_stig : Declare missing syscalls] *****************
skipping: [localhost]

TASK [/stigforge/roles/rhel10_stig : Replace the audit rule in {{ audit_file }}] ***
skipping: [localhost]

TASK [/stigforge/roles/rhel10_stig : Add the audit rule to {{ audit_file }}] ***
skipping: [localhost]

TASK [/stigforge/roles/rhel10_stig : Declare list of syscalls] *****************
skipping: [localhost]

TASK [/stigforge/roles/rhel10_stig : Check existence of  in /etc/audit/rules.d/] ***
skipping: [localhost]

TASK [/stigforge/roles/rhel10_stig : Reset syscalls found per file] ************
skipping: [localhost]

TASK [/stigforge/roles/rhel10_stig : Declare syscalls found per file] **********
skipping: [localhost]

TASK [/stigforge/roles/rhel10_stig : Declare files where syscalls were found] ***
skipping: [localhost]

TASK [/stigforge/roles/rhel10_stig : Count occurrences of syscalls in paths] ***
skipping: [localhost]

TASK [/stigforge/roles/rhel10_stig : Get path with most syscalls] **************
skipping: [localhost]

TASK [/stigforge/roles/rhel10_stig : No file with syscall found, set path to /etc/audit/rules.d/privileged.rules] ***
skipping: [localhost]

TASK [/stigforge/roles/rhel10_stig : Declare found syscalls] *******************
skipping: [localhost]

TASK [/stigforge/roles/rhel10_stig : Declare missing syscalls] *****************
skipping: [localhost]

TASK [/stigforge/roles/rhel10_stig : Replace the audit rule in {{ audit_file }}] ***
skipping: [localhost]

TASK [/stigforge/roles/rhel10_stig : Add the audit rule to {{ audit_file }}] ***
skipping: [localhost]

TASK [/stigforge/roles/rhel10_stig : Declare list of syscalls] *****************
skipping: [localhost]

TASK [/stigforge/roles/rhel10_stig : Check existence of  in /etc/audit/audit.rules] ***
skipping: [localhost]

TASK [/stigforge/roles/rhel10_stig : Set path to /etc/audit/audit.rules] *******
skipping: [localhost]

TASK [/stigforge/roles/rhel10_stig : Declare found syscalls] *******************
skipping: [localhost]

TASK [/stigforge/roles/rhel10_stig : Declare missing syscalls] *****************
skipping: [localhost]

TASK [/stigforge/roles/rhel10_stig : Replace the audit rule in {{ audit_file }}] ***
skipping: [localhost]

TASK [/stigforge/roles/rhel10_stig : Add the audit rule to {{ audit_file }}] ***
skipping: [localhost]

TASK [/stigforge/roles/rhel10_stig : Ensure auditd Collects Information on the Use of Privileged Commands - su - Set architecture for audit /usr/bin/su] ***
skipping: [localhost]

TASK [/stigforge/roles/rhel10_stig : Declare list of syscalls] *****************
skipping: [localhost]

TASK [/stigforge/roles/rhel10_stig : Check existence of  in /etc/audit/rules.d/] ***
skipping: [localhost]

TASK [/stigforge/roles/rhel10_stig : Reset syscalls found per file] ************
skipping: [localhost]

TASK [/stigforge/roles/rhel10_stig : Declare syscalls found per file] **********
skipping: [localhost]

TASK [/stigforge/roles/rhel10_stig : Declare files where syscalls were found] ***
skipping: [localhost]

TASK [/stigforge/roles/rhel10_stig : Count occurrences of syscalls in paths] ***
skipping: [localhost]

TASK [/stigforge/roles/rhel10_stig : Get path with most syscalls] **************
skipping: [localhost]

TASK [/stigforge/roles/rhel10_stig : No file with syscall found, set path to /etc/audit/rules.d/privileged.rules] ***
skipping: [localhost]

TASK [/stigforge/roles/rhel10_stig : Declare found syscalls] *******************
skipping: [localhost]

TASK [/stigforge/roles/rhel10_stig : Declare missing syscalls] *****************
skipping: [localhost]

TASK [/stigforge/roles/rhel10_stig : Replace the audit rule in {{ audit_file }}] ***
skipping: [localhost]

TASK [/stigforge/roles/rhel10_stig : Add the audit rule to {{ audit_file }}] ***
skipping: [localhost]

TASK [/stigforge/roles/rhel10_stig : Declare list of syscalls] *****************
skipping: [localhost]

TASK [/stigforge/roles/rhel10_stig : Check existence of  in /etc/audit/audit.rules] ***
skipping: [localhost]

TASK [/stigforge/roles/rhel10_stig : Set path to /etc/audit/audit.rules] *******
skipping: [localhost]

TASK [/stigforge/roles/rhel10_stig : Declare found syscalls] *******************
skipping: [localhost]

TASK [/stigforge/roles/rhel10_stig : Declare missing syscalls] *****************
skipping: [localhost]

TASK [/stigforge/roles/rhel10_stig : Replace the audit rule in {{ audit_file }}] ***
skipping: [localhost]

TASK [/stigforge/roles/rhel10_stig : Add the audit rule to {{ audit_file }}] ***
skipping: [localhost]

TASK [/stigforge/roles/rhel10_stig : Declare list of syscalls] *****************
skipping: [localhost]

TASK [/stigforge/roles/rhel10_stig : Check existence of  in /etc/audit/rules.d/] ***
skipping: [localhost]

TASK [/stigforge/roles/rhel10_stig : Reset syscalls found per file] ************
skipping: [localhost]

TASK [/stigforge/roles/rhel10_stig : Declare syscalls found per file] **********
skipping: [localhost]

TASK [/stigforge/roles/rhel10_stig : Declare files where syscalls were found] ***
skipping: [localhost]

TASK [/stigforge/roles/rhel10_stig : Count occurrences of syscalls in paths] ***
skipping: [localhost]

TASK [/stigforge/roles/rhel10_stig : Get path with most syscalls] **************
skipping: [localhost]

TASK [/stigforge/roles/rhel10_stig : No file with syscall found, set path to /etc/audit/rules.d/privileged.rules] ***
skipping: [localhost]

TASK [/stigforge/roles/rhel10_stig : Declare found syscalls] *******************
skipping: [localhost]

TASK [/stigforge/roles/rhel10_stig : Declare missing syscalls] *****************
skipping: [localhost]

TASK [/stigforge/roles/rhel10_stig : Replace the audit rule in {{ audit_file }}] ***
skipping: [localhost]

TASK [/stigforge/roles/rhel10_stig : Add the audit rule to {{ audit_file }}] ***
skipping: [localhost]

TASK [/stigforge/roles/rhel10_stig : Declare list of syscalls] *****************
skipping: [localhost]

TASK [/stigforge/roles/rhel10_stig : Check existence of  in /etc/audit/audit.rules] ***
skipping: [localhost]

TASK [/stigforge/roles/rhel10_stig : Set path to /etc/audit/audit.rules] *******
skipping: [localhost]

TASK [/stigforge/roles/rhel10_stig : Declare found syscalls] *******************
skipping: [localhost]

TASK [/stigforge/roles/rhel10_stig : Declare missing syscalls] *****************
skipping: [localhost]

TASK [/stigforge/roles/rhel10_stig : Replace the audit rule in {{ audit_file }}] ***
skipping: [localhost]

TASK [/stigforge/roles/rhel10_stig : Add the audit rule to {{ audit_file }}] ***
skipping: [localhost]

TASK [/stigforge/roles/rhel10_stig : Ensure auditd Collects Information on the Use of Privileged Commands - sudo - Set architecture for audit /usr/bin/sudo] ***
skipping: [localhost]

TASK [/stigforge/roles/rhel10_stig : Declare list of syscalls] *****************
skipping: [localhost]

TASK [/stigforge/roles/rhel10_stig : Check existence of  in /etc/audit/rules.d/] ***
skipping: [localhost]

TASK [/stigforge/roles/rhel10_stig : Reset syscalls found per file] ************
skipping: [localhost]

TASK [/stigforge/roles/rhel10_stig : Declare syscalls found per file] **********
skipping: [localhost]

TASK [/stigforge/roles/rhel10_stig : Declare files where syscalls were found] ***
skipping: [localhost]

TASK [/stigforge/roles/rhel10_stig : Count occurrences of syscalls in paths] ***
skipping: [localhost]

TASK [/stigforge/roles/rhel10_stig : Get path with most syscalls] **************
skipping: [localhost]

TASK [/stigforge/roles/rhel10_stig : No file with syscall found, set path to /etc/audit/rules.d/privileged.rules] ***
skipping: [localhost]

TASK [/stigforge/roles/rhel10_stig : Declare found syscalls] *******************
skipping: [localhost]

TASK [/stigforge/roles/rhel10_stig : Declare missing syscalls] *****************
skipping: [localhost]

TASK [/stigforge/roles/rhel10_stig : Replace the audit rule in {{ audit_file }}] ***
skipping: [localhost]

TASK [/stigforge/roles/rhel10_stig : Add the audit rule to {{ audit_file }}] ***
skipping: [localhost]

TASK [/stigforge/roles/rhel10_stig : Declare list of syscalls] *****************
skipping: [localhost]

TASK [/stigforge/roles/rhel10_stig : Check existence of  in /etc/audit/audit.rules] ***
skipping: [localhost]

TASK [/stigforge/roles/rhel10_stig : Set path to /etc/audit/audit.rules] *******
skipping: [localhost]

TASK [/stigforge/roles/rhel10_stig : Declare found syscalls] *******************
skipping: [localhost]

TASK [/stigforge/roles/rhel10_stig : Declare missing syscalls] *****************
skipping: [localhost]

TASK [/stigforge/roles/rhel10_stig : Replace the audit rule in {{ audit_file }}] ***
skipping: [localhost]

TASK [/stigforge/roles/rhel10_stig : Add the audit rule to {{ audit_file }}] ***
skipping: [localhost]

TASK [/stigforge/roles/rhel10_stig : Declare list of syscalls] *****************
skipping: [localhost]

TASK [/stigforge/roles/rhel10_stig : Check existence of  in /etc/audit/rules.d/] ***
skipping: [localhost]

TASK [/stigforge/roles/rhel10_stig : Reset syscalls found per file] ************
skipping: [localhost]

TASK [/stigforge/roles/rhel10_stig : Declare syscalls found per file] **********
skipping: [localhost]

TASK [/stigforge/roles/rhel10_stig : Declare files where syscalls were found] ***
skipping: [localhost]

TASK [/stigforge/roles/rhel10_stig : Count occurrences of syscalls in paths] ***
skipping: [localhost]

TASK [/stigforge/roles/rhel10_stig : Get path with most syscalls] **************
skipping: [localhost]

TASK [/stigforge/roles/rhel10_stig : No file with syscall found, set path to /etc/audit/rules.d/privileged.rules] ***
skipping: [localhost]

TASK [/stigforge/roles/rhel10_stig : Declare found syscalls] *******************
skipping: [localhost]

TASK [/stigforge/roles/rhel10_stig : Declare missing syscalls] *****************
skipping: [localhost]

TASK [/stigforge/roles/rhel10_stig : Replace the audit rule in {{ audit_file }}] ***
skipping: [localhost]

TASK [/stigforge/roles/rhel10_stig : Add the audit rule to {{ audit_file }}] ***
skipping: [localhost]

TASK [/stigforge/roles/rhel10_stig : Declare list of syscalls] *****************
skipping: [localhost]

TASK [/stigforge/roles/rhel10_stig : Check existence of  in /etc/audit/audit.rules] ***
skipping: [localhost]

TASK [/stigforge/roles/rhel10_stig : Set path to /etc/audit/audit.rules] *******
skipping: [localhost]

TASK [/stigforge/roles/rhel10_stig : Declare found syscalls] *******************
skipping: [localhost]

TASK [/stigforge/roles/rhel10_stig : Declare missing syscalls] *****************
skipping: [localhost]

TASK [/stigforge/roles/rhel10_stig : Replace the audit rule in {{ audit_file }}] ***
skipping: [localhost]

TASK [/stigforge/roles/rhel10_stig : Add the audit rule to {{ audit_file }}] ***
skipping: [localhost]

TASK [/stigforge/roles/rhel10_stig : Ensure auditd Collects Information on the Use of Privileged Commands - sudoedit - Set architecture for audit /usr/bin/sudoedit] ***
skipping: [localhost]

TASK [/stigforge/roles/rhel10_stig : Declare list of syscalls] *****************
skipping: [localhost]

TASK [/stigforge/roles/rhel10_stig : Check existence of  in /etc/audit/rules.d/] ***
skipping: [localhost]

TASK [/stigforge/roles/rhel10_stig : Reset syscalls found per file] ************
skipping: [localhost]

TASK [/stigforge/roles/rhel10_stig : Declare syscalls found per file] **********
skipping: [localhost]

TASK [/stigforge/roles/rhel10_stig : Declare files where syscalls were found] ***
skipping: [localhost]

TASK [/stigforge/roles/rhel10_stig : Count occurrences of syscalls in paths] ***
skipping: [localhost]

TASK [/stigforge/roles/rhel10_stig : Get path with most syscalls] **************
skipping: [localhost]

TASK [/stigforge/roles/rhel10_stig : No file with syscall found, set path to /etc/audit/rules.d/privileged.rules] ***
skipping: [localhost]

TASK [/stigforge/roles/rhel10_stig : Declare found syscalls] *******************
skipping: [localhost]

TASK [/stigforge/roles/rhel10_stig : Declare missing syscalls] *****************
skipping: [localhost]

TASK [/stigforge/roles/rhel10_stig : Replace the audit rule in {{ audit_file }}] ***
skipping: [localhost]

TASK [/stigforge/roles/rhel10_stig : Add the audit rule to {{ audit_file }}] ***
skipping: [localhost]

TASK [/stigforge/roles/rhel10_stig : Declare list of syscalls] *****************
skipping: [localhost]

TASK [/stigforge/roles/rhel10_stig : Check existence of  in /etc/audit/audit.rules] ***
skipping: [localhost]

TASK [/stigforge/roles/rhel10_stig : Set path to /etc/audit/audit.rules] *******
skipping: [localhost]

TASK [/stigforge/roles/rhel10_stig : Declare found syscalls] *******************
skipping: [localhost]

TASK [/stigforge/roles/rhel10_stig : Declare missing syscalls] *****************
skipping: [localhost]

TASK [/stigforge/roles/rhel10_stig : Replace the audit rule in {{ audit_file }}] ***
skipping: [localhost]

TASK [/stigforge/roles/rhel10_stig : Add the audit rule to {{ audit_file }}] ***
skipping: [localhost]

TASK [/stigforge/roles/rhel10_stig : Declare list of syscalls] *****************
skipping: [localhost]

TASK [/stigforge/roles/rhel10_stig : Check existence of  in /etc/audit/rules.d/] ***
skipping: [localhost]

TASK [/stigforge/roles/rhel10_stig : Reset syscalls found per file] ************
skipping: [localhost]

TASK [/stigforge/roles/rhel10_stig : Declare syscalls found per file] **********
skipping: [localhost]

TASK [/stigforge/roles/rhel10_stig : Declare files where syscalls were found] ***
skipping: [localhost]

TASK [/stigforge/roles/rhel10_stig : Count occurrences of syscalls in paths] ***
skipping: [localhost]

TASK [/stigforge/roles/rhel10_stig : Get path with most syscalls] **************
skipping: [localhost]

TASK [/stigforge/roles/rhel10_stig : No file with syscall found, set path to /etc/audit/rules.d/privileged.rules] ***
skipping: [localhost]

TASK [/stigforge/roles/rhel10_stig : Declare found syscalls] *******************
skipping: [localhost]

TASK [/stigforge/roles/rhel10_stig : Declare missing syscalls] *****************
skipping: [localhost]

TASK [/stigforge/roles/rhel10_stig : Replace the audit rule in {{ audit_file }}] ***
skipping: [localhost]

TASK [/stigforge/roles/rhel10_stig : Add the audit rule to {{ audit_file }}] ***
skipping: [localhost]

TASK [/stigforge/roles/rhel10_stig : Declare list of syscalls] *****************
skipping: [localhost]

TASK [/stigforge/roles/rhel10_stig : Check existence of  in /etc/audit/audit.rules] ***
skipping: [localhost]

TASK [/stigforge/roles/rhel10_stig : Set path to /etc/audit/audit.rules] *******
skipping: [localhost]

TASK [/stigforge/roles/rhel10_stig : Declare found syscalls] *******************
skipping: [localhost]

TASK [/stigforge/roles/rhel10_stig : Declare missing syscalls] *****************
skipping: [localhost]

TASK [/stigforge/roles/rhel10_stig : Replace the audit rule in {{ audit_file }}] ***
skipping: [localhost]

TASK [/stigforge/roles/rhel10_stig : Add the audit rule to {{ audit_file }}] ***
skipping: [localhost]

TASK [/stigforge/roles/rhel10_stig : Ensure auditd Collects Information on the Use of Privileged Commands - umount - Set architecture for audit /usr/bin/umount] ***
skipping: [localhost]

TASK [/stigforge/roles/rhel10_stig : Declare list of syscalls] *****************
skipping: [localhost]

TASK [/stigforge/roles/rhel10_stig : Check existence of  in /etc/audit/rules.d/] ***
skipping: [localhost]

TASK [/stigforge/roles/rhel10_stig : Reset syscalls found per file] ************
skipping: [localhost]

TASK [/stigforge/roles/rhel10_stig : Declare syscalls found per file] **********
skipping: [localhost]

TASK [/stigforge/roles/rhel10_stig : Declare files where syscalls were found] ***
skipping: [localhost]

TASK [/stigforge/roles/rhel10_stig : Count occurrences of syscalls in paths] ***
skipping: [localhost]

TASK [/stigforge/roles/rhel10_stig : Get path with most syscalls] **************
skipping: [localhost]

TASK [/stigforge/roles/rhel10_stig : No file with syscall found, set path to /etc/audit/rules.d/privileged.rules] ***
skipping: [localhost]

TASK [/stigforge/roles/rhel10_stig : Declare found syscalls] *******************
skipping: [localhost]

TASK [/stigforge/roles/rhel10_stig : Declare missing syscalls] *****************
skipping: [localhost]

TASK [/stigforge/roles/rhel10_stig : Replace the audit rule in {{ audit_file }}] ***
skipping: [localhost]

TASK [/stigforge/roles/rhel10_stig : Add the audit rule to {{ audit_file }}] ***
skipping: [localhost]

TASK [/stigforge/roles/rhel10_stig : Declare list of syscalls] *****************
skipping: [localhost]

TASK [/stigforge/roles/rhel10_stig : Check existence of  in /etc/audit/audit.rules] ***
skipping: [localhost]

TASK [/stigforge/roles/rhel10_stig : Set path to /etc/audit/audit.rules] *******
skipping: [localhost]

TASK [/stigforge/roles/rhel10_stig : Declare found syscalls] *******************
skipping: [localhost]

TASK [/stigforge/roles/rhel10_stig : Declare missing syscalls] *****************
skipping: [localhost]

TASK [/stigforge/roles/rhel10_stig : Replace the audit rule in {{ audit_file }}] ***
skipping: [localhost]

TASK [/stigforge/roles/rhel10_stig : Add the audit rule to {{ audit_file }}] ***
skipping: [localhost]

TASK [/stigforge/roles/rhel10_stig : Declare list of syscalls] *****************
skipping: [localhost]

TASK [/stigforge/roles/rhel10_stig : Check existence of  in /etc/audit/rules.d/] ***
skipping: [localhost]

TASK [/stigforge/roles/rhel10_stig : Reset syscalls found per file] ************
skipping: [localhost]

TASK [/stigforge/roles/rhel10_stig : Declare syscalls found per file] **********
skipping: [localhost]

TASK [/stigforge/roles/rhel10_stig : Declare files where syscalls were found] ***
skipping: [localhost]

TASK [/stigforge/roles/rhel10_stig : Count occurrences of syscalls in paths] ***
skipping: [localhost]

TASK [/stigforge/roles/rhel10_stig : Get path with most syscalls] **************
skipping: [localhost]

TASK [/stigforge/roles/rhel10_stig : No file with syscall found, set path to /etc/audit/rules.d/privileged.rules] ***
skipping: [localhost]

TASK [/stigforge/roles/rhel10_stig : Declare found syscalls] *******************
skipping: [localhost]

TASK [/stigforge/roles/rhel10_stig : Declare missing syscalls] *****************
skipping: [localhost]

TASK [/stigforge/roles/rhel10_stig : Replace the audit rule in {{ audit_file }}] ***
skipping: [localhost]

TASK [/stigforge/roles/rhel10_stig : Add the audit rule to {{ audit_file }}] ***
skipping: [localhost]

TASK [/stigforge/roles/rhel10_stig : Declare list of syscalls] *****************
skipping: [localhost]

TASK [/stigforge/roles/rhel10_stig : Check existence of  in /etc/audit/audit.rules] ***
skipping: [localhost]

TASK [/stigforge/roles/rhel10_stig : Set path to /etc/audit/audit.rules] *******
skipping: [localhost]

TASK [/stigforge/roles/rhel10_stig : Declare found syscalls] *******************
skipping: [localhost]

TASK [/stigforge/roles/rhel10_stig : Declare missing syscalls] *****************
skipping: [localhost]

TASK [/stigforge/roles/rhel10_stig : Replace the audit rule in {{ audit_file }}] ***
skipping: [localhost]

TASK [/stigforge/roles/rhel10_stig : Add the audit rule to {{ audit_file }}] ***
skipping: [localhost]

TASK [/stigforge/roles/rhel10_stig : Ensure auditd Collects Information on the Use of Privileged Commands - unix_chkpwd - Set architecture for audit /usr/sbin/unix_chkpwd] ***
skipping: [localhost]

TASK [/stigforge/roles/rhel10_stig : Declare list of syscalls] *****************
skipping: [localhost]

TASK [/stigforge/roles/rhel10_stig : Check existence of  in /etc/audit/rules.d/] ***
skipping: [localhost]

TASK [/stigforge/roles/rhel10_stig : Reset syscalls found per file] ************
skipping: [localhost]

TASK [/stigforge/roles/rhel10_stig : Declare syscalls found per file] **********
skipping: [localhost]

TASK [/stigforge/roles/rhel10_stig : Declare files where syscalls were found] ***
skipping: [localhost]

TASK [/stigforge/roles/rhel10_stig : Count occurrences of syscalls in paths] ***
skipping: [localhost]

TASK [/stigforge/roles/rhel10_stig : Get path with most syscalls] **************
skipping: [localhost]

TASK [/stigforge/roles/rhel10_stig : No file with syscall found, set path to /etc/audit/rules.d/privileged.rules] ***
skipping: [localhost]

TASK [/stigforge/roles/rhel10_stig : Declare found syscalls] *******************
skipping: [localhost]

TASK [/stigforge/roles/rhel10_stig : Declare missing syscalls] *****************
skipping: [localhost]

TASK [/stigforge/roles/rhel10_stig : Replace the audit rule in {{ audit_file }}] ***
skipping: [localhost]

TASK [/stigforge/roles/rhel10_stig : Add the audit rule to {{ audit_file }}] ***
skipping: [localhost]

TASK [/stigforge/roles/rhel10_stig : Declare list of syscalls] *****************
skipping: [localhost]

TASK [/stigforge/roles/rhel10_stig : Check existence of  in /etc/audit/audit.rules] ***
skipping: [localhost]

TASK [/stigforge/roles/rhel10_stig : Set path to /etc/audit/audit.rules] *******
skipping: [localhost]

TASK [/stigforge/roles/rhel10_stig : Declare found syscalls] *******************
skipping: [localhost]

TASK [/stigforge/roles/rhel10_stig : Declare missing syscalls] *****************
skipping: [localhost]

TASK [/stigforge/roles/rhel10_stig : Replace the audit rule in {{ audit_file }}] ***
skipping: [localhost]

TASK [/stigforge/roles/rhel10_stig : Add the audit rule to {{ audit_file }}] ***
skipping: [localhost]

TASK [/stigforge/roles/rhel10_stig : Declare list of syscalls] *****************
skipping: [localhost]

TASK [/stigforge/roles/rhel10_stig : Check existence of  in /etc/audit/rules.d/] ***
skipping: [localhost]

TASK [/stigforge/roles/rhel10_stig : Reset syscalls found per file] ************
skipping: [localhost]

TASK [/stigforge/roles/rhel10_stig : Declare syscalls found per file] **********
skipping: [localhost]

TASK [/stigforge/roles/rhel10_stig : Declare files where syscalls were found] ***
skipping: [localhost]

TASK [/stigforge/roles/rhel10_stig : Count occurrences of syscalls in paths] ***
skipping: [localhost]

TASK [/stigforge/roles/rhel10_stig : Get path with most syscalls] **************
skipping: [localhost]

TASK [/stigforge/roles/rhel10_stig : No file with syscall found, set path to /etc/audit/rules.d/privileged.rules] ***
skipping: [localhost]

TASK [/stigforge/roles/rhel10_stig : Declare found syscalls] *******************
skipping: [localhost]

TASK [/stigforge/roles/rhel10_stig : Declare missing syscalls] *****************
skipping: [localhost]

TASK [/stigforge/roles/rhel10_stig : Replace the audit rule in {{ audit_file }}] ***
skipping: [localhost]

TASK [/stigforge/roles/rhel10_stig : Add the audit rule to {{ audit_file }}] ***
skipping: [localhost]

TASK [/stigforge/roles/rhel10_stig : Declare list of syscalls] *****************
skipping: [localhost]

TASK [/stigforge/roles/rhel10_stig : Check existence of  in /etc/audit/audit.rules] ***
skipping: [localhost]

TASK [/stigforge/roles/rhel10_stig : Set path to /etc/audit/audit.rules] *******
skipping: [localhost]

TASK [/stigforge/roles/rhel10_stig : Declare found syscalls] *******************
skipping: [localhost]

TASK [/stigforge/roles/rhel10_stig : Declare missing syscalls] *****************
skipping: [localhost]

TASK [/stigforge/roles/rhel10_stig : Replace the audit rule in {{ audit_file }}] ***
skipping: [localhost]

TASK [/stigforge/roles/rhel10_stig : Add the audit rule to {{ audit_file }}] ***
skipping: [localhost]

TASK [/stigforge/roles/rhel10_stig : Ensure auditd Collects Information on the Use of Privileged Commands - unix_update - Set architecture for audit /usr/sbin/unix_update] ***
skipping: [localhost]

TASK [/stigforge/roles/rhel10_stig : Declare list of syscalls] *****************
skipping: [localhost]

TASK [/stigforge/roles/rhel10_stig : Check existence of  in /etc/audit/rules.d/] ***
skipping: [localhost]

TASK [/stigforge/roles/rhel10_stig : Reset syscalls found per file] ************
skipping: [localhost]

TASK [/stigforge/roles/rhel10_stig : Declare syscalls found per file] **********
skipping: [localhost]

TASK [/stigforge/roles/rhel10_stig : Declare files where syscalls were found] ***
skipping: [localhost]

TASK [/stigforge/roles/rhel10_stig : Count occurrences of syscalls in paths] ***
skipping: [localhost]

TASK [/stigforge/roles/rhel10_stig : Get path with most syscalls] **************
skipping: [localhost]

TASK [/stigforge/roles/rhel10_stig : No file with syscall found, set path to /etc/audit/rules.d/privileged.rules] ***
skipping: [localhost]

TASK [/stigforge/roles/rhel10_stig : Declare found syscalls] *******************
skipping: [localhost]

TASK [/stigforge/roles/rhel10_stig : Declare missing syscalls] *****************
skipping: [localhost]

TASK [/stigforge/roles/rhel10_stig : Replace the audit rule in {{ audit_file }}] ***
skipping: [localhost]

TASK [/stigforge/roles/rhel10_stig : Add the audit rule to {{ audit_file }}] ***
skipping: [localhost]

TASK [/stigforge/roles/rhel10_stig : Declare list of syscalls] *****************
skipping: [localhost]

TASK [/stigforge/roles/rhel10_stig : Check existence of  in /etc/audit/audit.rules] ***
skipping: [localhost]

TASK [/stigforge/roles/rhel10_stig : Set path to /etc/audit/audit.rules] *******
skipping: [localhost]

TASK [/stigforge/roles/rhel10_stig : Declare found syscalls] *******************
skipping: [localhost]

TASK [/stigforge/roles/rhel10_stig : Declare missing syscalls] *****************
skipping: [localhost]

TASK [/stigforge/roles/rhel10_stig : Replace the audit rule in {{ audit_file }}] ***
skipping: [localhost]

TASK [/stigforge/roles/rhel10_stig : Add the audit rule to {{ audit_file }}] ***
skipping: [localhost]

TASK [/stigforge/roles/rhel10_stig : Declare list of syscalls] *****************
skipping: [localhost]

TASK [/stigforge/roles/rhel10_stig : Check existence of  in /etc/audit/rules.d/] ***
skipping: [localhost]

TASK [/stigforge/roles/rhel10_stig : Reset syscalls found per file] ************
skipping: [localhost]

TASK [/stigforge/roles/rhel10_stig : Declare syscalls found per file] **********
skipping: [localhost]

TASK [/stigforge/roles/rhel10_stig : Declare files where syscalls were found] ***
skipping: [localhost]

TASK [/stigforge/roles/rhel10_stig : Count occurrences of syscalls in paths] ***
skipping: [localhost]

TASK [/stigforge/roles/rhel10_stig : Get path with most syscalls] **************
skipping: [localhost]

TASK [/stigforge/roles/rhel10_stig : No file with syscall found, set path to /etc/audit/rules.d/privileged.rules] ***
skipping: [localhost]

TASK [/stigforge/roles/rhel10_stig : Declare found syscalls] *******************
skipping: [localhost]

TASK [/stigforge/roles/rhel10_stig : Declare missing syscalls] *****************
skipping: [localhost]

TASK [/stigforge/roles/rhel10_stig : Replace the audit rule in {{ audit_file }}] ***
skipping: [localhost]

TASK [/stigforge/roles/rhel10_stig : Add the audit rule to {{ audit_file }}] ***
skipping: [localhost]

TASK [/stigforge/roles/rhel10_stig : Declare list of syscalls] *****************
skipping: [localhost]

TASK [/stigforge/roles/rhel10_stig : Check existence of  in /etc/audit/audit.rules] ***
skipping: [localhost]

TASK [/stigforge/roles/rhel10_stig : Set path to /etc/audit/audit.rules] *******
skipping: [localhost]

TASK [/stigforge/roles/rhel10_stig : Declare found syscalls] *******************
skipping: [localhost]

TASK [/stigforge/roles/rhel10_stig : Declare missing syscalls] *****************
skipping: [localhost]

TASK [/stigforge/roles/rhel10_stig : Replace the audit rule in {{ audit_file }}] ***
skipping: [localhost]

TASK [/stigforge/roles/rhel10_stig : Add the audit rule to {{ audit_file }}] ***
skipping: [localhost]

TASK [/stigforge/roles/rhel10_stig : Ensure auditd Collects Information on the Use of Privileged Commands - userhelper - Set architecture for audit /usr/sbin/userhelper] ***
skipping: [localhost]

TASK [/stigforge/roles/rhel10_stig : Declare list of syscalls] *****************
skipping: [localhost]

TASK [/stigforge/roles/rhel10_stig : Check existence of  in /etc/audit/rules.d/] ***
skipping: [localhost]

TASK [/stigforge/roles/rhel10_stig : Reset syscalls found per file] ************
skipping: [localhost]

TASK [/stigforge/roles/rhel10_stig : Declare syscalls found per file] **********
skipping: [localhost]

TASK [/stigforge/roles/rhel10_stig : Declare files where syscalls were found] ***
skipping: [localhost]

TASK [/stigforge/roles/rhel10_stig : Count occurrences of syscalls in paths] ***
skipping: [localhost]

TASK [/stigforge/roles/rhel10_stig : Get path with most syscalls] **************
skipping: [localhost]

TASK [/stigforge/roles/rhel10_stig : No file with syscall found, set path to /etc/audit/rules.d/privileged.rules] ***
skipping: [localhost]

TASK [/stigforge/roles/rhel10_stig : Declare found syscalls] *******************
skipping: [localhost]

TASK [/stigforge/roles/rhel10_stig : Declare missing syscalls] *****************
skipping: [localhost]

TASK [/stigforge/roles/rhel10_stig : Replace the audit rule in {{ audit_file }}] ***
skipping: [localhost]

TASK [/stigforge/roles/rhel10_stig : Add the audit rule to {{ audit_file }}] ***
skipping: [localhost]

TASK [/stigforge/roles/rhel10_stig : Declare list of syscalls] *****************
skipping: [localhost]

TASK [/stigforge/roles/rhel10_stig : Check existence of  in /etc/audit/audit.rules] ***
skipping: [localhost]

TASK [/stigforge/roles/rhel10_stig : Set path to /etc/audit/audit.rules] *******
skipping: [localhost]

TASK [/stigforge/roles/rhel10_stig : Declare found syscalls] *******************
skipping: [localhost]

TASK [/stigforge/roles/rhel10_stig : Declare missing syscalls] *****************
skipping: [localhost]

TASK [/stigforge/roles/rhel10_stig : Replace the audit rule in {{ audit_file }}] ***
skipping: [localhost]

TASK [/stigforge/roles/rhel10_stig : Add the audit rule to {{ audit_file }}] ***
skipping: [localhost]

TASK [/stigforge/roles/rhel10_stig : Declare list of syscalls] *****************
skipping: [localhost]

TASK [/stigforge/roles/rhel10_stig : Check existence of  in /etc/audit/rules.d/] ***
skipping: [localhost]

TASK [/stigforge/roles/rhel10_stig : Reset syscalls found per file] ************
skipping: [localhost]

TASK [/stigforge/roles/rhel10_stig : Declare syscalls found per file] **********
skipping: [localhost]

TASK [/stigforge/roles/rhel10_stig : Declare files where syscalls were found] ***
skipping: [localhost]

TASK [/stigforge/roles/rhel10_stig : Count occurrences of syscalls in paths] ***
skipping: [localhost]

TASK [/stigforge/roles/rhel10_stig : Get path with most syscalls] **************
skipping: [localhost]

TASK [/stigforge/roles/rhel10_stig : No file with syscall found, set path to /etc/audit/rules.d/privileged.rules] ***
skipping: [localhost]

TASK [/stigforge/roles/rhel10_stig : Declare found syscalls] *******************
skipping: [localhost]

TASK [/stigforge/roles/rhel10_stig : Declare missing syscalls] *****************
skipping: [localhost]

TASK [/stigforge/roles/rhel10_stig : Replace the audit rule in {{ audit_file }}] ***
skipping: [localhost]

TASK [/stigforge/roles/rhel10_stig : Add the audit rule to {{ audit_file }}] ***
skipping: [localhost]

TASK [/stigforge/roles/rhel10_stig : Declare list of syscalls] *****************
skipping: [localhost]

TASK [/stigforge/roles/rhel10_stig : Check existence of  in /etc/audit/audit.rules] ***
skipping: [localhost]

TASK [/stigforge/roles/rhel10_stig : Set path to /etc/audit/audit.rules] *******
skipping: [localhost]

TASK [/stigforge/roles/rhel10_stig : Declare found syscalls] *******************
skipping: [localhost]

TASK [/stigforge/roles/rhel10_stig : Declare missing syscalls] *****************
skipping: [localhost]

TASK [/stigforge/roles/rhel10_stig : Replace the audit rule in {{ audit_file }}] ***
skipping: [localhost]

TASK [/stigforge/roles/rhel10_stig : Add the audit rule to {{ audit_file }}] ***
skipping: [localhost]

TASK [/stigforge/roles/rhel10_stig : Ensure auditd Collects Information on the Use of Privileged Commands - usermod - Set architecture for audit /usr/sbin/usermod] ***
skipping: [localhost]

TASK [/stigforge/roles/rhel10_stig : Declare list of syscalls] *****************
skipping: [localhost]

TASK [/stigforge/roles/rhel10_stig : Check existence of  in /etc/audit/rules.d/] ***
skipping: [localhost]

TASK [/stigforge/roles/rhel10_stig : Reset syscalls found per file] ************
skipping: [localhost]

TASK [/stigforge/roles/rhel10_stig : Declare syscalls found per file] **********
skipping: [localhost]

TASK [/stigforge/roles/rhel10_stig : Declare files where syscalls were found] ***
skipping: [localhost]

TASK [/stigforge/roles/rhel10_stig : Count occurrences of syscalls in paths] ***
skipping: [localhost]

TASK [/stigforge/roles/rhel10_stig : Get path with most syscalls] **************
skipping: [localhost]

TASK [/stigforge/roles/rhel10_stig : No file with syscall found, set path to /etc/audit/rules.d/privileged.rules] ***
skipping: [localhost]

TASK [/stigforge/roles/rhel10_stig : Declare found syscalls] *******************
skipping: [localhost]

TASK [/stigforge/roles/rhel10_stig : Declare missing syscalls] *****************
skipping: [localhost]

TASK [/stigforge/roles/rhel10_stig : Replace the audit rule in {{ audit_file }}] ***
skipping: [localhost]

TASK [/stigforge/roles/rhel10_stig : Add the audit rule to {{ audit_file }}] ***
skipping: [localhost]

TASK [/stigforge/roles/rhel10_stig : Declare list of syscalls] *****************
skipping: [localhost]

TASK [/stigforge/roles/rhel10_stig : Check existence of  in /etc/audit/audit.rules] ***
skipping: [localhost]

TASK [/stigforge/roles/rhel10_stig : Set path to /etc/audit/audit.rules] *******
skipping: [localhost]

TASK [/stigforge/roles/rhel10_stig : Declare found syscalls] *******************
skipping: [localhost]

TASK [/stigforge/roles/rhel10_stig : Declare missing syscalls] *****************
skipping: [localhost]

TASK [/stigforge/roles/rhel10_stig : Replace the audit rule in {{ audit_file }}] ***
skipping: [localhost]

TASK [/stigforge/roles/rhel10_stig : Add the audit rule to {{ audit_file }}] ***
skipping: [localhost]

TASK [/stigforge/roles/rhel10_stig : Declare list of syscalls] *****************
skipping: [localhost]

TASK [/stigforge/roles/rhel10_stig : Check existence of  in /etc/audit/rules.d/] ***
skipping: [localhost]

TASK [/stigforge/roles/rhel10_stig : Reset syscalls found per file] ************
skipping: [localhost]

TASK [/stigforge/roles/rhel10_stig : Declare syscalls found per file] **********
skipping: [localhost]

TASK [/stigforge/roles/rhel10_stig : Declare files where syscalls were found] ***
skipping: [localhost]

TASK [/stigforge/roles/rhel10_stig : Count occurrences of syscalls in paths] ***
skipping: [localhost]

TASK [/stigforge/roles/rhel10_stig : Get path with most syscalls] **************
skipping: [localhost]

TASK [/stigforge/roles/rhel10_stig : No file with syscall found, set path to /etc/audit/rules.d/privileged.rules] ***
skipping: [localhost]

TASK [/stigforge/roles/rhel10_stig : Declare found syscalls] *******************
skipping: [localhost]

TASK [/stigforge/roles/rhel10_stig : Declare missing syscalls] *****************
skipping: [localhost]

TASK [/stigforge/roles/rhel10_stig : Replace the audit rule in {{ audit_file }}] ***
skipping: [localhost]

TASK [/stigforge/roles/rhel10_stig : Add the audit rule to {{ audit_file }}] ***
skipping: [localhost]

TASK [/stigforge/roles/rhel10_stig : Declare list of syscalls] *****************
skipping: [localhost]

TASK [/stigforge/roles/rhel10_stig : Check existence of  in /etc/audit/audit.rules] ***
skipping: [localhost]

TASK [/stigforge/roles/rhel10_stig : Set path to /etc/audit/audit.rules] *******
skipping: [localhost]

TASK [/stigforge/roles/rhel10_stig : Declare found syscalls] *******************
skipping: [localhost]

TASK [/stigforge/roles/rhel10_stig : Declare missing syscalls] *****************
skipping: [localhost]

TASK [/stigforge/roles/rhel10_stig : Replace the audit rule in {{ audit_file }}] ***
skipping: [localhost]

TASK [/stigforge/roles/rhel10_stig : Add the audit rule to {{ audit_file }}] ***
skipping: [localhost]

TASK [/stigforge/roles/rhel10_stig : Configure auditd mail_acct Action on Low Disk Space - Configure auditd mail_acct Action on Low Disk Space] ***
skipping: [localhost]

TASK [/stigforge/roles/rhel10_stig : Configure auditd admin_space_left Action on Low Disk Space] ***
skipping: [localhost]

TASK [/stigforge/roles/rhel10_stig : Configure auditd admin_space_left on Low Disk Space] ***
skipping: [localhost]

TASK [/stigforge/roles/rhel10_stig : Configure auditd space_left Action on Low Disk Space] ***
skipping: [localhost]

TASK [/stigforge/roles/rhel10_stig : Configure auditd space_left on Low Disk Space] ***
skipping: [localhost]

TASK [/stigforge/roles/rhel10_stig : Check for duplicate values] ***************
skipping: [localhost]

TASK [/stigforge/roles/rhel10_stig : Deduplicate values from /etc/audit/auditd.conf] ***
skipping: [localhost]

TASK [/stigforge/roles/rhel10_stig : Insert correct line to /etc/audit/auditd.conf] ***
skipping: [localhost]

TASK [/stigforge/roles/rhel10_stig : Check for duplicate values] ***************
skipping: [localhost]

TASK [/stigforge/roles/rhel10_stig : Deduplicate values from /etc/audit/auditd.conf] ***
skipping: [localhost]

TASK [/stigforge/roles/rhel10_stig : Insert correct line to /etc/audit/auditd.conf] ***
skipping: [localhost]

TASK [/stigforge/roles/rhel10_stig : Check for duplicate values] ***************
skipping: [localhost]

TASK [/stigforge/roles/rhel10_stig : Deduplicate values from /etc/audit/auditd.conf] ***
skipping: [localhost]

TASK [/stigforge/roles/rhel10_stig : Insert correct line to /etc/audit/auditd.conf] ***
skipping: [localhost]

TASK [/stigforge/roles/rhel10_stig : Set type of computer node name logging in audit logs - Define Value to Be Used in the Remediation] ***
skipping: [localhost]

TASK [/stigforge/roles/rhel10_stig : Check for duplicate values] ***************
skipping: [localhost]

TASK [/stigforge/roles/rhel10_stig : Deduplicate values from /etc/audit/auditd.conf] ***
skipping: [localhost]

TASK [/stigforge/roles/rhel10_stig : Insert correct line to /etc/audit/auditd.conf] ***
skipping: [localhost]

TASK [/stigforge/roles/rhel10_stig : Check for duplicate values] ***************
skipping: [localhost]

TASK [/stigforge/roles/rhel10_stig : Deduplicate values from /etc/audit/auditd.conf] ***
skipping: [localhost]

TASK [/stigforge/roles/rhel10_stig : Insert correct line to /etc/audit/auditd.conf] ***
skipping: [localhost]

TASK [/stigforge/roles/rhel10_stig : Check for duplicate values] ***************
skipping: [localhost]

TASK [/stigforge/roles/rhel10_stig : Deduplicate values from /etc/audit/auditd.conf] ***
skipping: [localhost]

TASK [/stigforge/roles/rhel10_stig : Insert correct line to /etc/audit/auditd.conf] ***
skipping: [localhost]

TASK [/stigforge/roles/rhel10_stig : Test for existence /etc/audit/auditd.conf] ***
skipping: [localhost]

TASK [/stigforge/roles/rhel10_stig : Ensure permission u-xs,g-xws,o-xwrt on /etc/audit/auditd.conf] ***
skipping: [localhost]

TASK [/stigforge/roles/rhel10_stig : Find /etc/audit/rules.d/ file(s)] *********
skipping: [localhost]

TASK [/stigforge/roles/rhel10_stig : Set permissions for /etc/audit/rules.d/ file(s)] ***
skipping: [localhost]

TASK [/stigforge/roles/rhel10_stig : Use files-only host resolution when DNS is not configured (STIG name resolution)] ***
changed: [localhost]

TASK [/stigforge/roles/rhel10_stig : Empty resolv.conf when nsswitch does not use DNS] ***
An exception occurred during task execution. To see the full traceback, use -vvv. The error was: OSError: [Errno 16] Device or resource busy: b'/etc/.ansible_tmpvk4ko6z2resolv.conf' -> b'/etc/resolv.conf'
fatal: [localhost]: FAILED! => {"changed": false, "checksum": "da39a3ee5e6b4b0d3255bfef95601890afd80709", "msg": "Unable to make b'/root/.ansible/tmp/ansible-tmp-1789216525.1987853-8348-231895217211800/.source.conf' into to /etc/resolv.conf, failed final rename from b'/etc/.ansible_tmpvk4ko6z2resolv.conf': [Errno 16] Device or resource busy: b'/etc/.ansible_tmpvk4ko6z2resolv.conf' -> b'/etc/resolv.conf'"}

TASK [/stigforge/roles/rhel10_stig : StigForge: continue after error in 'Empty resolv.conf when nsswitch does not use DNS' (OpenSCAP is the score gate)] ***
ok: [localhost] => {
    "msg": "StigForge: 'Empty resolv.conf when nsswitch does not use DNS' raised an error (module or templating) and was skipped; continuing so later rules still run. OpenSCAP evaluates the resulting system state independently."
}

TASK [/stigforge/roles/rhel10_stig : Find ungrouped files on local mounts (verify scope)] ***
ok: [localhost]

TASK [/stigforge/roles/rhel10_stig : Assign root group to ungrouped files] *****
changed: [localhost] => (item=/stigforge/artifacts)
changed: [localhost] => (item=/stigforge/artifacts/verify)
changed: [localhost] => (item=/stigforge/artifacts/verify/rhel10_stig)
changed: [localhost] => (item=/stigforge/artifacts/verify/rhel10_stig/stig)
failed: [localhost] (item=/stigforge/roles) => {"ansible_loop_var": "item", "changed": false, "gid": 1000, "group": "1000", "item": "/stigforge/roles", "mode": "0755", "msg": "chgrp failed", "owner": "1000", "path": "/stigforge/roles", "size": 4096, "state": "directory", "uid": 1000}
failed: [localhost] (item=/stigforge/roles/rhel9_cis) => {"ansible_loop_var": "item", "changed": false, "gid": 1000, "group": "1000", "item": "/stigforge/roles/rhel9_cis", "mode": "0755", "msg": "chgrp failed", "owner": "1000", "path": "/stigforge/roles/rhel9_cis", "size": 4096, "state": "directory", "uid": 1000}
failed: [localhost] (item=/stigforge/roles/rhel9_cis/README.md) => {"ansible_loop_var": "item", "changed": false, "gid": 1000, "group": "1000", "item": "/stigforge/roles/rhel9_cis/README.md", "mode": "0644", "msg": "chgrp failed", "owner": "1000", "path": "/stigforge/roles/rhel9_cis/README.md", "size": 694, "state": "file", "uid": 1000}
failed: [localhost] (item=/stigforge/roles/rhel9_cis/tasks) => {"ansible_loop_var": "item", "changed": false, "gid": 1000, "group": "1000", "item": "/stigforge/roles/rhel9_cis/tasks", "mode": "0755", "msg": "chgrp failed", "owner": "1000", "path": "/stigforge/roles/rhel9_cis/tasks", "size": 4096, "state": "directory", "uid": 1000}
failed: [localhost] (item=/stigforge/roles/rhel9_cis/tasks/cis-l1.yml) => {"ansible_loop_var": "item", "changed": false, "gid": 1000, "group": "1000", "item": "/stigforge/roles/rhel9_cis/tasks/cis-l1.yml", "mode": "0644", "msg": "chgrp failed", "owner": "1000", "path": "/stigforge/roles/rhel9_cis/tasks/cis-l1.yml", "size": 1413127, "state": "file", "uid": 1000}
failed: [localhost] (item=/stigforge/roles/rhel9_cis/tasks/main.yml) => {"ansible_loop_var": "item", "changed": false, "gid": 1000, "group": "1000", "item": "/stigforge/roles/rhel9_cis/tasks/main.yml", "mode": "0644", "msg": "chgrp failed", "owner": "1000", "path": "/stigforge/roles/rhel9_cis/tasks/main.yml", "size": 331, "state": "file", "uid": 1000}
failed: [localhost] (item=/stigforge/roles/rhel9_cis/tasks/cis-ws-l1.yml) => {"ansible_loop_var": "item", "changed": false, "gid": 1000, "group": "1000", "item": "/stigforge/roles/rhel9_cis/tasks/cis-ws-l1.yml", "mode": "0644", "msg": "chgrp failed", "owner": "1000", "path": "/stigforge/roles/rhel9_cis/tasks/cis-ws-l1.yml", "size": 1412335, "state": "file", "uid": 1000}
failed: [localhost] (item=/stigforge/roles/rhel9_cis/tasks/cis-l2.yml) => {"ansible_loop_var": "item", "changed": false, "gid": 1000, "group": "1000", "item": "/stigforge/roles/rhel9_cis/tasks/cis-l2.yml", "mode": "0644", "msg": "chgrp failed", "owner": "1000", "path": "/stigforge/roles/rhel9_cis/tasks/cis-l2.yml", "size": 2705971, "state": "file", "uid": 1000}
failed: [localhost] (item=/stigforge/roles/rhel9_cis/tasks/prelim.yml) => {"ansible_loop_var": "item", "changed": false, "gid": 1000, "group": "1000", "item": "/stigforge/roles/rhel9_cis/tasks/prelim.yml", "mode": "0644", "msg": "chgrp failed", "owner": "1000", "path": "/stigforge/roles/rhel9_cis/tasks/prelim.yml", "size": 70, "state": "file", "uid": 1000}
failed: [localhost] (item=/stigforge/roles/rhel9_cis/tasks/cis-ws-l2.yml) => {"ansible_loop_var": "item", "changed": false, "gid": 1000, "group": "1000", "item": "/stigforge/roles/rhel9_cis/tasks/cis-ws-l2.yml", "mode": "0644", "msg": "chgrp failed", "owner": "1000", "path": "/stigforge/roles/rhel9_cis/tasks/cis-ws-l2.yml", "size": 2697186, "state": "file", "uid": 1000}
failed: [localhost] (item=/stigforge/roles/rhel9_cis/files) => {"ansible_loop_var": "item", "changed": false, "gid": 1000, "group": "1000", "item": "/stigforge/roles/rhel9_cis/files", "mode": "0755", "msg": "chgrp failed", "owner": "1000", "path": "/stigforge/roles/rhel9_cis/files", "size": 4096, "state": "directory", "uid": 1000}
failed: [localhost] (item=/stigforge/roles/rhel9_cis/GENERATED.json) => {"ansible_loop_var": "item", "changed": false, "gid": 1000, "group": "1000", "item": "/stigforge/roles/rhel9_cis/GENERATED.json", "mode": "0644", "msg": "chgrp failed", "owner": "1000", "path": "/stigforge/roles/rhel9_cis/GENERATED.json", "size": 1089, "state": "file", "uid": 1000}
failed: [localhost] (item=/stigforge/roles/rhel9_cis/meta) => {"ansible_loop_var": "item", "changed": false, "gid": 1000, "group": "1000", "item": "/stigforge/roles/rhel9_cis/meta", "mode": "0755", "msg": "chgrp failed", "owner": "1000", "path": "/stigforge/roles/rhel9_cis/meta", "size": 4096, "state": "directory", "uid": 1000}
failed: [localhost] (item=/stigforge/roles/rhel9_cis/meta/main.yml) => {"ansible_loop_var": "item", "changed": false, "gid": 1000, "group": "1000", "item": "/stigforge/roles/rhel9_cis/meta/main.yml", "mode": "0644", "msg": "chgrp failed", "owner": "1000", "path": "/stigforge/roles/rhel9_cis/meta/main.yml", "size": 390, "state": "file", "uid": 1000}
failed: [localhost] (item=/stigforge/roles/rhel9_cis/defaults) => {"ansible_loop_var": "item", "changed": false, "gid": 1000, "group": "1000", "item": "/stigforge/roles/rhel9_cis/defaults", "mode": "0755", "msg": "chgrp failed", "owner": "1000", "path": "/stigforge/roles/rhel9_cis/defaults", "size": 4096, "state": "directory", "uid": 1000}
failed: [localhost] (item=/stigforge/roles/rhel9_cis/defaults/main.yml) => {"ansible_loop_var": "item", "changed": false, "gid": 1000, "group": "1000", "item": "/stigforge/roles/rhel9_cis/defaults/main.yml", "mode": "0644", "msg": "chgrp failed", "owner": "1000", "path": "/stigforge/roles/rhel9_cis/defaults/main.yml", "size": 3347, "state": "file", "uid": 1000}
failed: [localhost] (item=/stigforge/roles/rhel9_cis/defaults/rule_toggles.yml) => {"ansible_loop_var": "item", "changed": false, "gid": 1000, "group": "1000", "item": "/stigforge/roles/rhel9_cis/defaults/rule_toggles.yml", "mode": "0644", "msg": "chgrp failed", "owner": "1000", "path": "/stigforge/roles/rhel9_cis/defaults/rule_toggles.yml", "size": 16325, "state": "file", "uid": 1000}
failed: [localhost] (item=/stigforge/roles/rhel10_cis) => {"ansible_loop_var": "item", "changed": false, "gid": 1000, "group": "1000", "item": "/stigforge/roles/rhel10_cis", "mode": "0755", "msg": "chgrp failed", "owner": "1000", "path": "/stigforge/roles/rhel10_cis", "size": 4096, "state": "directory", "uid": 1000}
failed: [localhost] (item=/stigforge/roles/rhel10_cis/README.md) => {"ansible_loop_var": "item", "changed": false, "gid": 1000, "group": "1000", "item": "/stigforge/roles/rhel10_cis/README.md", "mode": "0644", "msg": "chgrp failed", "owner": "1000", "path": "/stigforge/roles/rhel10_cis/README.md", "size": 697, "state": "file", "uid": 1000}
failed: [localhost] (item=/stigforge/roles/rhel10_cis/tasks) => {"ansible_loop_var": "item", "changed": false, "gid": 1000, "group": "1000", "item": "/stigforge/roles/rhel10_cis/tasks", "mode": "0755", "msg": "chgrp failed", "owner": "1000", "path": "/stigforge/roles/rhel10_cis/tasks", "size": 4096, "state": "directory", "uid": 1000}
failed: [localhost] (item=/stigforge/roles/rhel10_cis/tasks/cis-l1.yml) => {"ansible_loop_var": "item", "changed": false, "gid": 1000, "group": "1000", "item": "/stigforge/roles/rhel10_cis/tasks/cis-l1.yml", "mode": "0644", "msg": "chgrp failed", "owner": "1000", "path": "/stigforge/roles/rhel10_cis/tasks/cis-l1.yml", "size": 1570561, "state": "file", "uid": 1000}
failed: [localhost] (item=/stigforge/roles/rhel10_cis/tasks/main.yml) => {"ansible_loop_var": "item", "changed": false, "gid": 1000, "group": "1000", "item": "/stigforge/roles/rhel10_cis/tasks/main.yml", "mode": "0644", "msg": "chgrp failed", "owner": "1000", "path": "/stigforge/roles/rhel10_cis/tasks/main.yml", "size": 333, "state": "file", "uid": 1000}
failed: [localhost] (item=/stigforge/roles/rhel10_cis/tasks/cis-ws-l1.yml) => {"ansible_loop_var": "item", "changed": false, "gid": 1000, "group": "1000", "item": "/stigforge/roles/rhel10_cis/tasks/cis-ws-l1.yml", "mode": "0644", "msg": "chgrp failed", "owner": "1000", "path": "/stigforge/roles/rhel10_cis/tasks/cis-ws-l1.yml", "size": 1576959, "state": "file", "uid": 1000}
failed: [localhost] (item=/stigforge/roles/rhel10_cis/tasks/cis-l2.yml) => {"ansible_loop_var": "item", "changed": false, "gid": 1000, "group": "1000", "item": "/stigforge/roles/rhel10_cis/tasks/cis-l2.yml", "mode": "0644", "msg": "chgrp failed", "owner": "1000", "path": "/stigforge/roles/rhel10_cis/tasks/cis-l2.yml", "size": 2971359, "state": "file", "uid": 1000}
failed: [localhost] (item=/stigforge/roles/rhel10_cis/tasks/prelim.yml) => {"ansible_loop_var": "item", "changed": false, "gid": 1000, "group": "1000", "item": "/stigforge/roles/rhel10_cis/tasks/prelim.yml", "mode": "0644", "msg": "chgrp failed", "owner": "1000", "path": "/stigforge/roles/rhel10_cis/tasks/prelim.yml", "size": 70, "state": "file", "uid": 1000}
failed: [localhost] (item=/stigforge/roles/rhel10_cis/tasks/cis-ws-l2.yml) => {"ansible_loop_var": "item", "changed": false, "gid": 1000, "group": "1000", "item": "/stigforge/roles/rhel10_cis/tasks/cis-ws-l2.yml", "mode": "0644", "msg": "chgrp failed", "owner": "1000", "path": "/stigforge/roles/rhel10_cis/tasks/cis-ws-l2.yml", "size": 2963575, "state": "file", "uid": 1000}
failed: [localhost] (item=/stigforge/roles/rhel10_cis/files) => {"ansible_loop_var": "item", "changed": false, "gid": 1000, "group": "1000", "item": "/stigforge/roles/rhel10_cis/files", "mode": "0755", "msg": "chgrp failed", "owner": "1000", "path": "/stigforge/roles/rhel10_cis/files", "size": 4096, "state": "directory", "uid": 1000}
failed: [localhost] (item=/stigforge/roles/rhel10_cis/GENERATED.json) => {"ansible_loop_var": "item", "changed": false, "gid": 1000, "group": "1000", "item": "/stigforge/roles/rhel10_cis/GENERATED.json", "mode": "0644", "msg": "chgrp failed", "owner": "1000", "path": "/stigforge/roles/rhel10_cis/GENERATED.json", "size": 1102, "state": "file", "uid": 1000}
failed: [localhost] (item=/stigforge/roles/rhel10_cis/meta) => {"ansible_loop_var": "item", "changed": false, "gid": 1000, "group": "1000", "item": "/stigforge/roles/rhel10_cis/meta", "mode": "0755", "msg": "chgrp failed", "owner": "1000", "path": "/stigforge/roles/rhel10_cis/meta", "size": 4096, "state": "directory", "uid": 1000}
failed: [localhost] (item=/stigforge/roles/rhel10_cis/meta/main.yml) => {"ansible_loop_var": "item", "changed": false, "gid": 1000, "group": "1000", "item": "/stigforge/roles/rhel10_cis/meta/main.yml", "mode": "0644", "msg": "chgrp failed", "owner": "1000", "path": "/stigforge/roles/rhel10_cis/meta/main.yml", "size": 392, "state": "file", "uid": 1000}
failed: [localhost] (item=/stigforge/roles/rhel10_cis/defaults) => {"ansible_loop_var": "item", "changed": false, "gid": 1000, "group": "1000", "item": "/stigforge/roles/rhel10_cis/defaults", "mode": "0755", "msg": "chgrp failed", "owner": "1000", "path": "/stigforge/roles/rhel10_cis/defaults", "size": 4096, "state": "directory", "uid": 1000}
failed: [localhost] (item=/stigforge/roles/rhel10_cis/defaults/main.yml) => {"ansible_loop_var": "item", "changed": false, "gid": 1000, "group": "1000", "item": "/stigforge/roles/rhel10_cis/defaults/main.yml", "mode": "0644", "msg": "chgrp failed", "owner": "1000", "path": "/stigforge/roles/rhel10_cis/defaults/main.yml", "size": 3526, "state": "file", "uid": 1000}
failed: [localhost] (item=/stigforge/roles/rhel10_cis/defaults/rule_toggles.yml) => {"ansible_loop_var": "item", "changed": false, "gid": 1000, "group": "1000", "item": "/stigforge/roles/rhel10_cis/defaults/rule_toggles.yml", "mode": "0644", "msg": "chgrp failed", "owner": "1000", "path": "/stigforge/roles/rhel10_cis/defaults/rule_toggles.yml", "size": 18421, "state": "file", "uid": 1000}
failed: [localhost] (item=/stigforge/roles/cs9_cis) => {"ansible_loop_var": "item", "changed": false, "gid": 1000, "group": "1000", "item": "/stigforge/roles/cs9_cis", "mode": "0755", "msg": "chgrp failed", "owner": "1000", "path": "/stigforge/roles/cs9_cis", "size": 4096, "state": "directory", "uid": 1000}
failed: [localhost] (item=/stigforge/roles/cs9_cis/README.md) => {"ansible_loop_var": "item", "changed": false, "gid": 1000, "group": "1000", "item": "/stigforge/roles/cs9_cis/README.md", "mode": "0644", "msg": "chgrp failed", "owner": "1000", "path": "/stigforge/roles/cs9_cis/README.md", "size": 688, "state": "file", "uid": 1000}
failed: [localhost] (item=/stigforge/roles/cs9_cis/tasks) => {"ansible_loop_var": "item", "changed": false, "gid": 1000, "group": "1000", "item": "/stigforge/roles/cs9_cis/tasks", "mode": "0755", "msg": "chgrp failed", "owner": "1000", "path": "/stigforge/roles/cs9_cis/tasks", "size": 4096, "state": "directory", "uid": 1000}
failed: [localhost] (item=/stigforge/roles/cs9_cis/tasks/cis-l1.yml) => {"ansible_loop_var": "item", "changed": false, "gid": 1000, "group": "1000", "item": "/stigforge/roles/cs9_cis/tasks/cis-l1.yml", "mode": "0644", "msg": "chgrp failed", "owner": "1000", "path": "/stigforge/roles/cs9_cis/tasks/cis-l1.yml", "size": 1394921, "state": "file", "uid": 1000}
failed: [localhost] (item=/stigforge/roles/cs9_cis/tasks/main.yml) => {"ansible_loop_var": "item", "changed": false, "gid": 1000, "group": "1000", "item": "/stigforge/roles/cs9_cis/tasks/main.yml", "mode": "0644", "msg": "chgrp failed", "owner": "1000", "path": "/stigforge/roles/cs9_cis/tasks/main.yml", "size": 327, "state": "file", "uid": 1000}
failed: [localhost] (item=/stigforge/roles/cs9_cis/tasks/cis-ws-l1.yml) => {"ansible_loop_var": "item", "changed": false, "gid": 1000, "group": "1000", "item": "/stigforge/roles/cs9_cis/tasks/cis-ws-l1.yml", "mode": "0644", "msg": "chgrp failed", "owner": "1000", "path": "/stigforge/roles/cs9_cis/tasks/cis-ws-l1.yml", "size": 1394145, "state": "file", "uid": 1000}
failed: [localhost] (item=/stigforge/roles/cs9_cis/tasks/cis-l2.yml) => {"ansible_loop_var": "item", "changed": false, "gid": 1000, "group": "1000", "item": "/stigforge/roles/cs9_cis/tasks/cis-l2.yml", "mode": "0644", "msg": "chgrp failed", "owner": "1000", "path": "/stigforge/roles/cs9_cis/tasks/cis-l2.yml", "size": 2676403, "state": "file", "uid": 1000}
failed: [localhost] (item=/stigforge/roles/cs9_cis/tasks/prelim.yml) => {"ansible_loop_var": "item", "changed": false, "gid": 1000, "group": "1000", "item": "/stigforge/roles/cs9_cis/tasks/prelim.yml", "mode": "0644", "msg": "chgrp failed", "owner": "1000", "path": "/stigforge/roles/cs9_cis/tasks/prelim.yml", "size": 70, "state": "file", "uid": 1000}
failed: [localhost] (item=/stigforge/roles/cs9_cis/tasks/cis-ws-l2.yml) => {"ansible_loop_var": "item", "changed": false, "gid": 1000, "group": "1000", "item": "/stigforge/roles/cs9_cis/tasks/cis-ws-l2.yml", "mode": "0644", "msg": "chgrp failed", "owner": "1000", "path": "/stigforge/roles/cs9_cis/tasks/cis-ws-l2.yml", "size": 2667756, "state": "file", "uid": 1000}
failed: [localhost] (item=/stigforge/roles/cs9_cis/files) => {"ansible_loop_var": "item", "changed": false, "gid": 1000, "group": "1000", "item": "/stigforge/roles/cs9_cis/files", "mode": "0755", "msg": "chgrp failed", "owner": "1000", "path": "/stigforge/roles/cs9_cis/files", "size": 4096, "state": "directory", "uid": 1000}
failed: [localhost] (item=/stigforge/roles/cs9_cis/GENERATED.json) => {"ansible_loop_var": "item", "changed": false, "gid": 1000, "group": "1000", "item": "/stigforge/roles/cs9_cis/GENERATED.json", "mode": "0644", "msg": "chgrp failed", "owner": "1000", "path": "/stigforge/roles/cs9_cis/GENERATED.json", "size": 1073, "state": "file", "uid": 1000}
failed: [localhost] (item=/stigforge/roles/cs9_cis/meta) => {"ansible_loop_var": "item", "changed": false, "gid": 1000, "group": "1000", "item": "/stigforge/roles/cs9_cis/meta", "mode": "0755", "msg": "chgrp failed", "owner": "1000", "path": "/stigforge/roles/cs9_cis/meta", "size": 4096, "state": "directory", "uid": 1000}
failed: [localhost] (item=/stigforge/roles/cs9_cis/meta/main.yml) => {"ansible_loop_var": "item", "changed": false, "gid": 1000, "group": "1000", "item": "/stigforge/roles/cs9_cis/meta/main.yml", "mode": "0644", "msg": "chgrp failed", "owner": "1000", "path": "/stigforge/roles/cs9_cis/meta/main.yml", "size": 386, "state": "file", "uid": 1000}
failed: [localhost] (item=/stigforge/roles/cs9_cis/defaults) => {"ansible_loop_var": "item", "changed": false, "gid": 1000, "group": "1000", "item": "/stigforge/roles/cs9_cis/defaults", "mode": "0755", "msg": "chgrp failed", "owner": "1000", "path": "/stigforge/roles/cs9_cis/defaults", "size": 4096, "state": "directory", "uid": 1000}
failed: [localhost] (item=/stigforge/roles/cs9_cis/defaults/main.yml) => {"ansible_loop_var": "item", "changed": false, "gid": 1000, "group": "1000", "item": "/stigforge/roles/cs9_cis/defaults/main.yml", "mode": "0644", "msg": "chgrp failed", "owner": "1000", "path": "/stigforge/roles/cs9_cis/defaults/main.yml", "size": 3343, "state": "file", "uid": 1000}
failed: [localhost] (item=/stigforge/roles/cs9_cis/defaults/rule_toggles.yml) => {"ansible_loop_var": "item", "changed": false, "gid": 1000, "group": "1000", "item": "/stigforge/roles/cs9_cis/defaults/rule_toggles.yml", "mode": "0644", "msg": "chgrp failed", "owner": "1000", "path": "/stigforge/roles/cs9_cis/defaults/rule_toggles.yml", "size": 15623, "state": "file", "uid": 1000}
failed: [localhost] (item=/stigforge/roles/debian12_cis) => {"ansible_loop_var": "item", "changed": false, "gid": 1000, "group": "1000", "item": "/stigforge/roles/debian12_cis", "mode": "0755", "msg": "chgrp failed", "owner": "1000", "path": "/stigforge/roles/debian12_cis", "size": 4096, "state": "directory", "uid": 1000}
failed: [localhost] (item=/stigforge/roles/debian12_cis/README.md) => {"ansible_loop_var": "item", "changed": false, "gid": 1000, "group": "1000", "item": "/stigforge/roles/debian12_cis/README.md", "mode": "0644", "msg": "chgrp failed", "owner": "1000", "path": "/stigforge/roles/debian12_cis/README.md", "size": 703, "state": "file", "uid": 1000}
failed: [localhost] (item=/stigforge/roles/debian12_cis/tasks) => {"ansible_loop_var": "item", "changed": false, "gid": 1000, "group": "1000", "item": "/stigforge/roles/debian12_cis/tasks", "mode": "0755", "msg": "chgrp failed", "owner": "1000", "path": "/stigforge/roles/debian12_cis/tasks", "size": 4096, "state": "directory", "uid": 1000}
failed: [localhost] (item=/stigforge/roles/debian12_cis/tasks/cis-l1.yml) => {"ansible_loop_var": "item", "changed": false, "gid": 1000, "group": "1000", "item": "/stigforge/roles/debian12_cis/tasks/cis-l1.yml", "mode": "0644", "msg": "chgrp failed", "owner": "1000", "path": "/stigforge/roles/debian12_cis/tasks/cis-l1.yml", "size": 1057594, "state": "file", "uid": 1000}
failed: [localhost] (item=/stigforge/roles/debian12_cis/tasks/supplement) => {"ansible_loop_var": "item", "changed": false, "gid": 1000, "group": "1000", "item": "/stigforge/roles/debian12_cis/tasks/supplement", "mode": "0755", "msg": "chgrp failed", "owner": "1000", "path": "/stigforge/roles/debian12_cis/tasks/supplement", "size": 4096, "state": "directory", "uid": 1000}
failed: [localhost] (item=/stigforge/roles/debian12_cis/tasks/supplement/cis-l1.yml) => {"ansible_loop_var": "item", "changed": false, "gid": 1000, "group": "1000", "item": "/stigforge/roles/debian12_cis/tasks/supplement/cis-l1.yml", "mode": "0644", "msg": "chgrp failed", "owner": "1000", "path": "/stigforge/roles/debian12_cis/tasks/supplement/cis-l1.yml", "size": 5270, "state": "file", "uid": 1000}
failed: [localhost] (item=/stigforge/roles/debian12_cis/tasks/supplement/cis-l2.yml) => {"ansible_loop_var": "item", "changed": false, "gid": 1000, "group": "1000", "item": "/stigforge/roles/debian12_cis/tasks/supplement/cis-l2.yml", "mode": "0644", "msg": "chgrp failed", "owner": "1000", "path": "/stigforge/roles/debian12_cis/tasks/supplement/cis-l2.yml", "size": 5560, "state": "file", "uid": 1000}
failed: [localhost] (item=/stigforge/roles/debian12_cis/tasks/main.yml) => {"ansible_loop_var": "item", "changed": false, "gid": 1000, "group": "1000", "item": "/stigforge/roles/debian12_cis/tasks/main.yml", "mode": "0644", "msg": "chgrp failed", "owner": "1000", "path": "/stigforge/roles/debian12_cis/tasks/main.yml", "size": 337, "state": "file", "uid": 1000}
failed: [localhost] (item=/stigforge/roles/debian12_cis/tasks/cis-ws-l1.yml) => {"ansible_loop_var": "item", "changed": false, "gid": 1000, "group": "1000", "item": "/stigforge/roles/debian12_cis/tasks/cis-ws-l1.yml", "mode": "0644", "msg": "chgrp failed", "owner": "1000", "path": "/stigforge/roles/debian12_cis/tasks/cis-ws-l1.yml", "size": 1033022, "state": "file", "uid": 1000}
failed: [localhost] (item=/stigforge/roles/debian12_cis/tasks/cis-l2.yml) => {"ansible_loop_var": "item", "changed": false, "gid": 1000, "group": "1000", "item": "/stigforge/roles/debian12_cis/tasks/cis-l2.yml", "mode": "0644", "msg": "chgrp failed", "owner": "1000", "path": "/stigforge/roles/debian12_cis/tasks/cis-l2.yml", "size": 1938658, "state": "file", "uid": 1000}
failed: [localhost] (item=/stigforge/roles/debian12_cis/tasks/prelim.yml) => {"ansible_loop_var": "item", "changed": false, "gid": 1000, "group": "1000", "item": "/stigforge/roles/debian12_cis/tasks/prelim.yml", "mode": "0644", "msg": "chgrp failed", "owner": "1000", "path": "/stigforge/roles/debian12_cis/tasks/prelim.yml", "size": 70, "state": "file", "uid": 1000}
failed: [localhost] (item=/stigforge/roles/debian12_cis/tasks/cis-ws-l2.yml) => {"ansible_loop_var": "item", "changed": false, "gid": 1000, "group": "1000", "item": "/stigforge/roles/debian12_cis/tasks/cis-ws-l2.yml", "mode": "0644", "msg": "chgrp failed", "owner": "1000", "path": "/stigforge/roles/debian12_cis/tasks/cis-ws-l2.yml", "size": 1918923, "state": "file", "uid": 1000}
failed: [localhost] (item=/stigforge/roles/debian12_cis/files) => {"ansible_loop_var": "item", "changed": false, "gid": 1000, "group": "1000", "item": "/stigforge/roles/debian12_cis/files", "mode": "0755", "msg": "chgrp failed", "owner": "1000", "path": "/stigforge/roles/debian12_cis/files", "size": 4096, "state": "directory", "uid": 1000}
failed: [localhost] (item=/stigforge/roles/debian12_cis/GENERATED.json) => {"ansible_loop_var": "item", "changed": false, "gid": 1000, "group": "1000", "item": "/stigforge/roles/debian12_cis/GENERATED.json", "mode": "0644", "msg": "chgrp failed", "owner": "1000", "path": "/stigforge/roles/debian12_cis/GENERATED.json", "size": 1137, "state": "file", "uid": 1000}
failed: [localhost] (item=/stigforge/roles/debian12_cis/meta) => {"ansible_loop_var": "item", "changed": false, "gid": 1000, "group": "1000", "item": "/stigforge/roles/debian12_cis/meta", "mode": "0755", "msg": "chgrp failed", "owner": "1000", "path": "/stigforge/roles/debian12_cis/meta", "size": 4096, "state": "directory", "uid": 1000}
failed: [localhost] (item=/stigforge/roles/debian12_cis/meta/main.yml) => {"ansible_loop_var": "item", "changed": false, "gid": 1000, "group": "1000", "item": "/stigforge/roles/debian12_cis/meta/main.yml", "mode": "0644", "msg": "chgrp failed", "owner": "1000", "path": "/stigforge/roles/debian12_cis/meta/main.yml", "size": 396, "state": "file", "uid": 1000}
failed: [localhost] (item=/stigforge/roles/debian12_cis/defaults) => {"ansible_loop_var": "item", "changed": false, "gid": 1000, "group": "1000", "item": "/stigforge/roles/debian12_cis/defaults", "mode": "0755", "msg": "chgrp failed", "owner": "1000", "path": "/stigforge/roles/debian12_cis/defaults", "size": 4096, "state": "directory", "uid": 1000}
failed: [localhost] (item=/stigforge/roles/debian12_cis/defaults/main.yml) => {"ansible_loop_var": "item", "changed": false, "gid": 1000, "group": "1000", "item": "/stigforge/roles/debian12_cis/defaults/main.yml", "mode": "0644", "msg": "chgrp failed", "owner": "1000", "path": "/stigforge/roles/debian12_cis/defaults/main.yml", "size": 3435, "state": "file", "uid": 1000}
failed: [localhost] (item=/stigforge/roles/debian12_cis/defaults/rule_toggles.yml) => {"ansible_loop_var": "item", "changed": false, "gid": 1000, "group": "1000", "item": "/stigforge/roles/debian12_cis/defaults/rule_toggles.yml", "mode": "0644", "msg": "chgrp failed", "owner": "1000", "path": "/stigforge/roles/debian12_cis/defaults/rule_toggles.yml", "size": 18262, "state": "file", "uid": 1000}
failed: [localhost] (item=/stigforge/roles/sle15_stig) => {"ansible_loop_var": "item", "changed": false, "gid": 1000, "group": "1000", "item": "/stigforge/roles/sle15_stig", "mode": "0755", "msg": "chgrp failed", "owner": "1000", "path": "/stigforge/roles/sle15_stig", "size": 4096, "state": "directory", "uid": 1000}
failed: [localhost] (item=/stigforge/roles/sle15_stig/README.md) => {"ansible_loop_var": "item", "changed": false, "gid": 1000, "group": "1000", "item": "/stigforge/roles/sle15_stig/README.md", "mode": "0644", "msg": "chgrp failed", "owner": "1000", "path": "/stigforge/roles/sle15_stig/README.md", "size": 668, "state": "file", "uid": 1000}
failed: [localhost] (item=/stigforge/roles/sle15_stig/tasks) => {"ansible_loop_var": "item", "changed": false, "gid": 1000, "group": "1000", "item": "/stigforge/roles/sle15_stig/tasks", "mode": "0755", "msg": "chgrp failed", "owner": "1000", "path": "/stigforge/roles/sle15_stig/tasks", "size": 4096, "state": "directory", "uid": 1000}
failed: [localhost] (item=/stigforge/roles/sle15_stig/tasks/stig.yml) => {"ansible_loop_var": "item", "changed": false, "gid": 1000, "group": "1000", "item": "/stigforge/roles/sle15_stig/tasks/stig.yml", "mode": "0644", "msg": "chgrp failed", "owner": "1000", "path": "/stigforge/roles/sle15_stig/tasks/stig.yml", "size": 1864094, "state": "file", "uid": 1000}
failed: [localhost] (item=/stigforge/roles/sle15_stig/tasks/main.yml) => {"ansible_loop_var": "item", "changed": false, "gid": 1000, "group": "1000", "item": "/stigforge/roles/sle15_stig/tasks/main.yml", "mode": "0644", "msg": "chgrp failed", "owner": "1000", "path": "/stigforge/roles/sle15_stig/tasks/main.yml", "size": 333, "state": "file", "uid": 1000}
failed: [localhost] (item=/stigforge/roles/sle15_stig/tasks/prelim.yml) => {"ansible_loop_var": "item", "changed": false, "gid": 1000, "group": "1000", "item": "/stigforge/roles/sle15_stig/tasks/prelim.yml", "mode": "0644", "msg": "chgrp failed", "owner": "1000", "path": "/stigforge/roles/sle15_stig/tasks/prelim.yml", "size": 70, "state": "file", "uid": 1000}
failed: [localhost] (item=/stigforge/roles/sle15_stig/files) => {"ansible_loop_var": "item", "changed": false, "gid": 1000, "group": "1000", "item": "/stigforge/roles/sle15_stig/files", "mode": "0755", "msg": "chgrp failed", "owner": "1000", "path": "/stigforge/roles/sle15_stig/files", "size": 4096, "state": "directory", "uid": 1000}
failed: [localhost] (item=/stigforge/roles/sle15_stig/GENERATED.json) => {"ansible_loop_var": "item", "changed": false, "gid": 1000, "group": "1000", "item": "/stigforge/roles/sle15_stig/GENERATED.json", "mode": "0644", "msg": "chgrp failed", "owner": "1000", "path": "/stigforge/roles/sle15_stig/GENERATED.json", "size": 257, "state": "file", "uid": 1000}
failed: [localhost] (item=/stigforge/roles/sle15_stig/meta) => {"ansible_loop_var": "item", "changed": false, "gid": 1000, "group": "1000", "item": "/stigforge/roles/sle15_stig/meta", "mode": "0755", "msg": "chgrp failed", "owner": "1000", "path": "/stigforge/roles/sle15_stig/meta", "size": 4096, "state": "directory", "uid": 1000}
failed: [localhost] (item=/stigforge/roles/sle15_stig/meta/main.yml) => {"ansible_loop_var": "item", "changed": false, "gid": 1000, "group": "1000", "item": "/stigforge/roles/sle15_stig/meta/main.yml", "mode": "0644", "msg": "chgrp failed", "owner": "1000", "path": "/stigforge/roles/sle15_stig/meta/main.yml", "size": 392, "state": "file", "uid": 1000}
failed: [localhost] (item=/stigforge/roles/sle15_stig/defaults) => {"ansible_loop_var": "item", "changed": false, "gid": 1000, "group": "1000", "item": "/stigforge/roles/sle15_stig/defaults", "mode": "0755", "msg": "chgrp failed", "owner": "1000", "path": "/stigforge/roles/sle15_stig/defaults", "size": 4096, "state": "directory", "uid": 1000}
failed: [localhost] (item=/stigforge/roles/sle15_stig/defaults/main.yml) => {"ansible_loop_var": "item", "changed": false, "gid": 1000, "group": "1000", "item": "/stigforge/roles/sle15_stig/defaults/main.yml", "mode": "0644", "msg": "chgrp failed", "owner": "1000", "path": "/stigforge/roles/sle15_stig/defaults/main.yml", "size": 8566, "state": "file", "uid": 1000}
failed: [localhost] (item=/stigforge/roles/sle15_stig/defaults/rule_toggles.yml) => {"ansible_loop_var": "item", "changed": false, "gid": 1000, "group": "1000", "item": "/stigforge/roles/sle15_stig/defaults/rule_toggles.yml", "mode": "0644", "msg": "chgrp failed", "owner": "1000", "path": "/stigforge/roles/sle15_stig/defaults/rule_toggles.yml", "size": 10807, "state": "file", "uid": 1000}
failed: [localhost] (item=/stigforge/roles/ubuntu22_cis) => {"ansible_loop_var": "item", "changed": false, "gid": 1000, "group": "1000", "item": "/stigforge/roles/ubuntu22_cis", "mode": "0755", "msg": "chgrp failed", "owner": "1000", "path": "/stigforge/roles/ubuntu22_cis", "size": 4096, "state": "directory", "uid": 1000}
failed: [localhost] (item=/stigforge/roles/ubuntu22_cis/README.md) => {"ansible_loop_var": "item", "changed": false, "gid": 1000, "group": "1000", "item": "/stigforge/roles/ubuntu22_cis/README.md", "mode": "0644", "msg": "chgrp failed", "owner": "1000", "path": "/stigforge/roles/ubuntu22_cis/README.md", "size": 705, "state": "file", "uid": 1000}
failed: [localhost] (item=/stigforge/roles/ubuntu22_cis/tasks) => {"ansible_loop_var": "item", "changed": false, "gid": 1000, "group": "1000", "item": "/stigforge/roles/ubuntu22_cis/tasks", "mode": "0755", "msg": "chgrp failed", "owner": "1000", "path": "/stigforge/roles/ubuntu22_cis/tasks", "size": 4096, "state": "directory", "uid": 1000}
failed: [localhost] (item=/stigforge/roles/ubuntu22_cis/tasks/cis-l1.yml) => {"ansible_loop_var": "item", "changed": false, "gid": 1000, "group": "1000", "item": "/stigforge/roles/ubuntu22_cis/tasks/cis-l1.yml", "mode": "0644", "msg": "chgrp failed", "owner": "1000", "path": "/stigforge/roles/ubuntu22_cis/tasks/cis-l1.yml", "size": 1272740, "state": "file", "uid": 1000}
failed: [localhost] (item=/stigforge/roles/ubuntu22_cis/tasks/supplement) => {"ansible_loop_var": "item", "changed": false, "gid": 1000, "group": "1000", "item": "/stigforge/roles/ubuntu22_cis/tasks/supplement", "mode": "0755", "msg": "chgrp failed", "owner": "1000", "path": "/stigforge/roles/ubuntu22_cis/tasks/supplement", "size": 4096, "state": "directory", "uid": 1000}
failed: [localhost] (item=/stigforge/roles/ubuntu22_cis/tasks/supplement/cis-l1.yml) => {"ansible_loop_var": "item", "changed": false, "gid": 1000, "group": "1000", "item": "/stigforge/roles/ubuntu22_cis/tasks/supplement/cis-l1.yml", "mode": "0644", "msg": "chgrp failed", "owner": "1000", "path": "/stigforge/roles/ubuntu22_cis/tasks/supplement/cis-l1.yml", "size": 3663, "state": "file", "uid": 1000}
failed: [localhost] (item=/stigforge/roles/ubuntu22_cis/tasks/supplement/cis-l2.yml) => {"ansible_loop_var": "item", "changed": false, "gid": 1000, "group": "1000", "item": "/stigforge/roles/ubuntu22_cis/tasks/supplement/cis-l2.yml", "mode": "0644", "msg": "chgrp failed", "owner": "1000", "path": "/stigforge/roles/ubuntu22_cis/tasks/supplement/cis-l2.yml", "size": 4303, "state": "file", "uid": 1000}
failed: [localhost] (item=/stigforge/roles/ubuntu22_cis/tasks/main.yml) => {"ansible_loop_var": "item", "changed": false, "gid": 1000, "group": "1000", "item": "/stigforge/roles/ubuntu22_cis/tasks/main.yml", "mode": "0644", "msg": "chgrp failed", "owner": "1000", "path": "/stigforge/roles/ubuntu22_cis/tasks/main.yml", "size": 337, "state": "file", "uid": 1000}
failed: [localhost] (item=/stigforge/roles/ubuntu22_cis/tasks/cis-ws-l1.yml) => {"ansible_loop_var": "item", "changed": false, "gid": 1000, "group": "1000", "item": "/stigforge/roles/ubuntu22_cis/tasks/cis-ws-l1.yml", "mode": "0644", "msg": "chgrp failed", "owner": "1000", "path": "/stigforge/roles/ubuntu22_cis/tasks/cis-ws-l1.yml", "size": 1261965, "state": "file", "uid": 1000}
failed: [localhost] (item=/stigforge/roles/ubuntu22_cis/tasks/cis-l2.yml) => {"ansible_loop_var": "item", "changed": false, "gid": 1000, "group": "1000", "item": "/stigforge/roles/ubuntu22_cis/tasks/cis-l2.yml", "mode": "0644", "msg": "chgrp failed", "owner": "1000", "path": "/stigforge/roles/ubuntu22_cis/tasks/cis-l2.yml", "size": 2163496, "state": "file", "uid": 1000}
failed: [localhost] (item=/stigforge/roles/ubuntu22_cis/tasks/prelim.yml) => {"ansible_loop_var": "item", "changed": false, "gid": 1000, "group": "1000", "item": "/stigforge/roles/ubuntu22_cis/tasks/prelim.yml", "mode": "0644", "msg": "chgrp failed", "owner": "1000", "path": "/stigforge/roles/ubuntu22_cis/tasks/prelim.yml", "size": 70, "state": "file", "uid": 1000}
failed: [localhost] (item=/stigforge/roles/ubuntu22_cis/tasks/cis-ws-l2.yml) => {"ansible_loop_var": "item", "changed": false, "gid": 1000, "group": "1000", "item": "/stigforge/roles/ubuntu22_cis/tasks/cis-ws-l2.yml", "mode": "0644", "msg": "chgrp failed", "owner": "1000", "path": "/stigforge/roles/ubuntu22_cis/tasks/cis-ws-l2.yml", "size": 2141517, "state": "file", "uid": 1000}
failed: [localhost] (item=/stigforge/roles/ubuntu22_cis/files) => {"ansible_loop_var": "item", "changed": false, "gid": 1000, "group": "1000", "item": "/stigforge/roles/ubuntu22_cis/files", "mode": "0755", "msg": "chgrp failed", "owner": "1000", "path": "/stigforge/roles/ubuntu22_cis/files", "size": 4096, "state": "directory", "uid": 1000}
failed: [localhost] (item=/stigforge/roles/ubuntu22_cis/GENERATED.json) => {"ansible_loop_var": "item", "changed": false, "gid": 1000, "group": "1000", "item": "/stigforge/roles/ubuntu22_cis/GENERATED.json", "mode": "0644", "msg": "chgrp failed", "owner": "1000", "path": "/stigforge/roles/ubuntu22_cis/GENERATED.json", "size": 1149, "state": "file", "uid": 1000}
failed: [localhost] (item=/stigforge/roles/ubuntu22_cis/meta) => {"ansible_loop_var": "item", "changed": false, "gid": 1000, "group": "1000", "item": "/stigforge/roles/ubuntu22_cis/meta", "mode": "0755", "msg": "chgrp failed", "owner": "1000", "path": "/stigforge/roles/ubuntu22_cis/meta", "size": 4096, "state": "directory", "uid": 1000}
failed: [localhost] (item=/stigforge/roles/ubuntu22_cis/meta/main.yml) => {"ansible_loop_var": "item", "changed": false, "gid": 1000, "group": "1000", "item": "/stigforge/roles/ubuntu22_cis/meta/main.yml", "mode": "0644", "msg": "chgrp failed", "owner": "1000", "path": "/stigforge/roles/ubuntu22_cis/meta/main.yml", "size": 396, "state": "file", "uid": 1000}
failed: [localhost] (item=/stigforge/roles/ubuntu22_cis/defaults) => {"ansible_loop_var": "item", "changed": false, "gid": 1000, "group": "1000", "item": "/stigforge/roles/ubuntu22_cis/defaults", "mode": "0755", "msg": "chgrp failed", "owner": "1000", "path": "/stigforge/roles/ubuntu22_cis/defaults", "size": 4096, "state": "directory", "uid": 1000}
failed: [localhost] (item=/stigforge/roles/ubuntu22_cis/defaults/main.yml) => {"ansible_loop_var": "item", "changed": false, "gid": 1000, "group": "1000", "item": "/stigforge/roles/ubuntu22_cis/defaults/main.yml", "mode": "0644", "msg": "chgrp failed", "owner": "1000", "path": "/stigforge/roles/ubuntu22_cis/defaults/main.yml", "size": 3309, "state": "file", "uid": 1000}
failed: [localhost] (item=/stigforge/roles/ubuntu22_cis/defaults/rule_toggles.yml) => {"ansible_loop_var": "item", "changed": false, "gid": 1000, "group": "1000", "item": "/stigforge/roles/ubuntu22_cis/defaults/rule_toggles.yml", "mode": "0644", "msg": "chgrp failed", "owner": "1000", "path": "/stigforge/roles/ubuntu22_cis/defaults/rule_toggles.yml", "size": 18813, "state": "file", "uid": 1000}
failed: [localhost] (item=/stigforge/roles/cs9_stig) => {"ansible_loop_var": "item", "changed": false, "gid": 1000, "group": "1000", "item": "/stigforge/roles/cs9_stig", "mode": "0755", "msg": "chgrp failed", "owner": "1000", "path": "/stigforge/roles/cs9_stig", "size": 4096, "state": "directory", "uid": 1000}
failed: [localhost] (item=/stigforge/roles/cs9_stig/README.md) => {"ansible_loop_var": "item", "changed": false, "gid": 1000, "group": "1000", "item": "/stigforge/roles/cs9_stig/README.md", "mode": "0644", "msg": "chgrp failed", "owner": "1000", "path": "/stigforge/roles/cs9_stig/README.md", "size": 658, "state": "file", "uid": 1000}
failed: [localhost] (item=/stigforge/roles/cs9_stig/tasks) => {"ansible_loop_var": "item", "changed": false, "gid": 1000, "group": "1000", "item": "/stigforge/roles/cs9_stig/tasks", "mode": "0755", "msg": "chgrp failed", "owner": "1000", "path": "/stigforge/roles/cs9_stig/tasks", "size": 4096, "state": "directory", "uid": 1000}
failed: [localhost] (item=/stigforge/roles/cs9_stig/tasks/stig.yml) => {"ansible_loop_var": "item", "changed": false, "gid": 1000, "group": "1000", "item": "/stigforge/roles/cs9_stig/tasks/stig.yml", "mode": "0644", "msg": "chgrp failed", "owner": "1000", "path": "/stigforge/roles/cs9_stig/tasks/stig.yml", "size": 2840535, "state": "file", "uid": 1000}
failed: [localhost] (item=/stigforge/roles/cs9_stig/tasks/main.yml) => {"ansible_loop_var": "item", "changed": false, "gid": 1000, "group": "1000", "item": "/stigforge/roles/cs9_stig/tasks/main.yml", "mode": "0644", "msg": "chgrp failed", "owner": "1000", "path": "/stigforge/roles/cs9_stig/tasks/main.yml", "size": 329, "state": "file", "uid": 1000}
failed: [localhost] (item=/stigforge/roles/cs9_stig/tasks/prelim.yml) => {"ansible_loop_var": "item", "changed": false, "gid": 1000, "group": "1000", "item": "/stigforge/roles/cs9_stig/tasks/prelim.yml", "mode": "0644", "msg": "chgrp failed", "owner": "1000", "path": "/stigforge/roles/cs9_stig/tasks/prelim.yml", "size": 70, "state": "file", "uid": 1000}
failed: [localhost] (item=/stigforge/roles/cs9_stig/files) => {"ansible_loop_var": "item", "changed": false, "gid": 1000, "group": "1000", "item": "/stigforge/roles/cs9_stig/files", "mode": "0755", "msg": "chgrp failed", "owner": "1000", "path": "/stigforge/roles/cs9_stig/files", "size": 4096, "state": "directory", "uid": 1000}
failed: [localhost] (item=/stigforge/roles/cs9_stig/GENERATED.json) => {"ansible_loop_var": "item", "changed": false, "gid": 1000, "group": "1000", "item": "/stigforge/roles/cs9_stig/GENERATED.json", "mode": "0644", "msg": "chgrp failed", "owner": "1000", "path": "/stigforge/roles/cs9_stig/GENERATED.json", "size": 257, "state": "file", "uid": 1000}
failed: [localhost] (item=/stigforge/roles/cs9_stig/meta) => {"ansible_loop_var": "item", "changed": false, "gid": 1000, "group": "1000", "item": "/stigforge/roles/cs9_stig/meta", "mode": "0755", "msg": "chgrp failed", "owner": "1000", "path": "/stigforge/roles/cs9_stig/meta", "size": 4096, "state": "directory", "uid": 1000}
failed: [localhost] (item=/stigforge/roles/cs9_stig/meta/main.yml) => {"ansible_loop_var": "item", "changed": false, "gid": 1000, "group": "1000", "item": "/stigforge/roles/cs9_stig/meta/main.yml", "mode": "0644", "msg": "chgrp failed", "owner": "1000", "path": "/stigforge/roles/cs9_stig/meta/main.yml", "size": 388, "state": "file", "uid": 1000}
failed: [localhost] (item=/stigforge/roles/cs9_stig/defaults) => {"ansible_loop_var": "item", "changed": false, "gid": 1000, "group": "1000", "item": "/stigforge/roles/cs9_stig/defaults", "mode": "0755", "msg": "chgrp failed", "owner": "1000", "path": "/stigforge/roles/cs9_stig/defaults", "size": 4096, "state": "directory", "uid": 1000}
failed: [localhost] (item=/stigforge/roles/cs9_stig/defaults/main.yml) => {"ansible_loop_var": "item", "changed": false, "gid": 1000, "group": "1000", "item": "/stigforge/roles/cs9_stig/defaults/main.yml", "mode": "0644", "msg": "chgrp failed", "owner": "1000", "path": "/stigforge/roles/cs9_stig/defaults/main.yml", "size": 6321, "state": "file", "uid": 1000}
failed: [localhost] (item=/stigforge/roles/cs9_stig/defaults/rule_toggles.yml) => {"ansible_loop_var": "item", "changed": false, "gid": 1000, "group": "1000", "item": "/stigforge/roles/cs9_stig/defaults/rule_toggles.yml", "mode": "0644", "msg": "chgrp failed", "owner": "1000", "path": "/stigforge/roles/cs9_stig/defaults/rule_toggles.yml", "size": 18494, "state": "file", "uid": 1000}
failed: [localhost] (item=/stigforge/roles/ubuntu24_cis) => {"ansible_loop_var": "item", "changed": false, "gid": 1000, "group": "1000", "item": "/stigforge/roles/ubuntu24_cis", "mode": "0755", "msg": "chgrp failed", "owner": "1000", "path": "/stigforge/roles/ubuntu24_cis", "size": 4096, "state": "directory", "uid": 1000}
failed: [localhost] (item=/stigforge/roles/ubuntu24_cis/README.md) => {"ansible_loop_var": "item", "changed": false, "gid": 1000, "group": "1000", "item": "/stigforge/roles/ubuntu24_cis/README.md", "mode": "0644", "msg": "chgrp failed", "owner": "1000", "path": "/stigforge/roles/ubuntu24_cis/README.md", "size": 705, "state": "file", "uid": 1000}
failed: [localhost] (item=/stigforge/roles/ubuntu24_cis/tasks) => {"ansible_loop_var": "item", "changed": false, "gid": 1000, "group": "1000", "item": "/stigforge/roles/ubuntu24_cis/tasks", "mode": "0755", "msg": "chgrp failed", "owner": "1000", "path": "/stigforge/roles/ubuntu24_cis/tasks", "size": 4096, "state": "directory", "uid": 1000}
failed: [localhost] (item=/stigforge/roles/ubuntu24_cis/tasks/cis-l1.yml) => {"ansible_loop_var": "item", "changed": false, "gid": 1000, "group": "1000", "item": "/stigforge/roles/ubuntu24_cis/tasks/cis-l1.yml", "mode": "0644", "msg": "chgrp failed", "owner": "1000", "path": "/stigforge/roles/ubuntu24_cis/tasks/cis-l1.yml", "size": 1323236, "state": "file", "uid": 1000}
failed: [localhost] (item=/stigforge/roles/ubuntu24_cis/tasks/supplement) => {"ansible_loop_var": "item", "changed": false, "gid": 1000, "group": "1000", "item": "/stigforge/roles/ubuntu24_cis/tasks/supplement", "mode": "0755", "msg": "chgrp failed", "owner": "1000", "path": "/stigforge/roles/ubuntu24_cis/tasks/supplement", "size": 4096, "state": "directory", "uid": 1000}
failed: [localhost] (item=/stigforge/roles/ubuntu24_cis/tasks/supplement/cis-l1.yml) => {"ansible_loop_var": "item", "changed": false, "gid": 1000, "group": "1000", "item": "/stigforge/roles/ubuntu24_cis/tasks/supplement/cis-l1.yml", "mode": "0644", "msg": "chgrp failed", "owner": "1000", "path": "/stigforge/roles/ubuntu24_cis/tasks/supplement/cis-l1.yml", "size": 3663, "state": "file", "uid": 1000}
failed: [localhost] (item=/stigforge/roles/ubuntu24_cis/tasks/supplement/cis-l2.yml) => {"ansible_loop_var": "item", "changed": false, "gid": 1000, "group": "1000", "item": "/stigforge/roles/ubuntu24_cis/tasks/supplement/cis-l2.yml", "mode": "0644", "msg": "chgrp failed", "owner": "1000", "path": "/stigforge/roles/ubuntu24_cis/tasks/supplement/cis-l2.yml", "size": 4303, "state": "file", "uid": 1000}
failed: [localhost] (item=/stigforge/roles/ubuntu24_cis/tasks/main.yml) => {"ansible_loop_var": "item", "changed": false, "gid": 1000, "group": "1000", "item": "/stigforge/roles/ubuntu24_cis/tasks/main.yml", "mode": "0644", "msg": "chgrp failed", "owner": "1000", "path": "/stigforge/roles/ubuntu24_cis/tasks/main.yml", "size": 337, "state": "file", "uid": 1000}
failed: [localhost] (item=/stigforge/roles/ubuntu24_cis/tasks/cis-ws-l1.yml) => {"ansible_loop_var": "item", "changed": false, "gid": 1000, "group": "1000", "item": "/stigforge/roles/ubuntu24_cis/tasks/cis-ws-l1.yml", "mode": "0644", "msg": "chgrp failed", "owner": "1000", "path": "/stigforge/roles/ubuntu24_cis/tasks/cis-ws-l1.yml", "size": 1312461, "state": "file", "uid": 1000}
failed: [localhost] (item=/stigforge/roles/ubuntu24_cis/tasks/cis-l2.yml) => {"ansible_loop_var": "item", "changed": false, "gid": 1000, "group": "1000", "item": "/stigforge/roles/ubuntu24_cis/tasks/cis-l2.yml", "mode": "0644", "msg": "chgrp failed", "owner": "1000", "path": "/stigforge/roles/ubuntu24_cis/tasks/cis-l2.yml", "size": 2243064, "state": "file", "uid": 1000}
failed: [localhost] (item=/stigforge/roles/ubuntu24_cis/tasks/prelim.yml) => {"ansible_loop_var": "item", "changed": false, "gid": 1000, "group": "1000", "item": "/stigforge/roles/ubuntu24_cis/tasks/prelim.yml", "mode": "0644", "msg": "chgrp failed", "owner": "1000", "path": "/stigforge/roles/ubuntu24_cis/tasks/prelim.yml", "size": 70, "state": "file", "uid": 1000}
failed: [localhost] (item=/stigforge/roles/ubuntu24_cis/tasks/cis-ws-l2.yml) => {"ansible_loop_var": "item", "changed": false, "gid": 1000, "group": "1000", "item": "/stigforge/roles/ubuntu24_cis/tasks/cis-ws-l2.yml", "mode": "0644", "msg": "chgrp failed", "owner": "1000", "path": "/stigforge/roles/ubuntu24_cis/tasks/cis-ws-l2.yml", "size": 2221085, "state": "file", "uid": 1000}
failed: [localhost] (item=/stigforge/roles/ubuntu24_cis/files) => {"ansible_loop_var": "item", "changed": false, "gid": 1000, "group": "1000", "item": "/stigforge/roles/ubuntu24_cis/files", "mode": "0755", "msg": "chgrp failed", "owner": "1000", "path": "/stigforge/roles/ubuntu24_cis/files", "size": 4096, "state": "directory", "uid": 1000}
failed: [localhost] (item=/stigforge/roles/ubuntu24_cis/GENERATED.json) => {"ansible_loop_var": "item", "changed": false, "gid": 1000, "group": "1000", "item": "/stigforge/roles/ubuntu24_cis/GENERATED.json", "mode": "0644", "msg": "chgrp failed", "owner": "1000", "path": "/stigforge/roles/ubuntu24_cis/GENERATED.json", "size": 1151, "state": "file", "uid": 1000}
failed: [localhost] (item=/stigforge/roles/ubuntu24_cis/meta) => {"ansible_loop_var": "item", "changed": false, "gid": 1000, "group": "1000", "item": "/stigforge/roles/ubuntu24_cis/meta", "mode": "0755", "msg": "chgrp failed", "owner": "1000", "path": "/stigforge/roles/ubuntu24_cis/meta", "size": 4096, "state": "directory", "uid": 1000}
failed: [localhost] (item=/stigforge/roles/ubuntu24_cis/meta/main.yml) => {"ansible_loop_var": "item", "changed": false, "gid": 1000, "group": "1000", "item": "/stigforge/roles/ubuntu24_cis/meta/main.yml", "mode": "0644", "msg": "chgrp failed", "owner": "1000", "path": "/stigforge/roles/ubuntu24_cis/meta/main.yml", "size": 396, "state": "file", "uid": 1000}
failed: [localhost] (item=/stigforge/roles/ubuntu24_cis/defaults) => {"ansible_loop_var": "item", "changed": false, "gid": 1000, "group": "1000", "item": "/stigforge/roles/ubuntu24_cis/defaults", "mode": "0755", "msg": "chgrp failed", "owner": "1000", "path": "/stigforge/roles/ubuntu24_cis/defaults", "size": 4096, "state": "directory", "uid": 1000}
failed: [localhost] (item=/stigforge/roles/ubuntu24_cis/defaults/main.yml) => {"ansible_loop_var": "item", "changed": false, "gid": 1000, "group": "1000", "item": "/stigforge/roles/ubuntu24_cis/defaults/main.yml", "mode": "0644", "msg": "chgrp failed", "owner": "1000", "path": "/stigforge/roles/ubuntu24_cis/defaults/main.yml", "size": 3513, "state": "file", "uid": 1000}
failed: [localhost] (item=/stigforge/roles/ubuntu24_cis/defaults/rule_toggles.yml) => {"ansible_loop_var": "item", "changed": false, "gid": 1000, "group": "1000", "item": "/stigforge/roles/ubuntu24_cis/defaults/rule_toggles.yml", "mode": "0644", "msg": "chgrp failed", "owner": "1000", "path": "/stigforge/roles/ubuntu24_cis/defaults/rule_toggles.yml", "size": 19228, "state": "file", "uid": 1000}
failed: [localhost] (item=/stigforge/roles/sle12_cis) => {"ansible_loop_var": "item", "changed": false, "gid": 1000, "group": "1000", "item": "/stigforge/roles/sle12_cis", "mode": "0755", "msg": "chgrp failed", "owner": "1000", "path": "/stigforge/roles/sle12_cis", "size": 4096, "state": "directory", "uid": 1000}
failed: [localhost] (item=/stigforge/roles/sle12_cis/README.md) => {"ansible_loop_var": "item", "changed": false, "gid": 1000, "group": "1000", "item": "/stigforge/roles/sle12_cis/README.md", "mode": "0644", "msg": "chgrp failed", "owner": "1000", "path": "/stigforge/roles/sle12_cis/README.md", "size": 698, "state": "file", "uid": 1000}
failed: [localhost] (item=/stigforge/roles/sle12_cis/tasks) => {"ansible_loop_var": "item", "changed": false, "gid": 1000, "group": "1000", "item": "/stigforge/roles/sle12_cis/tasks", "mode": "0755", "msg": "chgrp failed", "owner": "1000", "path": "/stigforge/roles/sle12_cis/tasks", "size": 4096, "state": "directory", "uid": 1000}
failed: [localhost] (item=/stigforge/roles/sle12_cis/tasks/cis-l1.yml) => {"ansible_loop_var": "item", "changed": false, "gid": 1000, "group": "1000", "item": "/stigforge/roles/sle12_cis/tasks/cis-l1.yml", "mode": "0644", "msg": "chgrp failed", "owner": "1000", "path": "/stigforge/roles/sle12_cis/tasks/cis-l1.yml", "size": 1053993, "state": "file", "uid": 1000}
failed: [localhost] (item=/stigforge/roles/sle12_cis/tasks/main.yml) => {"ansible_loop_var": "item", "changed": false, "gid": 1000, "group": "1000", "item": "/stigforge/roles/sle12_cis/tasks/main.yml", "mode": "0644", "msg": "chgrp failed", "owner": "1000", "path": "/stigforge/roles/sle12_cis/tasks/main.yml", "size": 331, "state": "file", "uid": 1000}
failed: [localhost] (item=/stigforge/roles/sle12_cis/tasks/cis-ws-l1.yml) => {"ansible_loop_var": "item", "changed": false, "gid": 1000, "group": "1000", "item": "/stigforge/roles/sle12_cis/tasks/cis-ws-l1.yml", "mode": "0644", "msg": "chgrp failed", "owner": "1000", "path": "/stigforge/roles/sle12_cis/tasks/cis-ws-l1.yml", "size": 1034967, "state": "file", "uid": 1000}
failed: [localhost] (item=/stigforge/roles/sle12_cis/tasks/cis-l2.yml) => {"ansible_loop_var": "item", "changed": false, "gid": 1000, "group": "1000", "item": "/stigforge/roles/sle12_cis/tasks/cis-l2.yml", "mode": "0644", "msg": "chgrp failed", "owner": "1000", "path": "/stigforge/roles/sle12_cis/tasks/cis-l2.yml", "size": 1895960, "state": "file", "uid": 1000}
failed: [localhost] (item=/stigforge/roles/sle12_cis/tasks/prelim.yml) => {"ansible_loop_var": "item", "changed": false, "gid": 1000, "group": "1000", "item": "/stigforge/roles/sle12_cis/tasks/prelim.yml", "mode": "0644", "msg": "chgrp failed", "owner": "1000", "path": "/stigforge/roles/sle12_cis/tasks/prelim.yml", "size": 70, "state": "file", "uid": 1000}
failed: [localhost] (item=/stigforge/roles/sle12_cis/tasks/cis-ws-l2.yml) => {"ansible_loop_var": "item", "changed": false, "gid": 1000, "group": "1000", "item": "/stigforge/roles/sle12_cis/tasks/cis-ws-l2.yml", "mode": "0644", "msg": "chgrp failed", "owner": "1000", "path": "/stigforge/roles/sle12_cis/tasks/cis-ws-l2.yml", "size": 1888270, "state": "file", "uid": 1000}
failed: [localhost] (item=/stigforge/roles/sle12_cis/files) => {"ansible_loop_var": "item", "changed": false, "gid": 1000, "group": "1000", "item": "/stigforge/roles/sle12_cis/files", "mode": "0755", "msg": "chgrp failed", "owner": "1000", "path": "/stigforge/roles/sle12_cis/files", "size": 4096, "state": "directory", "uid": 1000}
failed: [localhost] (item=/stigforge/roles/sle12_cis/GENERATED.json) => {"ansible_loop_var": "item", "changed": false, "gid": 1000, "group": "1000", "item": "/stigforge/roles/sle12_cis/GENERATED.json", "mode": "0644", "msg": "chgrp failed", "owner": "1000", "path": "/stigforge/roles/sle12_cis/GENERATED.json", "size": 1084, "state": "file", "uid": 1000}
failed: [localhost] (item=/stigforge/roles/sle12_cis/meta) => {"ansible_loop_var": "item", "changed": false, "gid": 1000, "group": "1000", "item": "/stigforge/roles/sle12_cis/meta", "mode": "0755", "msg": "chgrp failed", "owner": "1000", "path": "/stigforge/roles/sle12_cis/meta", "size": 4096, "state": "directory", "uid": 1000}
failed: [localhost] (item=/stigforge/roles/sle12_cis/meta/main.yml) => {"ansible_loop_var": "item", "changed": false, "gid": 1000, "group": "1000", "item": "/stigforge/roles/sle12_cis/meta/main.yml", "mode": "0644", "msg": "chgrp failed", "owner": "1000", "path": "/stigforge/roles/sle12_cis/meta/main.yml", "size": 390, "state": "file", "uid": 1000}
failed: [localhost] (item=/stigforge/roles/sle12_cis/defaults) => {"ansible_loop_var": "item", "changed": false, "gid": 1000, "group": "1000", "item": "/stigforge/roles/sle12_cis/defaults", "mode": "0755", "msg": "chgrp failed", "owner": "1000", "path": "/stigforge/roles/sle12_cis/defaults", "size": 4096, "state": "directory", "uid": 1000}
failed: [localhost] (item=/stigforge/roles/sle12_cis/defaults/main.yml) => {"ansible_loop_var": "item", "changed": false, "gid": 1000, "group": "1000", "item": "/stigforge/roles/sle12_cis/defaults/main.yml", "mode": "0644", "msg": "chgrp failed", "owner": "1000", "path": "/stigforge/roles/sle12_cis/defaults/main.yml", "size": 3875, "state": "file", "uid": 1000}
failed: [localhost] (item=/stigforge/roles/sle12_cis/defaults/rule_toggles.yml) => {"ansible_loop_var": "item", "changed": false, "gid": 1000, "group": "1000", "item": "/stigforge/roles/sle12_cis/defaults/rule_toggles.yml", "mode": "0644", "msg": "chgrp failed", "owner": "1000", "path": "/stigforge/roles/sle12_cis/defaults/rule_toggles.yml", "size": 14183, "state": "file", "uid": 1000}
failed: [localhost] (item=/stigforge/roles/cs10_stig) => {"ansible_loop_var": "item", "changed": false, "gid": 1000, "group": "1000", "item": "/stigforge/roles/cs10_stig", "mode": "0755", "msg": "chgrp failed", "owner": "1000", "path": "/stigforge/roles/cs10_stig", "size": 4096, "state": "directory", "uid": 1000}
failed: [localhost] (item=/stigforge/roles/cs10_stig/README.md) => {"ansible_loop_var": "item", "changed": false, "gid": 1000, "group": "1000", "item": "/stigforge/roles/cs10_stig/README.md", "mode": "0644", "msg": "chgrp failed", "owner": "1000", "path": "/stigforge/roles/cs10_stig/README.md", "size": 661, "state": "file", "uid": 1000}
failed: [localhost] (item=/stigforge/roles/cs10_stig/tasks) => {"ansible_loop_var": "item", "changed": false, "gid": 1000, "group": "1000", "item": "/stigforge/roles/cs10_stig/tasks", "mode": "0755", "msg": "chgrp failed", "owner": "1000", "path": "/stigforge/roles/cs10_stig/tasks", "size": 4096, "state": "directory", "uid": 1000}
failed: [localhost] (item=/stigforge/roles/cs10_stig/tasks/stig.yml) => {"ansible_loop_var": "item", "changed": false, "gid": 1000, "group": "1000", "item": "/stigforge/roles/cs10_stig/tasks/stig.yml", "mode": "0644", "msg": "chgrp failed", "owner": "1000", "path": "/stigforge/roles/cs10_stig/tasks/stig.yml", "size": 3089662, "state": "file", "uid": 1000}
failed: [localhost] (item=/stigforge/roles/cs10_stig/tasks/main.yml) => {"ansible_loop_var": "item", "changed": false, "gid": 1000, "group": "1000", "item": "/stigforge/roles/cs10_stig/tasks/main.yml", "mode": "0644", "msg": "chgrp failed", "owner": "1000", "path": "/stigforge/roles/cs10_stig/tasks/main.yml", "size": 331, "state": "file", "uid": 1000}
failed: [localhost] (item=/stigforge/roles/cs10_stig/tasks/prelim.yml) => {"ansible_loop_var": "item", "changed": false, "gid": 1000, "group": "1000", "item": "/stigforge/roles/cs10_stig/tasks/prelim.yml", "mode": "0644", "msg": "chgrp failed", "owner": "1000", "path": "/stigforge/roles/cs10_stig/tasks/prelim.yml", "size": 70, "state": "file", "uid": 1000}
failed: [localhost] (item=/stigforge/roles/cs10_stig/files) => {"ansible_loop_var": "item", "changed": false, "gid": 1000, "group": "1000", "item": "/stigforge/roles/cs10_stig/files", "mode": "0755", "msg": "chgrp failed", "owner": "1000", "path": "/stigforge/roles/cs10_stig/files", "size": 4096, "state": "directory", "uid": 1000}
failed: [localhost] (item=/stigforge/roles/cs10_stig/GENERATED.json) => {"ansible_loop_var": "item", "changed": false, "gid": 1000, "group": "1000", "item": "/stigforge/roles/cs10_stig/GENERATED.json", "mode": "0644", "msg": "chgrp failed", "owner": "1000", "path": "/stigforge/roles/cs10_stig/GENERATED.json", "size": 259, "state": "file", "uid": 1000}
failed: [localhost] (item=/stigforge/roles/cs10_stig/meta) => {"ansible_loop_var": "item", "changed": false, "gid": 1000, "group": "1000", "item": "/stigforge/roles/cs10_stig/meta", "mode": "0755", "msg": "chgrp failed", "owner": "1000", "path": "/stigforge/roles/cs10_stig/meta", "size": 4096, "state": "directory", "uid": 1000}
failed: [localhost] (item=/stigforge/roles/cs10_stig/meta/main.yml) => {"ansible_loop_var": "item", "changed": false, "gid": 1000, "group": "1000", "item": "/stigforge/roles/cs10_stig/meta/main.yml", "mode": "0644", "msg": "chgrp failed", "owner": "1000", "path": "/stigforge/roles/cs10_stig/meta/main.yml", "size": 390, "state": "file", "uid": 1000}
failed: [localhost] (item=/stigforge/roles/cs10_stig/defaults) => {"ansible_loop_var": "item", "changed": false, "gid": 1000, "group": "1000", "item": "/stigforge/roles/cs10_stig/defaults", "mode": "0755", "msg": "chgrp failed", "owner": "1000", "path": "/stigforge/roles/cs10_stig/defaults", "size": 4096, "state": "directory", "uid": 1000}
failed: [localhost] (item=/stigforge/roles/cs10_stig/defaults/main.yml) => {"ansible_loop_var": "item", "changed": false, "gid": 1000, "group": "1000", "item": "/stigforge/roles/cs10_stig/defaults/main.yml", "mode": "0644", "msg": "chgrp failed", "owner": "1000", "path": "/stigforge/roles/cs10_stig/defaults/main.yml", "size": 6167, "state": "file", "uid": 1000}
failed: [localhost] (item=/stigforge/roles/cs10_stig/defaults/rule_toggles.yml) => {"ansible_loop_var": "item", "changed": false, "gid": 1000, "group": "1000", "item": "/stigforge/roles/cs10_stig/defaults/rule_toggles.yml", "mode": "0644", "msg": "chgrp failed", "owner": "1000", "path": "/stigforge/roles/cs10_stig/defaults/rule_toggles.yml", "size": 18682, "state": "file", "uid": 1000}
failed: [localhost] (item=/stigforge/roles/ol8_stig) => {"ansible_loop_var": "item", "changed": false, "gid": 1000, "group": "1000", "item": "/stigforge/roles/ol8_stig", "mode": "0755", "msg": "chgrp failed", "owner": "1000", "path": "/stigforge/roles/ol8_stig", "size": 4096, "state": "directory", "uid": 1000}
failed: [localhost] (item=/stigforge/roles/ol8_stig/README.md) => {"ansible_loop_var": "item", "changed": false, "gid": 1000, "group": "1000", "item": "/stigforge/roles/ol8_stig/README.md", "mode": "0644", "msg": "chgrp failed", "owner": "1000", "path": "/stigforge/roles/ol8_stig/README.md", "size": 662, "state": "file", "uid": 1000}
failed: [localhost] (item=/stigforge/roles/ol8_stig/tasks) => {"ansible_loop_var": "item", "changed": false, "gid": 1000, "group": "1000", "item": "/stigforge/roles/ol8_stig/tasks", "mode": "0755", "msg": "chgrp failed", "owner": "1000", "path": "/stigforge/roles/ol8_stig/tasks", "size": 4096, "state": "directory", "uid": 1000}
failed: [localhost] (item=/stigforge/roles/ol8_stig/tasks/stig.yml) => {"ansible_loop_var": "item", "changed": false, "gid": 1000, "group": "1000", "item": "/stigforge/roles/ol8_stig/tasks/stig.yml", "mode": "0644", "msg": "chgrp failed", "owner": "1000", "path": "/stigforge/roles/ol8_stig/tasks/stig.yml", "size": 2724202, "state": "file", "uid": 1000}
failed: [localhost] (item=/stigforge/roles/ol8_stig/tasks/main.yml) => {"ansible_loop_var": "item", "changed": false, "gid": 1000, "group": "1000", "item": "/stigforge/roles/ol8_stig/tasks/main.yml", "mode": "0644", "msg": "chgrp failed", "owner": "1000", "path": "/stigforge/roles/ol8_stig/tasks/main.yml", "size": 329, "state": "file", "uid": 1000}
failed: [localhost] (item=/stigforge/roles/ol8_stig/tasks/prelim.yml) => {"ansible_loop_var": "item", "changed": false, "gid": 1000, "group": "1000", "item": "/stigforge/roles/ol8_stig/tasks/prelim.yml", "mode": "0644", "msg": "chgrp failed", "owner": "1000", "path": "/stigforge/roles/ol8_stig/tasks/prelim.yml", "size": 70, "state": "file", "uid": 1000}
failed: [localhost] (item=/stigforge/roles/ol8_stig/files) => {"ansible_loop_var": "item", "changed": false, "gid": 1000, "group": "1000", "item": "/stigforge/roles/ol8_stig/files", "mode": "0755", "msg": "chgrp failed", "owner": "1000", "path": "/stigforge/roles/ol8_stig/files", "size": 4096, "state": "directory", "uid": 1000}
failed: [localhost] (item=/stigforge/roles/ol8_stig/GENERATED.json) => {"ansible_loop_var": "item", "changed": false, "gid": 1000, "group": "1000", "item": "/stigforge/roles/ol8_stig/GENERATED.json", "mode": "0644", "msg": "chgrp failed", "owner": "1000", "path": "/stigforge/roles/ol8_stig/GENERATED.json", "size": 257, "state": "file", "uid": 1000}
failed: [localhost] (item=/stigforge/roles/ol8_stig/meta) => {"ansible_loop_var": "item", "changed": false, "gid": 1000, "group": "1000", "item": "/stigforge/roles/ol8_stig/meta", "mode": "0755", "msg": "chgrp failed", "owner": "1000", "path": "/stigforge/roles/ol8_stig/meta", "size": 4096, "state": "directory", "uid": 1000}
failed: [localhost] (item=/stigforge/roles/ol8_stig/meta/main.yml) => {"ansible_loop_var": "item", "changed": false, "gid": 1000, "group": "1000", "item": "/stigforge/roles/ol8_stig/meta/main.yml", "mode": "0644", "msg": "chgrp failed", "owner": "1000", "path": "/stigforge/roles/ol8_stig/meta/main.yml", "size": 388, "state": "file", "uid": 1000}
failed: [localhost] (item=/stigforge/roles/ol8_stig/defaults) => {"ansible_loop_var": "item", "changed": false, "gid": 1000, "group": "1000", "item": "/stigforge/roles/ol8_stig/defaults", "mode": "0755", "msg": "chgrp failed", "owner": "1000", "path": "/stigforge/roles/ol8_stig/defaults", "size": 4096, "state": "directory", "uid": 1000}
failed: [localhost] (item=/stigforge/roles/ol8_stig/defaults/main.yml) => {"ansible_loop_var": "item", "changed": false, "gid": 1000, "group": "1000", "item": "/stigforge/roles/ol8_stig/defaults/main.yml", "mode": "0644", "msg": "chgrp failed", "owner": "1000", "path": "/stigforge/roles/ol8_stig/defaults/main.yml", "size": 6042, "state": "file", "uid": 1000}
failed: [localhost] (item=/stigforge/roles/ol8_stig/defaults/rule_toggles.yml) => {"ansible_loop_var": "item", "changed": false, "gid": 1000, "group": "1000", "item": "/stigforge/roles/ol8_stig/defaults/rule_toggles.yml", "mode": "0644", "msg": "chgrp failed", "owner": "1000", "path": "/stigforge/roles/ol8_stig/defaults/rule_toggles.yml", "size": 15386, "state": "file", "uid": 1000}
failed: [localhost] (item=/stigforge/roles/rhel10_stig) => {"ansible_loop_var": "item", "changed": false, "gid": 1000, "group": "1000", "item": "/stigforge/roles/rhel10_stig", "mode": "0755", "msg": "chgrp failed", "owner": "1000", "path": "/stigforge/roles/rhel10_stig", "size": 4096, "state": "directory", "uid": 1000}
failed: [localhost] (item=/stigforge/roles/rhel10_stig/README.md) => {"ansible_loop_var": "item", "changed": false, "gid": 1000, "group": "1000", "item": "/stigforge/roles/rhel10_stig/README.md", "mode": "0644", "msg": "chgrp failed", "owner": "1000", "path": "/stigforge/roles/rhel10_stig/README.md", "size": 667, "state": "file", "uid": 1000}
failed: [localhost] (item=/stigforge/roles/rhel10_stig/tasks) => {"ansible_loop_var": "item", "changed": false, "gid": 1000, "group": "1000", "item": "/stigforge/roles/rhel10_stig/tasks", "mode": "0755", "msg": "chgrp failed", "owner": "1000", "path": "/stigforge/roles/rhel10_stig/tasks", "size": 4096, "state": "directory", "uid": 1000}
failed: [localhost] (item=/stigforge/roles/rhel10_stig/tasks/stig.yml) => {"ansible_loop_var": "item", "changed": false, "gid": 1000, "group": "1000", "item": "/stigforge/roles/rhel10_stig/tasks/stig.yml", "mode": "0644", "msg": "chgrp failed", "owner": "1000", "path": "/stigforge/roles/rhel10_stig/tasks/stig.yml", "size": 3131296, "state": "file", "uid": 1000}
failed: [localhost] (item=/stigforge/roles/rhel10_stig/tasks/supplement) => {"ansible_loop_var": "item", "changed": false, "gid": 1000, "group": "1000", "item": "/stigforge/roles/rhel10_stig/tasks/supplement", "mode": "0755", "msg": "chgrp failed", "owner": "1000", "path": "/stigforge/roles/rhel10_stig/tasks/supplement", "size": 4096, "state": "directory", "uid": 1000}
failed: [localhost] (item=/stigforge/roles/rhel10_stig/tasks/supplement/stig.yml) => {"ansible_loop_var": "item", "changed": false, "gid": 1000, "group": "1000", "item": "/stigforge/roles/rhel10_stig/tasks/supplement/stig.yml", "mode": "0644", "msg": "chgrp failed", "owner": "1000", "path": "/stigforge/roles/rhel10_stig/tasks/supplement/stig.yml", "size": 1328, "state": "file", "uid": 1000}
failed: [localhost] (item=/stigforge/roles/rhel10_stig/tasks/supplement/stig-pre.yml) => {"ansible_loop_var": "item", "changed": false, "gid": 1000, "group": "1000", "item": "/stigforge/roles/rhel10_stig/tasks/supplement/stig-pre.yml", "mode": "0644", "msg": "chgrp failed", "owner": "1000", "path": "/stigforge/roles/rhel10_stig/tasks/supplement/stig-pre.yml", "size": 3846, "state": "file", "uid": 1000}
failed: [localhost] (item=/stigforge/roles/rhel10_stig/tasks/main.yml) => {"ansible_loop_var": "item", "changed": false, "gid": 1000, "group": "1000", "item": "/stigforge/roles/rhel10_stig/tasks/main.yml", "mode": "0644", "msg": "chgrp failed", "owner": "1000", "path": "/stigforge/roles/rhel10_stig/tasks/main.yml", "size": 335, "state": "file", "uid": 1000}
failed: [localhost] (item=/stigforge/roles/rhel10_stig/tasks/prelim.yml) => {"ansible_loop_var": "item", "changed": false, "gid": 1000, "group": "1000", "item": "/stigforge/roles/rhel10_stig/tasks/prelim.yml", "mode": "0644", "msg": "chgrp failed", "owner": "1000", "path": "/stigforge/roles/rhel10_stig/tasks/prelim.yml", "size": 70, "state": "file", "uid": 1000}
failed: [localhost] (item=/stigforge/roles/rhel10_stig/files) => {"ansible_loop_var": "item", "changed": false, "gid": 1000, "group": "1000", "item": "/stigforge/roles/rhel10_stig/files", "mode": "0755", "msg": "chgrp failed", "owner": "1000", "path": "/stigforge/roles/rhel10_stig/files", "size": 4096, "state": "directory", "uid": 1000}
failed: [localhost] (item=/stigforge/roles/rhel10_stig/GENERATED.json) => {"ansible_loop_var": "item", "changed": false, "gid": 1000, "group": "1000", "item": "/stigforge/roles/rhel10_stig/GENERATED.json", "mode": "0644", "msg": "chgrp failed", "owner": "1000", "path": "/stigforge/roles/rhel10_stig/GENERATED.json", "size": 263, "state": "file", "uid": 1000}
failed: [localhost] (item=/stigforge/roles/rhel10_stig/meta) => {"ansible_loop_var": "item", "changed": false, "gid": 1000, "group": "1000", "item": "/stigforge/roles/rhel10_stig/meta", "mode": "0755", "msg": "chgrp failed", "owner": "1000", "path": "/stigforge/roles/rhel10_stig/meta", "size": 4096, "state": "directory", "uid": 1000}
failed: [localhost] (item=/stigforge/roles/rhel10_stig/meta/main.yml) => {"ansible_loop_var": "item", "changed": false, "gid": 1000, "group": "1000", "item": "/stigforge/roles/rhel10_stig/meta/main.yml", "mode": "0644", "msg": "chgrp failed", "owner": "1000", "path": "/stigforge/roles/rhel10_stig/meta/main.yml", "size": 394, "state": "file", "uid": 1000}
failed: [localhost] (item=/stigforge/roles/rhel10_stig/defaults) => {"ansible_loop_var": "item", "changed": false, "gid": 1000, "group": "1000", "item": "/stigforge/roles/rhel10_stig/defaults", "mode": "0755", "msg": "chgrp failed", "owner": "1000", "path": "/stigforge/roles/rhel10_stig/defaults", "size": 4096, "state": "directory", "uid": 1000}
failed: [localhost] (item=/stigforge/roles/rhel10_stig/defaults/main.yml) => {"ansible_loop_var": "item", "changed": false, "gid": 1000, "group": "1000", "item": "/stigforge/roles/rhel10_stig/defaults/main.yml", "mode": "0644", "msg": "chgrp failed", "owner": "1000", "path": "/stigforge/roles/rhel10_stig/defaults/main.yml", "size": 6171, "state": "file", "uid": 1000}
failed: [localhost] (item=/stigforge/roles/rhel10_stig/defaults/rule_toggles.yml) => {"ansible_loop_var": "item", "changed": false, "gid": 1000, "group": "1000", "item": "/stigforge/roles/rhel10_stig/defaults/rule_toggles.yml", "mode": "0644", "msg": "chgrp failed", "owner": "1000", "path": "/stigforge/roles/rhel10_stig/defaults/rule_toggles.yml", "size": 19609, "state": "file", "uid": 1000}
failed: [localhost] (item=/stigforge/roles/rhel8_stig) => {"ansible_loop_var": "item", "changed": false, "gid": 1000, "group": "1000", "item": "/stigforge/roles/rhel8_stig", "mode": "0755", "msg": "chgrp failed", "owner": "1000", "path": "/stigforge/roles/rhel8_stig", "size": 4096, "state": "directory", "uid": 1000}
failed: [localhost] (item=/stigforge/roles/rhel8_stig/README.md) => {"ansible_loop_var": "item", "changed": false, "gid": 1000, "group": "1000", "item": "/stigforge/roles/rhel8_stig/README.md", "mode": "0644", "msg": "chgrp failed", "owner": "1000", "path": "/stigforge/roles/rhel8_stig/README.md", "size": 664, "state": "file", "uid": 1000}
failed: [localhost] (item=/stigforge/roles/rhel8_stig/tasks) => {"ansible_loop_var": "item", "changed": false, "gid": 1000, "group": "1000", "item": "/stigforge/roles/rhel8_stig/tasks", "mode": "0755", "msg": "chgrp failed", "owner": "1000", "path": "/stigforge/roles/rhel8_stig/tasks", "size": 4096, "state": "directory", "uid": 1000}
failed: [localhost] (item=/stigforge/roles/rhel8_stig/tasks/stig.yml) => {"ansible_loop_var": "item", "changed": false, "gid": 1000, "group": "1000", "item": "/stigforge/roles/rhel8_stig/tasks/stig.yml", "mode": "0644", "msg": "chgrp failed", "owner": "1000", "path": "/stigforge/roles/rhel8_stig/tasks/stig.yml", "size": 2432052, "state": "file", "uid": 1000}
failed: [localhost] (item=/stigforge/roles/rhel8_stig/tasks/supplement) => {"ansible_loop_var": "item", "changed": false, "gid": 1000, "group": "1000", "item": "/stigforge/roles/rhel8_stig/tasks/supplement", "mode": "0755", "msg": "chgrp failed", "owner": "1000", "path": "/stigforge/roles/rhel8_stig/tasks/supplement", "size": 4096, "state": "directory", "uid": 1000}
failed: [localhost] (item=/stigforge/roles/rhel8_stig/tasks/supplement/stig.yml) => {"ansible_loop_var": "item", "changed": false, "gid": 1000, "group": "1000", "item": "/stigforge/roles/rhel8_stig/tasks/supplement/stig.yml", "mode": "0644", "msg": "chgrp failed", "owner": "1000", "path": "/stigforge/roles/rhel8_stig/tasks/supplement/stig.yml", "size": 1669, "state": "file", "uid": 1000}
failed: [localhost] (item=/stigforge/roles/rhel8_stig/tasks/main.yml) => {"ansible_loop_var": "item", "changed": false, "gid": 1000, "group": "1000", "item": "/stigforge/roles/rhel8_stig/tasks/main.yml", "mode": "0644", "msg": "chgrp failed", "owner": "1000", "path": "/stigforge/roles/rhel8_stig/tasks/main.yml", "size": 333, "state": "file", "uid": 1000}
failed: [localhost] (item=/stigforge/roles/rhel8_stig/tasks/prelim.yml) => {"ansible_loop_var": "item", "changed": false, "gid": 1000, "group": "1000", "item": "/stigforge/roles/rhel8_stig/tasks/prelim.yml", "mode": "0644", "msg": "chgrp failed", "owner": "1000", "path": "/stigforge/roles/rhel8_stig/tasks/prelim.yml", "size": 70, "state": "file", "uid": 1000}
failed: [localhost] (item=/stigforge/roles/rhel8_stig/files) => {"ansible_loop_var": "item", "changed": false, "gid": 1000, "group": "1000", "item": "/stigforge/roles/rhel8_stig/files", "mode": "0755", "msg": "chgrp failed", "owner": "1000", "path": "/stigforge/roles/rhel8_stig/files", "size": 4096, "state": "directory", "uid": 1000}
failed: [localhost] (item=/stigforge/roles/rhel8_stig/GENERATED.json) => {"ansible_loop_var": "item", "changed": false, "gid": 1000, "group": "1000", "item": "/stigforge/roles/rhel8_stig/GENERATED.json", "mode": "0644", "msg": "chgrp failed", "owner": "1000", "path": "/stigforge/roles/rhel8_stig/GENERATED.json", "size": 261, "state": "file", "uid": 1000}
failed: [localhost] (item=/stigforge/roles/rhel8_stig/meta) => {"ansible_loop_var": "item", "changed": false, "gid": 1000, "group": "1000", "item": "/stigforge/roles/rhel8_stig/meta", "mode": "0755", "msg": "chgrp failed", "owner": "1000", "path": "/stigforge/roles/rhel8_stig/meta", "size": 4096, "state": "directory", "uid": 1000}
failed: [localhost] (item=/stigforge/roles/rhel8_stig/meta/main.yml) => {"ansible_loop_var": "item", "changed": false, "gid": 1000, "group": "1000", "item": "/stigforge/roles/rhel8_stig/meta/main.yml", "mode": "0644", "msg": "chgrp failed", "owner": "1000", "path": "/stigforge/roles/rhel8_stig/meta/main.yml", "size": 392, "state": "file", "uid": 1000}
failed: [localhost] (item=/stigforge/roles/rhel8_stig/defaults) => {"ansible_loop_var": "item", "changed": false, "gid": 1000, "group": "1000", "item": "/stigforge/roles/rhel8_stig/defaults", "mode": "0755", "msg": "chgrp failed", "owner": "1000", "path": "/stigforge/roles/rhel8_stig/defaults", "size": 4096, "state": "directory", "uid": 1000}
failed: [localhost] (item=/stigforge/roles/rhel8_stig/defaults/main.yml) => {"ansible_loop_var": "item", "changed": false, "gid": 1000, "group": "1000", "item": "/stigforge/roles/rhel8_stig/defaults/main.yml", "mode": "0644", "msg": "chgrp failed", "owner": "1000", "path": "/stigforge/roles/rhel8_stig/defaults/main.yml", "size": 5997, "state": "file", "uid": 1000}
failed: [localhost] (item=/stigforge/roles/rhel8_stig/defaults/rule_toggles.yml) => {"ansible_loop_var": "item", "changed": false, "gid": 1000, "group": "1000", "item": "/stigforge/roles/rhel8_stig/defaults/rule_toggles.yml", "mode": "0644", "msg": "chgrp failed", "owner": "1000", "path": "/stigforge/roles/rhel8_stig/defaults/rule_toggles.yml", "size": 15972, "state": "file", "uid": 1000}
failed: [localhost] (item=/stigforge/roles/cs10_cis) => {"ansible_loop_var": "item", "changed": false, "gid": 1000, "group": "1000", "item": "/stigforge/roles/cs10_cis", "mode": "0755", "msg": "chgrp failed", "owner": "1000", "path": "/stigforge/roles/cs10_cis", "size": 4096, "state": "directory", "uid": 1000}
failed: [localhost] (item=/stigforge/roles/cs10_cis/README.md) => {"ansible_loop_var": "item", "changed": false, "gid": 1000, "group": "1000", "item": "/stigforge/roles/cs10_cis/README.md", "mode": "0644", "msg": "chgrp failed", "owner": "1000", "path": "/stigforge/roles/cs10_cis/README.md", "size": 691, "state": "file", "uid": 1000}
failed: [localhost] (item=/stigforge/roles/cs10_cis/tasks) => {"ansible_loop_var": "item", "changed": false, "gid": 1000, "group": "1000", "item": "/stigforge/roles/cs10_cis/tasks", "mode": "0755", "msg": "chgrp failed", "owner": "1000", "path": "/stigforge/roles/cs10_cis/tasks", "size": 4096, "state": "directory", "uid": 1000}
failed: [localhost] (item=/stigforge/roles/cs10_cis/tasks/cis-l1.yml) => {"ansible_loop_var": "item", "changed": false, "gid": 1000, "group": "1000", "item": "/stigforge/roles/cs10_cis/tasks/cis-l1.yml", "mode": "0644", "msg": "chgrp failed", "owner": "1000", "path": "/stigforge/roles/cs10_cis/tasks/cis-l1.yml", "size": 1550239, "state": "file", "uid": 1000}
failed: [localhost] (item=/stigforge/roles/cs10_cis/tasks/main.yml) => {"ansible_loop_var": "item", "changed": false, "gid": 1000, "group": "1000", "item": "/stigforge/roles/cs10_cis/tasks/main.yml", "mode": "0644", "msg": "chgrp failed", "owner": "1000", "path": "/stigforge/roles/cs10_cis/tasks/main.yml", "size": 329, "state": "file", "uid": 1000}
failed: [localhost] (item=/stigforge/roles/cs10_cis/tasks/cis-ws-l1.yml) => {"ansible_loop_var": "item", "changed": false, "gid": 1000, "group": "1000", "item": "/stigforge/roles/cs10_cis/tasks/cis-ws-l1.yml", "mode": "0644", "msg": "chgrp failed", "owner": "1000", "path": "/stigforge/roles/cs10_cis/tasks/cis-ws-l1.yml", "size": 1556569, "state": "file", "uid": 1000}
failed: [localhost] (item=/stigforge/roles/cs10_cis/tasks/cis-l2.yml) => {"ansible_loop_var": "item", "changed": false, "gid": 1000, "group": "1000", "item": "/stigforge/roles/cs10_cis/tasks/cis-l2.yml", "mode": "0644", "msg": "chgrp failed", "owner": "1000", "path": "/stigforge/roles/cs10_cis/tasks/cis-l2.yml", "size": 2937775, "state": "file", "uid": 1000}
failed: [localhost] (item=/stigforge/roles/cs10_cis/tasks/prelim.yml) => {"ansible_loop_var": "item", "changed": false, "gid": 1000, "group": "1000", "item": "/stigforge/roles/cs10_cis/tasks/prelim.yml", "mode": "0644", "msg": "chgrp failed", "owner": "1000", "path": "/stigforge/roles/cs10_cis/tasks/prelim.yml", "size": 70, "state": "file", "uid": 1000}
failed: [localhost] (item=/stigforge/roles/cs10_cis/tasks/cis-ws-l2.yml) => {"ansible_loop_var": "item", "changed": false, "gid": 1000, "group": "1000", "item": "/stigforge/roles/cs10_cis/tasks/cis-ws-l2.yml", "mode": "0644", "msg": "chgrp failed", "owner": "1000", "path": "/stigforge/roles/cs10_cis/tasks/cis-ws-l2.yml", "size": 2930109, "state": "file", "uid": 1000}
failed: [localhost] (item=/stigforge/roles/cs10_cis/files) => {"ansible_loop_var": "item", "changed": false, "gid": 1000, "group": "1000", "item": "/stigforge/roles/cs10_cis/files", "mode": "0755", "msg": "chgrp failed", "owner": "1000", "path": "/stigforge/roles/cs10_cis/files", "size": 4096, "state": "directory", "uid": 1000}
failed: [localhost] (item=/stigforge/roles/cs10_cis/GENERATED.json) => {"ansible_loop_var": "item", "changed": false, "gid": 1000, "group": "1000", "item": "/stigforge/roles/cs10_cis/GENERATED.json", "mode": "0644", "msg": "chgrp failed", "owner": "1000", "path": "/stigforge/roles/cs10_cis/GENERATED.json", "size": 1086, "state": "file", "uid": 1000}
failed: [localhost] (item=/stigforge/roles/cs10_cis/meta) => {"ansible_loop_var": "item", "changed": false, "gid": 1000, "group": "1000", "item": "/stigforge/roles/cs10_cis/meta", "mode": "0755", "msg": "chgrp failed", "owner": "1000", "path": "/stigforge/roles/cs10_cis/meta", "size": 4096, "state": "directory", "uid": 1000}
failed: [localhost] (item=/stigforge/roles/cs10_cis/meta/main.yml) => {"ansible_loop_var": "item", "changed": false, "gid": 1000, "group": "1000", "item": "/stigforge/roles/cs10_cis/meta/main.yml", "mode": "0644", "msg": "chgrp failed", "owner": "1000", "path": "/stigforge/roles/cs10_cis/meta/main.yml", "size": 388, "state": "file", "uid": 1000}
failed: [localhost] (item=/stigforge/roles/cs10_cis/defaults) => {"ansible_loop_var": "item", "changed": false, "gid": 1000, "group": "1000", "item": "/stigforge/roles/cs10_cis/defaults", "mode": "0755", "msg": "chgrp failed", "owner": "1000", "path": "/stigforge/roles/cs10_cis/defaults", "size": 4096, "state": "directory", "uid": 1000}
failed: [localhost] (item=/stigforge/roles/cs10_cis/defaults/main.yml) => {"ansible_loop_var": "item", "changed": false, "gid": 1000, "group": "1000", "item": "/stigforge/roles/cs10_cis/defaults/main.yml", "mode": "0644", "msg": "chgrp failed", "owner": "1000", "path": "/stigforge/roles/cs10_cis/defaults/main.yml", "size": 3522, "state": "file", "uid": 1000}
failed: [localhost] (item=/stigforge/roles/cs10_cis/defaults/rule_toggles.yml) => {"ansible_loop_var": "item", "changed": false, "gid": 1000, "group": "1000", "item": "/stigforge/roles/cs10_cis/defaults/rule_toggles.yml", "mode": "0644", "msg": "chgrp failed", "owner": "1000", "path": "/stigforge/roles/cs10_cis/defaults/rule_toggles.yml", "size": 17657, "state": "file", "uid": 1000}
failed: [localhost] (item=/stigforge/roles/ubuntu24_stig) => {"ansible_loop_var": "item", "changed": false, "gid": 1000, "group": "1000", "item": "/stigforge/roles/ubuntu24_stig", "mode": "0755", "msg": "chgrp failed", "owner": "1000", "path": "/stigforge/roles/ubuntu24_stig", "size": 4096, "state": "directory", "uid": 1000}
failed: [localhost] (item=/stigforge/roles/ubuntu24_stig/README.md) => {"ansible_loop_var": "item", "changed": false, "gid": 1000, "group": "1000", "item": "/stigforge/roles/ubuntu24_stig/README.md", "mode": "0644", "msg": "chgrp failed", "owner": "1000", "path": "/stigforge/roles/ubuntu24_stig/README.md", "size": 675, "state": "file", "uid": 1000}
failed: [localhost] (item=/stigforge/roles/ubuntu24_stig/tasks) => {"ansible_loop_var": "item", "changed": false, "gid": 1000, "group": "1000", "item": "/stigforge/roles/ubuntu24_stig/tasks", "mode": "0755", "msg": "chgrp failed", "owner": "1000", "path": "/stigforge/roles/ubuntu24_stig/tasks", "size": 4096, "state": "directory", "uid": 1000}
failed: [localhost] (item=/stigforge/roles/ubuntu24_stig/tasks/stig.yml) => {"ansible_loop_var": "item", "changed": false, "gid": 1000, "group": "1000", "item": "/stigforge/roles/ubuntu24_stig/tasks/stig.yml", "mode": "0644", "msg": "chgrp failed", "owner": "1000", "path": "/stigforge/roles/ubuntu24_stig/tasks/stig.yml", "size": 1458035, "state": "file", "uid": 1000}
failed: [localhost] (item=/stigforge/roles/ubuntu24_stig/tasks/supplement) => {"ansible_loop_var": "item", "changed": false, "gid": 1000, "group": "1000", "item": "/stigforge/roles/ubuntu24_stig/tasks/supplement", "mode": "0755", "msg": "chgrp failed", "owner": "1000", "path": "/stigforge/roles/ubuntu24_stig/tasks/supplement", "size": 4096, "state": "directory", "uid": 1000}
failed: [localhost] (item=/stigforge/roles/ubuntu24_stig/tasks/supplement/stig.yml) => {"ansible_loop_var": "item", "changed": false, "gid": 1000, "group": "1000", "item": "/stigforge/roles/ubuntu24_stig/tasks/supplement/stig.yml", "mode": "0644", "msg": "chgrp failed", "owner": "1000", "path": "/stigforge/roles/ubuntu24_stig/tasks/supplement/stig.yml", "size": 10712, "state": "file", "uid": 1000}
failed: [localhost] (item=/stigforge/roles/ubuntu24_stig/tasks/main.yml) => {"ansible_loop_var": "item", "changed": false, "gid": 1000, "group": "1000", "item": "/stigforge/roles/ubuntu24_stig/tasks/main.yml", "mode": "0644", "msg": "chgrp failed", "owner": "1000", "path": "/stigforge/roles/ubuntu24_stig/tasks/main.yml", "size": 339, "state": "file", "uid": 1000}
failed: [localhost] (item=/stigforge/roles/ubuntu24_stig/tasks/prelim.yml) => {"ansible_loop_var": "item", "changed": false, "gid": 1000, "group": "1000", "item": "/stigforge/roles/ubuntu24_stig/tasks/prelim.yml", "mode": "0644", "msg": "chgrp failed", "owner": "1000", "path": "/stigforge/roles/ubuntu24_stig/tasks/prelim.yml", "size": 70, "state": "file", "uid": 1000}
failed: [localhost] (item=/stigforge/roles/ubuntu24_stig/files) => {"ansible_loop_var": "item", "changed": false, "gid": 1000, "group": "1000", "item": "/stigforge/roles/ubuntu24_stig/files", "mode": "0755", "msg": "chgrp failed", "owner": "1000", "path": "/stigforge/roles/ubuntu24_stig/files", "size": 4096, "state": "directory", "uid": 1000}
failed: [localhost] (item=/stigforge/roles/ubuntu24_stig/GENERATED.json) => {"ansible_loop_var": "item", "changed": false, "gid": 1000, "group": "1000", "item": "/stigforge/roles/ubuntu24_stig/GENERATED.json", "mode": "0644", "msg": "chgrp failed", "owner": "1000", "path": "/stigforge/roles/ubuntu24_stig/GENERATED.json", "size": 265, "state": "file", "uid": 1000}
failed: [localhost] (item=/stigforge/roles/ubuntu24_stig/meta) => {"ansible_loop_var": "item", "changed": false, "gid": 1000, "group": "1000", "item": "/stigforge/roles/ubuntu24_stig/meta", "mode": "0755", "msg": "chgrp failed", "owner": "1000", "path": "/stigforge/roles/ubuntu24_stig/meta", "size": 4096, "state": "directory", "uid": 1000}
failed: [localhost] (item=/stigforge/roles/ubuntu24_stig/meta/main.yml) => {"ansible_loop_var": "item", "changed": false, "gid": 1000, "group": "1000", "item": "/stigforge/roles/ubuntu24_stig/meta/main.yml", "mode": "0644", "msg": "chgrp failed", "owner": "1000", "path": "/stigforge/roles/ubuntu24_stig/meta/main.yml", "size": 398, "state": "file", "uid": 1000}
failed: [localhost] (item=/stigforge/roles/ubuntu24_stig/defaults) => {"ansible_loop_var": "item", "changed": false, "gid": 1000, "group": "1000", "item": "/stigforge/roles/ubuntu24_stig/defaults", "mode": "0755", "msg": "chgrp failed", "owner": "1000", "path": "/stigforge/roles/ubuntu24_stig/defaults", "size": 4096, "state": "directory", "uid": 1000}
failed: [localhost] (item=/stigforge/roles/ubuntu24_stig/defaults/main.yml) => {"ansible_loop_var": "item", "changed": false, "gid": 1000, "group": "1000", "item": "/stigforge/roles/ubuntu24_stig/defaults/main.yml", "mode": "0644", "msg": "chgrp failed", "owner": "1000", "path": "/stigforge/roles/ubuntu24_stig/defaults/main.yml", "size": 2756, "state": "file", "uid": 1000}
failed: [localhost] (item=/stigforge/roles/ubuntu24_stig/defaults/rule_toggles.yml) => {"ansible_loop_var": "item", "changed": false, "gid": 1000, "group": "1000", "item": "/stigforge/roles/ubuntu24_stig/defaults/rule_toggles.yml", "mode": "0644", "msg": "chgrp failed", "owner": "1000", "path": "/stigforge/roles/ubuntu24_stig/defaults/rule_toggles.yml", "size": 9212, "state": "file", "uid": 1000}
failed: [localhost] (item=/stigforge/roles/rhel8_cis) => {"ansible_loop_var": "item", "changed": false, "gid": 1000, "group": "1000", "item": "/stigforge/roles/rhel8_cis", "mode": "0755", "msg": "chgrp failed", "owner": "1000", "path": "/stigforge/roles/rhel8_cis", "size": 4096, "state": "directory", "uid": 1000}
failed: [localhost] (item=/stigforge/roles/rhel8_cis/README.md) => {"ansible_loop_var": "item", "changed": false, "gid": 1000, "group": "1000", "item": "/stigforge/roles/rhel8_cis/README.md", "mode": "0644", "msg": "chgrp failed", "owner": "1000", "path": "/stigforge/roles/rhel8_cis/README.md", "size": 694, "state": "file", "uid": 1000}
failed: [localhost] (item=/stigforge/roles/rhel8_cis/tasks) => {"ansible_loop_var": "item", "changed": false, "gid": 1000, "group": "1000", "item": "/stigforge/roles/rhel8_cis/tasks", "mode": "0755", "msg": "chgrp failed", "owner": "1000", "path": "/stigforge/roles/rhel8_cis/tasks", "size": 4096, "state": "directory", "uid": 1000}
failed: [localhost] (item=/stigforge/roles/rhel8_cis/tasks/cis-l1.yml) => {"ansible_loop_var": "item", "changed": false, "gid": 1000, "group": "1000", "item": "/stigforge/roles/rhel8_cis/tasks/cis-l1.yml", "mode": "0644", "msg": "chgrp failed", "owner": "1000", "path": "/stigforge/roles/rhel8_cis/tasks/cis-l1.yml", "size": 1480612, "state": "file", "uid": 1000}
failed: [localhost] (item=/stigforge/roles/rhel8_cis/tasks/main.yml) => {"ansible_loop_var": "item", "changed": false, "gid": 1000, "group": "1000", "item": "/stigforge/roles/rhel8_cis/tasks/main.yml", "mode": "0644", "msg": "chgrp failed", "owner": "1000", "path": "/stigforge/roles/rhel8_cis/tasks/main.yml", "size": 331, "state": "file", "uid": 1000}
failed: [localhost] (item=/stigforge/roles/rhel8_cis/tasks/cis-ws-l1.yml) => {"ansible_loop_var": "item", "changed": false, "gid": 1000, "group": "1000", "item": "/stigforge/roles/rhel8_cis/tasks/cis-ws-l1.yml", "mode": "0644", "msg": "chgrp failed", "owner": "1000", "path": "/stigforge/roles/rhel8_cis/tasks/cis-ws-l1.yml", "size": 1471547, "state": "file", "uid": 1000}
failed: [localhost] (item=/stigforge/roles/rhel8_cis/tasks/cis-l2.yml) => {"ansible_loop_var": "item", "changed": false, "gid": 1000, "group": "1000", "item": "/stigforge/roles/rhel8_cis/tasks/cis-l2.yml", "mode": "0644", "msg": "chgrp failed", "owner": "1000", "path": "/stigforge/roles/rhel8_cis/tasks/cis-l2.yml", "size": 2544641, "state": "file", "uid": 1000}
failed: [localhost] (item=/stigforge/roles/rhel8_cis/tasks/prelim.yml) => {"ansible_loop_var": "item", "changed": false, "gid": 1000, "group": "1000", "item": "/stigforge/roles/rhel8_cis/tasks/prelim.yml", "mode": "0644", "msg": "chgrp failed", "owner": "1000", "path": "/stigforge/roles/rhel8_cis/tasks/prelim.yml", "size": 70, "state": "file", "uid": 1000}
failed: [localhost] (item=/stigforge/roles/rhel8_cis/tasks/cis-ws-l2.yml) => {"ansible_loop_var": "item", "changed": false, "gid": 1000, "group": "1000", "item": "/stigforge/roles/rhel8_cis/tasks/cis-ws-l2.yml", "mode": "0644", "msg": "chgrp failed", "owner": "1000", "path": "/stigforge/roles/rhel8_cis/tasks/cis-ws-l2.yml", "size": 2536893, "state": "file", "uid": 1000}
failed: [localhost] (item=/stigforge/roles/rhel8_cis/files) => {"ansible_loop_var": "item", "changed": false, "gid": 1000, "group": "1000", "item": "/stigforge/roles/rhel8_cis/files", "mode": "0755", "msg": "chgrp failed", "owner": "1000", "path": "/stigforge/roles/rhel8_cis/files", "size": 4096, "state": "directory", "uid": 1000}
failed: [localhost] (item=/stigforge/roles/rhel8_cis/GENERATED.json) => {"ansible_loop_var": "item", "changed": false, "gid": 1000, "group": "1000", "item": "/stigforge/roles/rhel8_cis/GENERATED.json", "mode": "0644", "msg": "chgrp failed", "owner": "1000", "path": "/stigforge/roles/rhel8_cis/GENERATED.json", "size": 1089, "state": "file", "uid": 1000}
failed: [localhost] (item=/stigforge/roles/rhel8_cis/meta) => {"ansible_loop_var": "item", "changed": false, "gid": 1000, "group": "1000", "item": "/stigforge/roles/rhel8_cis/meta", "mode": "0755", "msg": "chgrp failed", "owner": "1000", "path": "/stigforge/roles/rhel8_cis/meta", "size": 4096, "state": "directory", "uid": 1000}
failed: [localhost] (item=/stigforge/roles/rhel8_cis/meta/main.yml) => {"ansible_loop_var": "item", "changed": false, "gid": 1000, "group": "1000", "item": "/stigforge/roles/rhel8_cis/meta/main.yml", "mode": "0644", "msg": "chgrp failed", "owner": "1000", "path": "/stigforge/roles/rhel8_cis/meta/main.yml", "size": 390, "state": "file", "uid": 1000}
failed: [localhost] (item=/stigforge/roles/rhel8_cis/defaults) => {"ansible_loop_var": "item", "changed": false, "gid": 1000, "group": "1000", "item": "/stigforge/roles/rhel8_cis/defaults", "mode": "0755", "msg": "chgrp failed", "owner": "1000", "path": "/stigforge/roles/rhel8_cis/defaults", "size": 4096, "state": "directory", "uid": 1000}
failed: [localhost] (item=/stigforge/roles/rhel8_cis/defaults/main.yml) => {"ansible_loop_var": "item", "changed": false, "gid": 1000, "group": "1000", "item": "/stigforge/roles/rhel8_cis/defaults/main.yml", "mode": "0644", "msg": "chgrp failed", "owner": "1000", "path": "/stigforge/roles/rhel8_cis/defaults/main.yml", "size": 3408, "state": "file", "uid": 1000}
failed: [localhost] (item=/stigforge/roles/rhel8_cis/defaults/rule_toggles.yml) => {"ansible_loop_var": "item", "changed": false, "gid": 1000, "group": "1000", "item": "/stigforge/roles/rhel8_cis/defaults/rule_toggles.yml", "mode": "0644", "msg": "chgrp failed", "owner": "1000", "path": "/stigforge/roles/rhel8_cis/defaults/rule_toggles.yml", "size": 17899, "state": "file", "uid": 1000}
failed: [localhost] (item=/stigforge/roles/ol10_stig) => {"ansible_loop_var": "item", "changed": false, "gid": 1000, "group": "1000", "item": "/stigforge/roles/ol10_stig", "mode": "0755", "msg": "chgrp failed", "owner": "1000", "path": "/stigforge/roles/ol10_stig", "size": 4096, "state": "directory", "uid": 1000}
failed: [localhost] (item=/stigforge/roles/ol10_stig/README.md) => {"ansible_loop_var": "item", "changed": false, "gid": 1000, "group": "1000", "item": "/stigforge/roles/ol10_stig/README.md", "mode": "0644", "msg": "chgrp failed", "owner": "1000", "path": "/stigforge/roles/ol10_stig/README.md", "size": 661, "state": "file", "uid": 1000}
failed: [localhost] (item=/stigforge/roles/ol10_stig/tasks) => {"ansible_loop_var": "item", "changed": false, "gid": 1000, "group": "1000", "item": "/stigforge/roles/ol10_stig/tasks", "mode": "0755", "msg": "chgrp failed", "owner": "1000", "path": "/stigforge/roles/ol10_stig/tasks", "size": 4096, "state": "directory", "uid": 1000}
failed: [localhost] (item=/stigforge/roles/ol10_stig/tasks/stig.yml) => {"ansible_loop_var": "item", "changed": false, "gid": 1000, "group": "1000", "item": "/stigforge/roles/ol10_stig/tasks/stig.yml", "mode": "0644", "msg": "chgrp failed", "owner": "1000", "path": "/stigforge/roles/ol10_stig/tasks/stig.yml", "size": 3073914, "state": "file", "uid": 1000}
failed: [localhost] (item=/stigforge/roles/ol10_stig/tasks/main.yml) => {"ansible_loop_var": "item", "changed": false, "gid": 1000, "group": "1000", "item": "/stigforge/roles/ol10_stig/tasks/main.yml", "mode": "0644", "msg": "chgrp failed", "owner": "1000", "path": "/stigforge/roles/ol10_stig/tasks/main.yml", "size": 331, "state": "file", "uid": 1000}
failed: [localhost] (item=/stigforge/roles/ol10_stig/tasks/prelim.yml) => {"ansible_loop_var": "item", "changed": false, "gid": 1000, "group": "1000", "item": "/stigforge/roles/ol10_stig/tasks/prelim.yml", "mode": "0644", "msg": "chgrp failed", "owner": "1000", "path": "/stigforge/roles/ol10_stig/tasks/prelim.yml", "size": 70, "state": "file", "uid": 1000}
failed: [localhost] (item=/stigforge/roles/ol10_stig/files) => {"ansible_loop_var": "item", "changed": false, "gid": 1000, "group": "1000", "item": "/stigforge/roles/ol10_stig/files", "mode": "0755", "msg": "chgrp failed", "owner": "1000", "path": "/stigforge/roles/ol10_stig/files", "size": 4096, "state": "directory", "uid": 1000}
failed: [localhost] (item=/stigforge/roles/ol10_stig/GENERATED.json) => {"ansible_loop_var": "item", "changed": false, "gid": 1000, "group": "1000", "item": "/stigforge/roles/ol10_stig/GENERATED.json", "mode": "0644", "msg": "chgrp failed", "owner": "1000", "path": "/stigforge/roles/ol10_stig/GENERATED.json", "size": 259, "state": "file", "uid": 1000}
failed: [localhost] (item=/stigforge/roles/ol10_stig/meta) => {"ansible_loop_var": "item", "changed": false, "gid": 1000, "group": "1000", "item": "/stigforge/roles/ol10_stig/meta", "mode": "0755", "msg": "chgrp failed", "owner": "1000", "path": "/stigforge/roles/ol10_stig/meta", "size": 4096, "state": "directory", "uid": 1000}
failed: [localhost] (item=/stigforge/roles/ol10_stig/meta/main.yml) => {"ansible_loop_var": "item", "changed": false, "gid": 1000, "group": "1000", "item": "/stigforge/roles/ol10_stig/meta/main.yml", "mode": "0644", "msg": "chgrp failed", "owner": "1000", "path": "/stigforge/roles/ol10_stig/meta/main.yml", "size": 390, "state": "file", "uid": 1000}
failed: [localhost] (item=/stigforge/roles/ol10_stig/defaults) => {"ansible_loop_var": "item", "changed": false, "gid": 1000, "group": "1000", "item": "/stigforge/roles/ol10_stig/defaults", "mode": "0755", "msg": "chgrp failed", "owner": "1000", "path": "/stigforge/roles/ol10_stig/defaults", "size": 4096, "state": "directory", "uid": 1000}
failed: [localhost] (item=/stigforge/roles/ol10_stig/defaults/main.yml) => {"ansible_loop_var": "item", "changed": false, "gid": 1000, "group": "1000", "item": "/stigforge/roles/ol10_stig/defaults/main.yml", "mode": "0644", "msg": "chgrp failed", "owner": "1000", "path": "/stigforge/roles/ol10_stig/defaults/main.yml", "size": 5205, "state": "file", "uid": 1000}
failed: [localhost] (item=/stigforge/roles/ol10_stig/defaults/rule_toggles.yml) => {"ansible_loop_var": "item", "changed": false, "gid": 1000, "group": "1000", "item": "/stigforge/roles/ol10_stig/defaults/rule_toggles.yml", "mode": "0644", "msg": "chgrp failed", "owner": "1000", "path": "/stigforge/roles/ol10_stig/defaults/rule_toggles.yml", "size": 20300, "state": "file", "uid": 1000}
failed: [localhost] (item=/stigforge/roles/sle15_cis) => {"ansible_loop_var": "item", "changed": false, "gid": 1000, "group": "1000", "item": "/stigforge/roles/sle15_cis", "mode": "0755", "msg": "chgrp failed", "owner": "1000", "path": "/stigforge/roles/sle15_cis", "size": 4096, "state": "directory", "uid": 1000}
failed: [localhost] (item=/stigforge/roles/sle15_cis/README.md) => {"ansible_loop_var": "item", "changed": false, "gid": 1000, "group": "1000", "item": "/stigforge/roles/sle15_cis/README.md", "mode": "0644", "msg": "chgrp failed", "owner": "1000", "path": "/stigforge/roles/sle15_cis/README.md", "size": 698, "state": "file", "uid": 1000}
failed: [localhost] (item=/stigforge/roles/sle15_cis/tasks) => {"ansible_loop_var": "item", "changed": false, "gid": 1000, "group": "1000", "item": "/stigforge/roles/sle15_cis/tasks", "mode": "0755", "msg": "chgrp failed", "owner": "1000", "path": "/stigforge/roles/sle15_cis/tasks", "size": 4096, "state": "directory", "uid": 1000}
failed: [localhost] (item=/stigforge/roles/sle15_cis/tasks/cis-l1.yml) => {"ansible_loop_var": "item", "changed": false, "gid": 1000, "group": "1000", "item": "/stigforge/roles/sle15_cis/tasks/cis-l1.yml", "mode": "0644", "msg": "chgrp failed", "owner": "1000", "path": "/stigforge/roles/sle15_cis/tasks/cis-l1.yml", "size": 1278484, "state": "file", "uid": 1000}
failed: [localhost] (item=/stigforge/roles/sle15_cis/tasks/main.yml) => {"ansible_loop_var": "item", "changed": false, "gid": 1000, "group": "1000", "item": "/stigforge/roles/sle15_cis/tasks/main.yml", "mode": "0644", "msg": "chgrp failed", "owner": "1000", "path": "/stigforge/roles/sle15_cis/tasks/main.yml", "size": 331, "state": "file", "uid": 1000}
failed: [localhost] (item=/stigforge/roles/sle15_cis/tasks/cis-ws-l1.yml) => {"ansible_loop_var": "item", "changed": false, "gid": 1000, "group": "1000", "item": "/stigforge/roles/sle15_cis/tasks/cis-ws-l1.yml", "mode": "0644", "msg": "chgrp failed", "owner": "1000", "path": "/stigforge/roles/sle15_cis/tasks/cis-ws-l1.yml", "size": 1268596, "state": "file", "uid": 1000}
failed: [localhost] (item=/stigforge/roles/sle15_cis/tasks/cis-l2.yml) => {"ansible_loop_var": "item", "changed": false, "gid": 1000, "group": "1000", "item": "/stigforge/roles/sle15_cis/tasks/cis-l2.yml", "mode": "0644", "msg": "chgrp failed", "owner": "1000", "path": "/stigforge/roles/sle15_cis/tasks/cis-l2.yml", "size": 2139272, "state": "file", "uid": 1000}
failed: [localhost] (item=/stigforge/roles/sle15_cis/tasks/prelim.yml) => {"ansible_loop_var": "item", "changed": false, "gid": 1000, "group": "1000", "item": "/stigforge/roles/sle15_cis/tasks/prelim.yml", "mode": "0644", "msg": "chgrp failed", "owner": "1000", "path": "/stigforge/roles/sle15_cis/tasks/prelim.yml", "size": 70, "state": "file", "uid": 1000}
failed: [localhost] (item=/stigforge/roles/sle15_cis/tasks/cis-ws-l2.yml) => {"ansible_loop_var": "item", "changed": false, "gid": 1000, "group": "1000", "item": "/stigforge/roles/sle15_cis/tasks/cis-ws-l2.yml", "mode": "0644", "msg": "chgrp failed", "owner": "1000", "path": "/stigforge/roles/sle15_cis/tasks/cis-ws-l2.yml", "size": 2131582, "state": "file", "uid": 1000}
failed: [localhost] (item=/stigforge/roles/sle15_cis/files) => {"ansible_loop_var": "item", "changed": false, "gid": 1000, "group": "1000", "item": "/stigforge/roles/sle15_cis/files", "mode": "0755", "msg": "chgrp failed", "owner": "1000", "path": "/stigforge/roles/sle15_cis/files", "size": 4096, "state": "directory", "uid": 1000}
failed: [localhost] (item=/stigforge/roles/sle15_cis/GENERATED.json) => {"ansible_loop_var": "item", "changed": false, "gid": 1000, "group": "1000", "item": "/stigforge/roles/sle15_cis/GENERATED.json", "mode": "0644", "msg": "chgrp failed", "owner": "1000", "path": "/stigforge/roles/sle15_cis/GENERATED.json", "size": 1084, "state": "file", "uid": 1000}
failed: [localhost] (item=/stigforge/roles/sle15_cis/meta) => {"ansible_loop_var": "item", "changed": false, "gid": 1000, "group": "1000", "item": "/stigforge/roles/sle15_cis/meta", "mode": "0755", "msg": "chgrp failed", "owner": "1000", "path": "/stigforge/roles/sle15_cis/meta", "size": 4096, "state": "directory", "uid": 1000}
failed: [localhost] (item=/stigforge/roles/sle15_cis/meta/main.yml) => {"ansible_loop_var": "item", "changed": false, "gid": 1000, "group": "1000", "item": "/stigforge/roles/sle15_cis/meta/main.yml", "mode": "0644", "msg": "chgrp failed", "owner": "1000", "path": "/stigforge/roles/sle15_cis/meta/main.yml", "size": 390, "state": "file", "uid": 1000}
failed: [localhost] (item=/stigforge/roles/sle15_cis/defaults) => {"ansible_loop_var": "item", "changed": false, "gid": 1000, "group": "1000", "item": "/stigforge/roles/sle15_cis/defaults", "mode": "0755", "msg": "chgrp failed", "owner": "1000", "path": "/stigforge/roles/sle15_cis/defaults", "size": 4096, "state": "directory", "uid": 1000}
failed: [localhost] (item=/stigforge/roles/sle15_cis/defaults/main.yml) => {"ansible_loop_var": "item", "changed": false, "gid": 1000, "group": "1000", "item": "/stigforge/roles/sle15_cis/defaults/main.yml", "mode": "0644", "msg": "chgrp failed", "owner": "1000", "path": "/stigforge/roles/sle15_cis/defaults/main.yml", "size": 4243, "state": "file", "uid": 1000}
failed: [localhost] (item=/stigforge/roles/sle15_cis/defaults/rule_toggles.yml) => {"ansible_loop_var": "item", "changed": false, "gid": 1000, "group": "1000", "item": "/stigforge/roles/sle15_cis/defaults/rule_toggles.yml", "mode": "0644", "msg": "chgrp failed", "owner": "1000", "path": "/stigforge/roles/sle15_cis/defaults/rule_toggles.yml", "size": 14553, "state": "file", "uid": 1000}
failed: [localhost] (item=/stigforge/roles/sle12_stig) => {"ansible_loop_var": "item", "changed": false, "gid": 1000, "group": "1000", "item": "/stigforge/roles/sle12_stig", "mode": "0755", "msg": "chgrp failed", "owner": "1000", "path": "/stigforge/roles/sle12_stig", "size": 4096, "state": "directory", "uid": 1000}
failed: [localhost] (item=/stigforge/roles/sle12_stig/README.md) => {"ansible_loop_var": "item", "changed": false, "gid": 1000, "group": "1000", "item": "/stigforge/roles/sle12_stig/README.md", "mode": "0644", "msg": "chgrp failed", "owner": "1000", "path": "/stigforge/roles/sle12_stig/README.md", "size": 668, "state": "file", "uid": 1000}
failed: [localhost] (item=/stigforge/roles/sle12_stig/tasks) => {"ansible_loop_var": "item", "changed": false, "gid": 1000, "group": "1000", "item": "/stigforge/roles/sle12_stig/tasks", "mode": "0755", "msg": "chgrp failed", "owner": "1000", "path": "/stigforge/roles/sle12_stig/tasks", "size": 4096, "state": "directory", "uid": 1000}
failed: [localhost] (item=/stigforge/roles/sle12_stig/tasks/stig.yml) => {"ansible_loop_var": "item", "changed": false, "gid": 1000, "group": "1000", "item": "/stigforge/roles/sle12_stig/tasks/stig.yml", "mode": "0644", "msg": "chgrp failed", "owner": "1000", "path": "/stigforge/roles/sle12_stig/tasks/stig.yml", "size": 1546036, "state": "file", "uid": 1000}
failed: [localhost] (item=/stigforge/roles/sle12_stig/tasks/main.yml) => {"ansible_loop_var": "item", "changed": false, "gid": 1000, "group": "1000", "item": "/stigforge/roles/sle12_stig/tasks/main.yml", "mode": "0644", "msg": "chgrp failed", "owner": "1000", "path": "/stigforge/roles/sle12_stig/tasks/main.yml", "size": 333, "state": "file", "uid": 1000}
failed: [localhost] (item=/stigforge/roles/sle12_stig/tasks/prelim.yml) => {"ansible_loop_var": "item", "changed": false, "gid": 1000, "group": "1000", "item": "/stigforge/roles/sle12_stig/tasks/prelim.yml", "mode": "0644", "msg": "chgrp failed", "owner": "1000", "path": "/stigforge/roles/sle12_stig/tasks/prelim.yml", "size": 70, "state": "file", "uid": 1000}
failed: [localhost] (item=/stigforge/roles/sle12_stig/files) => {"ansible_loop_var": "item", "changed": false, "gid": 1000, "group": "1000", "item": "/stigforge/roles/sle12_stig/files", "mode": "0755", "msg": "chgrp failed", "owner": "1000", "path": "/stigforge/roles/sle12_stig/files", "size": 4096, "state": "directory", "uid": 1000}
failed: [localhost] (item=/stigforge/roles/sle12_stig/GENERATED.json) => {"ansible_loop_var": "item", "changed": false, "gid": 1000, "group": "1000", "item": "/stigforge/roles/sle12_stig/GENERATED.json", "mode": "0644", "msg": "chgrp failed", "owner": "1000", "path": "/stigforge/roles/sle12_stig/GENERATED.json", "size": 257, "state": "file", "uid": 1000}
failed: [localhost] (item=/stigforge/roles/sle12_stig/meta) => {"ansible_loop_var": "item", "changed": false, "gid": 1000, "group": "1000", "item": "/stigforge/roles/sle12_stig/meta", "mode": "0755", "msg": "chgrp failed", "owner": "1000", "path": "/stigforge/roles/sle12_stig/meta", "size": 4096, "state": "directory", "uid": 1000}
failed: [localhost] (item=/stigforge/roles/sle12_stig/meta/main.yml) => {"ansible_loop_var": "item", "changed": false, "gid": 1000, "group": "1000", "item": "/stigforge/roles/sle12_stig/meta/main.yml", "mode": "0644", "msg": "chgrp failed", "owner": "1000", "path": "/stigforge/roles/sle12_stig/meta/main.yml", "size": 392, "state": "file", "uid": 1000}
failed: [localhost] (item=/stigforge/roles/sle12_stig/defaults) => {"ansible_loop_var": "item", "changed": false, "gid": 1000, "group": "1000", "item": "/stigforge/roles/sle12_stig/defaults", "mode": "0755", "msg": "chgrp failed", "owner": "1000", "path": "/stigforge/roles/sle12_stig/defaults", "size": 4096, "state": "directory", "uid": 1000}
failed: [localhost] (item=/stigforge/roles/sle12_stig/defaults/main.yml) => {"ansible_loop_var": "item", "changed": false, "gid": 1000, "group": "1000", "item": "/stigforge/roles/sle12_stig/defaults/main.yml", "mode": "0644", "msg": "chgrp failed", "owner": "1000", "path": "/stigforge/roles/sle12_stig/defaults/main.yml", "size": 7857, "state": "file", "uid": 1000}
failed: [localhost] (item=/stigforge/roles/sle12_stig/defaults/rule_toggles.yml) => {"ansible_loop_var": "item", "changed": false, "gid": 1000, "group": "1000", "item": "/stigforge/roles/sle12_stig/defaults/rule_toggles.yml", "mode": "0644", "msg": "chgrp failed", "owner": "1000", "path": "/stigforge/roles/sle12_stig/defaults/rule_toggles.yml", "size": 10283, "state": "file", "uid": 1000}
failed: [localhost] (item=/stigforge/roles/rhel9_stig) => {"ansible_loop_var": "item", "changed": false, "gid": 1000, "group": "1000", "item": "/stigforge/roles/rhel9_stig", "mode": "0755", "msg": "chgrp failed", "owner": "1000", "path": "/stigforge/roles/rhel9_stig", "size": 4096, "state": "directory", "uid": 1000}
failed: [localhost] (item=/stigforge/roles/rhel9_stig/README.md) => {"ansible_loop_var": "item", "changed": false, "gid": 1000, "group": "1000", "item": "/stigforge/roles/rhel9_stig/README.md", "mode": "0644", "msg": "chgrp failed", "owner": "1000", "path": "/stigforge/roles/rhel9_stig/README.md", "size": 741, "state": "file", "uid": 1000}
failed: [localhost] (item=/stigforge/roles/rhel9_stig/tasks) => {"ansible_loop_var": "item", "changed": false, "gid": 1000, "group": "1000", "item": "/stigforge/roles/rhel9_stig/tasks", "mode": "0755", "msg": "chgrp failed", "owner": "1000", "path": "/stigforge/roles/rhel9_stig/tasks", "size": 4096, "state": "directory", "uid": 1000}
failed: [localhost] (item=/stigforge/roles/rhel9_stig/tasks/Cat3) => {"ansible_loop_var": "item", "changed": false, "gid": 1000, "group": "1000", "item": "/stigforge/roles/rhel9_stig/tasks/Cat3", "mode": "0755", "msg": "chgrp failed", "owner": "1000", "path": "/stigforge/roles/rhel9_stig/tasks/Cat3", "size": 4096, "state": "directory", "uid": 1000}
failed: [localhost] (item=/stigforge/roles/rhel9_stig/tasks/Cat3/main.yml) => {"ansible_loop_var": "item", "changed": false, "gid": 1000, "group": "1000", "item": "/stigforge/roles/rhel9_stig/tasks/Cat3/main.yml", "mode": "0644", "msg": "chgrp failed", "owner": "1000", "path": "/stigforge/roles/rhel9_stig/tasks/Cat3/main.yml", "size": 64281, "state": "file", "uid": 1000}
failed: [localhost] (item=/stigforge/roles/rhel9_stig/tasks/stig.yml) => {"ansible_loop_var": "item", "changed": false, "gid": 1000, "group": "1000", "item": "/stigforge/roles/rhel9_stig/tasks/stig.yml", "mode": "0644", "msg": "chgrp failed", "owner": "1000", "path": "/stigforge/roles/rhel9_stig/tasks/stig.yml", "size": 913, "state": "file", "uid": 1000}
failed: [localhost] (item=/stigforge/roles/rhel9_stig/tasks/supplement) => {"ansible_loop_var": "item", "changed": false, "gid": 1000, "group": "1000", "item": "/stigforge/roles/rhel9_stig/tasks/supplement", "mode": "0755", "msg": "chgrp failed", "owner": "1000", "path": "/stigforge/roles/rhel9_stig/tasks/supplement", "size": 4096, "state": "directory", "uid": 1000}
failed: [localhost] (item=/stigforge/roles/rhel9_stig/tasks/supplement/stig.yml) => {"ansible_loop_var": "item", "changed": false, "gid": 1000, "group": "1000", "item": "/stigforge/roles/rhel9_stig/tasks/supplement/stig.yml", "mode": "0644", "msg": "chgrp failed", "owner": "1000", "path": "/stigforge/roles/rhel9_stig/tasks/supplement/stig.yml", "size": 2551, "state": "file", "uid": 1000}
failed: [localhost] (item=/stigforge/roles/rhel9_stig/tasks/main.yml) => {"ansible_loop_var": "item", "changed": false, "gid": 1000, "group": "1000", "item": "/stigforge/roles/rhel9_stig/tasks/main.yml", "mode": "0644", "msg": "chgrp failed", "owner": "1000", "path": "/stigforge/roles/rhel9_stig/tasks/main.yml", "size": 416, "state": "file", "uid": 1000}
failed: [localhost] (item=/stigforge/roles/rhel9_stig/tasks/uncategorized) => {"ansible_loop_var": "item", "changed": false, "gid": 1000, "group": "1000", "item": "/stigforge/roles/rhel9_stig/tasks/uncategorized", "mode": "0755", "msg": "chgrp failed", "owner": "1000", "path": "/stigforge/roles/rhel9_stig/tasks/uncategorized", "size": 4096, "state": "directory", "uid": 1000}
failed: [localhost] (item=/stigforge/roles/rhel9_stig/tasks/uncategorized/main.yml) => {"ansible_loop_var": "item", "changed": false, "gid": 1000, "group": "1000", "item": "/stigforge/roles/rhel9_stig/tasks/uncategorized/main.yml", "mode": "0644", "msg": "chgrp failed", "owner": "1000", "path": "/stigforge/roles/rhel9_stig/tasks/uncategorized/main.yml", "size": 46015, "state": "file", "uid": 1000}
failed: [localhost] (item=/stigforge/roles/rhel9_stig/tasks/prelim.yml) => {"ansible_loop_var": "item", "changed": false, "gid": 1000, "group": "1000", "item": "/stigforge/roles/rhel9_stig/tasks/prelim.yml", "mode": "0644", "msg": "chgrp failed", "owner": "1000", "path": "/stigforge/roles/rhel9_stig/tasks/prelim.yml", "size": 849, "state": "file", "uid": 1000}
failed: [localhost] (item=/stigforge/roles/rhel9_stig/tasks/Cat1) => {"ansible_loop_var": "item", "changed": false, "gid": 1000, "group": "1000", "item": "/stigforge/roles/rhel9_stig/tasks/Cat1", "mode": "0755", "msg": "chgrp failed", "owner": "1000", "path": "/stigforge/roles/rhel9_stig/tasks/Cat1", "size": 4096, "state": "directory", "uid": 1000}
failed: [localhost] (item=/stigforge/roles/rhel9_stig/tasks/Cat1/main.yml) => {"ansible_loop_var": "item", "changed": false, "gid": 1000, "group": "1000", "item": "/stigforge/roles/rhel9_stig/tasks/Cat1/main.yml", "mode": "0644", "msg": "chgrp failed", "owner": "1000", "path": "/stigforge/roles/rhel9_stig/tasks/Cat1/main.yml", "size": 93613, "state": "file", "uid": 1000}
failed: [localhost] (item=/stigforge/roles/rhel9_stig/tasks/Cat2) => {"ansible_loop_var": "item", "changed": false, "gid": 1000, "group": "1000", "item": "/stigforge/roles/rhel9_stig/tasks/Cat2", "mode": "0755", "msg": "chgrp failed", "owner": "1000", "path": "/stigforge/roles/rhel9_stig/tasks/Cat2", "size": 4096, "state": "directory", "uid": 1000}
failed: [localhost] (item=/stigforge/roles/rhel9_stig/tasks/Cat2/main.yml) => {"ansible_loop_var": "item", "changed": false, "gid": 1000, "group": "1000", "item": "/stigforge/roles/rhel9_stig/tasks/Cat2/main.yml", "mode": "0644", "msg": "chgrp failed", "owner": "1000", "path": "/stigforge/roles/rhel9_stig/tasks/Cat2/main.yml", "size": 2563749, "state": "file", "uid": 1000}
failed: [localhost] (item=/stigforge/roles/rhel9_stig/files) => {"ansible_loop_var": "item", "changed": false, "gid": 1000, "group": "1000", "item": "/stigforge/roles/rhel9_stig/files", "mode": "0755", "msg": "chgrp failed", "owner": "1000", "path": "/stigforge/roles/rhel9_stig/files", "size": 4096, "state": "directory", "uid": 1000}
failed: [localhost] (item=/stigforge/roles/rhel9_stig/GENERATED.json) => {"ansible_loop_var": "item", "changed": false, "gid": 1000, "group": "1000", "item": "/stigforge/roles/rhel9_stig/GENERATED.json", "mode": "0644", "msg": "chgrp failed", "owner": "1000", "path": "/stigforge/roles/rhel9_stig/GENERATED.json", "size": 370, "state": "file", "uid": 1000}
failed: [localhost] (item=/stigforge/roles/rhel9_stig/meta) => {"ansible_loop_var": "item", "changed": false, "gid": 1000, "group": "1000", "item": "/stigforge/roles/rhel9_stig/meta", "mode": "0755", "msg": "chgrp failed", "owner": "1000", "path": "/stigforge/roles/rhel9_stig/meta", "size": 4096, "state": "directory", "uid": 1000}
failed: [localhost] (item=/stigforge/roles/rhel9_stig/meta/main.yml) => {"ansible_loop_var": "item", "changed": false, "gid": 1000, "group": "1000", "item": "/stigforge/roles/rhel9_stig/meta/main.yml", "mode": "0644", "msg": "chgrp failed", "owner": "1000", "path": "/stigforge/roles/rhel9_stig/meta/main.yml", "size": 392, "state": "file", "uid": 1000}
failed: [localhost] (item=/stigforge/roles/rhel9_stig/defaults) => {"ansible_loop_var": "item", "changed": false, "gid": 1000, "group": "1000", "item": "/stigforge/roles/rhel9_stig/defaults", "mode": "0755", "msg": "chgrp failed", "owner": "1000", "path": "/stigforge/roles/rhel9_stig/defaults", "size": 4096, "state": "directory", "uid": 1000}
failed: [localhost] (item=/stigforge/roles/rhel9_stig/defaults/main.yml) => {"ansible_loop_var": "item", "changed": false, "gid": 1000, "group": "1000", "item": "/stigforge/roles/rhel9_stig/defaults/main.yml", "mode": "0644", "msg": "chgrp failed", "owner": "1000", "path": "/stigforge/roles/rhel9_stig/defaults/main.yml", "size": 6422, "state": "file", "uid": 1000}
failed: [localhost] (item=/stigforge/roles/rhel9_stig/defaults/rule_toggles.yml) => {"ansible_loop_var": "item", "changed": false, "gid": 1000, "group": "1000", "item": "/stigforge/roles/rhel9_stig/defaults/rule_toggles.yml", "mode": "0644", "msg": "chgrp failed", "owner": "1000", "path": "/stigforge/roles/rhel9_stig/defaults/rule_toggles.yml", "size": 19212, "state": "file", "uid": 1000}
failed: [localhost] (item=/stigforge/roles/al2023_cis) => {"ansible_loop_var": "item", "changed": false, "gid": 1000, "group": "1000", "item": "/stigforge/roles/al2023_cis", "mode": "0755", "msg": "chgrp failed", "owner": "1000", "path": "/stigforge/roles/al2023_cis", "size": 4096, "state": "directory", "uid": 1000}
failed: [localhost] (item=/stigforge/roles/al2023_cis/README.md) => {"ansible_loop_var": "item", "changed": false, "gid": 1000, "group": "1000", "item": "/stigforge/roles/al2023_cis/README.md", "mode": "0644", "msg": "chgrp failed", "owner": "1000", "path": "/stigforge/roles/al2023_cis/README.md", "size": 675, "state": "file", "uid": 1000}
failed: [localhost] (item=/stigforge/roles/al2023_cis/tasks) => {"ansible_loop_var": "item", "changed": false, "gid": 1000, "group": "1000", "item": "/stigforge/roles/al2023_cis/tasks", "mode": "0755", "msg": "chgrp failed", "owner": "1000", "path": "/stigforge/roles/al2023_cis/tasks", "size": 4096, "state": "directory", "uid": 1000}
failed: [localhost] (item=/stigforge/roles/al2023_cis/tasks/cis-l1.yml) => {"ansible_loop_var": "item", "changed": false, "gid": 1000, "group": "1000", "item": "/stigforge/roles/al2023_cis/tasks/cis-l1.yml", "mode": "0644", "msg": "chgrp failed", "owner": "1000", "path": "/stigforge/roles/al2023_cis/tasks/cis-l1.yml", "size": 1197526, "state": "file", "uid": 1000}
failed: [localhost] (item=/stigforge/roles/al2023_cis/tasks/main.yml) => {"ansible_loop_var": "item", "changed": false, "gid": 1000, "group": "1000", "item": "/stigforge/roles/al2023_cis/tasks/main.yml", "mode": "0644", "msg": "chgrp failed", "owner": "1000", "path": "/stigforge/roles/al2023_cis/tasks/main.yml", "size": 333, "state": "file", "uid": 1000}
failed: [localhost] (item=/stigforge/roles/al2023_cis/tasks/cis-l2.yml) => {"ansible_loop_var": "item", "changed": false, "gid": 1000, "group": "1000", "item": "/stigforge/roles/al2023_cis/tasks/cis-l2.yml", "mode": "0644", "msg": "chgrp failed", "owner": "1000", "path": "/stigforge/roles/al2023_cis/tasks/cis-l2.yml", "size": 2119619, "state": "file", "uid": 1000}
failed: [localhost] (item=/stigforge/roles/al2023_cis/tasks/prelim.yml) => {"ansible_loop_var": "item", "changed": false, "gid": 1000, "group": "1000", "item": "/stigforge/roles/al2023_cis/tasks/prelim.yml", "mode": "0644", "msg": "chgrp failed", "owner": "1000", "path": "/stigforge/roles/al2023_cis/tasks/prelim.yml", "size": 70, "state": "file", "uid": 1000}
failed: [localhost] (item=/stigforge/roles/al2023_cis/files) => {"ansible_loop_var": "item", "changed": false, "gid": 1000, "group": "1000", "item": "/stigforge/roles/al2023_cis/files", "mode": "0755", "msg": "chgrp failed", "owner": "1000", "path": "/stigforge/roles/al2023_cis/files", "size": 4096, "state": "directory", "uid": 1000}
failed: [localhost] (item=/stigforge/roles/al2023_cis/GENERATED.json) => {"ansible_loop_var": "item", "changed": false, "gid": 1000, "group": "1000", "item": "/stigforge/roles/al2023_cis/GENERATED.json", "mode": "0644", "msg": "chgrp failed", "owner": "1000", "path": "/stigforge/roles/al2023_cis/GENERATED.json", "size": 532, "state": "file", "uid": 1000}
failed: [localhost] (item=/stigforge/roles/al2023_cis/meta) => {"ansible_loop_var": "item", "changed": false, "gid": 1000, "group": "1000", "item": "/stigforge/roles/al2023_cis/meta", "mode": "0755", "msg": "chgrp failed", "owner": "1000", "path": "/stigforge/roles/al2023_cis/meta", "size": 4096, "state": "directory", "uid": 1000}
failed: [localhost] (item=/stigforge/roles/al2023_cis/meta/main.yml) => {"ansible_loop_var": "item", "changed": false, "gid": 1000, "group": "1000", "item": "/stigforge/roles/al2023_cis/meta/main.yml", "mode": "0644", "msg": "chgrp failed", "owner": "1000", "path": "/stigforge/roles/al2023_cis/meta/main.yml", "size": 392, "state": "file", "uid": 1000}
failed: [localhost] (item=/stigforge/roles/al2023_cis/defaults) => {"ansible_loop_var": "item", "changed": false, "gid": 1000, "group": "1000", "item": "/stigforge/roles/al2023_cis/defaults", "mode": "0755", "msg": "chgrp failed", "owner": "1000", "path": "/stigforge/roles/al2023_cis/defaults", "size": 4096, "state": "directory", "uid": 1000}
failed: [localhost] (item=/stigforge/roles/al2023_cis/defaults/main.yml) => {"ansible_loop_var": "item", "changed": false, "gid": 1000, "group": "1000", "item": "/stigforge/roles/al2023_cis/defaults/main.yml", "mode": "0644", "msg": "chgrp failed", "owner": "1000", "path": "/stigforge/roles/al2023_cis/defaults/main.yml", "size": 3238, "state": "file", "uid": 1000}
failed: [localhost] (item=/stigforge/roles/al2023_cis/defaults/rule_toggles.yml) => {"ansible_loop_var": "item", "changed": false, "gid": 1000, "group": "1000", "item": "/stigforge/roles/al2023_cis/defaults/rule_toggles.yml", "mode": "0644", "msg": "chgrp failed", "owner": "1000", "path": "/stigforge/roles/al2023_cis/defaults/rule_toggles.yml", "size": 14796, "state": "file", "uid": 1000}
failed: [localhost] (item=/stigforge/roles/ubuntu22_stig) => {"ansible_loop_var": "item", "changed": false, "gid": 1000, "group": "1000", "item": "/stigforge/roles/ubuntu22_stig", "mode": "0755", "msg": "chgrp failed", "owner": "1000", "path": "/stigforge/roles/ubuntu22_stig", "size": 4096, "state": "directory", "uid": 1000}
failed: [localhost] (item=/stigforge/roles/ubuntu22_stig/README.md) => {"ansible_loop_var": "item", "changed": false, "gid": 1000, "group": "1000", "item": "/stigforge/roles/ubuntu22_stig/README.md", "mode": "0644", "msg": "chgrp failed", "owner": "1000", "path": "/stigforge/roles/ubuntu22_stig/README.md", "size": 675, "state": "file", "uid": 1000}
failed: [localhost] (item=/stigforge/roles/ubuntu22_stig/tasks) => {"ansible_loop_var": "item", "changed": false, "gid": 1000, "group": "1000", "item": "/stigforge/roles/ubuntu22_stig/tasks", "mode": "0755", "msg": "chgrp failed", "owner": "1000", "path": "/stigforge/roles/ubuntu22_stig/tasks", "size": 4096, "state": "directory", "uid": 1000}
failed: [localhost] (item=/stigforge/roles/ubuntu22_stig/tasks/stig.yml) => {"ansible_loop_var": "item", "changed": false, "gid": 1000, "group": "1000", "item": "/stigforge/roles/ubuntu22_stig/tasks/stig.yml", "mode": "0644", "msg": "chgrp failed", "owner": "1000", "path": "/stigforge/roles/ubuntu22_stig/tasks/stig.yml", "size": 1398061, "state": "file", "uid": 1000}
failed: [localhost] (item=/stigforge/roles/ubuntu22_stig/tasks/supplement) => {"ansible_loop_var": "item", "changed": false, "gid": 1000, "group": "1000", "item": "/stigforge/roles/ubuntu22_stig/tasks/supplement", "mode": "0755", "msg": "chgrp failed", "owner": "1000", "path": "/stigforge/roles/ubuntu22_stig/tasks/supplement", "size": 4096, "state": "directory", "uid": 1000}
failed: [localhost] (item=/stigforge/roles/ubuntu22_stig/tasks/supplement/stig.yml) => {"ansible_loop_var": "item", "changed": false, "gid": 1000, "group": "1000", "item": "/stigforge/roles/ubuntu22_stig/tasks/supplement/stig.yml", "mode": "0644", "msg": "chgrp failed", "owner": "1000", "path": "/stigforge/roles/ubuntu22_stig/tasks/supplement/stig.yml", "size": 10712, "state": "file", "uid": 1000}
failed: [localhost] (item=/stigforge/roles/ubuntu22_stig/tasks/main.yml) => {"ansible_loop_var": "item", "changed": false, "gid": 1000, "group": "1000", "item": "/stigforge/roles/ubuntu22_stig/tasks/main.yml", "mode": "0644", "msg": "chgrp failed", "owner": "1000", "path": "/stigforge/roles/ubuntu22_stig/tasks/main.yml", "size": 339, "state": "file", "uid": 1000}
failed: [localhost] (item=/stigforge/roles/ubuntu22_stig/tasks/prelim.yml) => {"ansible_loop_var": "item", "changed": false, "gid": 1000, "group": "1000", "item": "/stigforge/roles/ubuntu22_stig/tasks/prelim.yml", "mode": "0644", "msg": "chgrp failed", "owner": "1000", "path": "/stigforge/roles/ubuntu22_stig/tasks/prelim.yml", "size": 70, "state": "file", "uid": 1000}
failed: [localhost] (item=/stigforge/roles/ubuntu22_stig/files) => {"ansible_loop_var": "item", "changed": false, "gid": 1000, "group": "1000", "item": "/stigforge/roles/ubuntu22_stig/files", "mode": "0755", "msg": "chgrp failed", "owner": "1000", "path": "/stigforge/roles/ubuntu22_stig/files", "size": 4096, "state": "directory", "uid": 1000}
failed: [localhost] (item=/stigforge/roles/ubuntu22_stig/GENERATED.json) => {"ansible_loop_var": "item", "changed": false, "gid": 1000, "group": "1000", "item": "/stigforge/roles/ubuntu22_stig/GENERATED.json", "mode": "0644", "msg": "chgrp failed", "owner": "1000", "path": "/stigforge/roles/ubuntu22_stig/GENERATED.json", "size": 265, "state": "file", "uid": 1000}
failed: [localhost] (item=/stigforge/roles/ubuntu22_stig/meta) => {"ansible_loop_var": "item", "changed": false, "gid": 1000, "group": "1000", "item": "/stigforge/roles/ubuntu22_stig/meta", "mode": "0755", "msg": "chgrp failed", "owner": "1000", "path": "/stigforge/roles/ubuntu22_stig/meta", "size": 4096, "state": "directory", "uid": 1000}
failed: [localhost] (item=/stigforge/roles/ubuntu22_stig/meta/main.yml) => {"ansible_loop_var": "item", "changed": false, "gid": 1000, "group": "1000", "item": "/stigforge/roles/ubuntu22_stig/meta/main.yml", "mode": "0644", "msg": "chgrp failed", "owner": "1000", "path": "/stigforge/roles/ubuntu22_stig/meta/main.yml", "size": 398, "state": "file", "uid": 1000}
failed: [localhost] (item=/stigforge/roles/ubuntu22_stig/defaults) => {"ansible_loop_var": "item", "changed": false, "gid": 1000, "group": "1000", "item": "/stigforge/roles/ubuntu22_stig/defaults", "mode": "0755", "msg": "chgrp failed", "owner": "1000", "path": "/stigforge/roles/ubuntu22_stig/defaults", "size": 4096, "state": "directory", "uid": 1000}
failed: [localhost] (item=/stigforge/roles/ubuntu22_stig/defaults/main.yml) => {"ansible_loop_var": "item", "changed": false, "gid": 1000, "group": "1000", "item": "/stigforge/roles/ubuntu22_stig/defaults/main.yml", "mode": "0644", "msg": "chgrp failed", "owner": "1000", "path": "/stigforge/roles/ubuntu22_stig/defaults/main.yml", "size": 2578, "state": "file", "uid": 1000}
failed: [localhost] (item=/stigforge/roles/ubuntu22_stig/defaults/rule_toggles.yml) => {"ansible_loop_var": "item", "changed": false, "gid": 1000, "group": "1000", "item": "/stigforge/roles/ubuntu22_stig/defaults/rule_toggles.yml", "mode": "0644", "msg": "chgrp failed", "owner": "1000", "path": "/stigforge/roles/ubuntu22_stig/defaults/rule_toggles.yml", "size": 9104, "state": "file", "uid": 1000}
failed: [localhost] (item=/stigforge/roles/ol9_stig) => {"ansible_loop_var": "item", "changed": false, "gid": 1000, "group": "1000", "item": "/stigforge/roles/ol9_stig", "mode": "0755", "msg": "chgrp failed", "owner": "1000", "path": "/stigforge/roles/ol9_stig", "size": 4096, "state": "directory", "uid": 1000}
failed: [localhost] (item=/stigforge/roles/ol9_stig/README.md) => {"ansible_loop_var": "item", "changed": false, "gid": 1000, "group": "1000", "item": "/stigforge/roles/ol9_stig/README.md", "mode": "0644", "msg": "chgrp failed", "owner": "1000", "path": "/stigforge/roles/ol9_stig/README.md", "size": 658, "state": "file", "uid": 1000}
failed: [localhost] (item=/stigforge/roles/ol9_stig/tasks) => {"ansible_loop_var": "item", "changed": false, "gid": 1000, "group": "1000", "item": "/stigforge/roles/ol9_stig/tasks", "mode": "0755", "msg": "chgrp failed", "owner": "1000", "path": "/stigforge/roles/ol9_stig/tasks", "size": 4096, "state": "directory", "uid": 1000}
failed: [localhost] (item=/stigforge/roles/ol9_stig/tasks/stig.yml) => {"ansible_loop_var": "item", "changed": false, "gid": 1000, "group": "1000", "item": "/stigforge/roles/ol9_stig/tasks/stig.yml", "mode": "0644", "msg": "chgrp failed", "owner": "1000", "path": "/stigforge/roles/ol9_stig/tasks/stig.yml", "size": 3135575, "state": "file", "uid": 1000}
failed: [localhost] (item=/stigforge/roles/ol9_stig/tasks/supplement) => {"ansible_loop_var": "item", "changed": false, "gid": 1000, "group": "1000", "item": "/stigforge/roles/ol9_stig/tasks/supplement", "mode": "0755", "msg": "chgrp failed", "owner": "1000", "path": "/stigforge/roles/ol9_stig/tasks/supplement", "size": 4096, "state": "directory", "uid": 1000}
failed: [localhost] (item=/stigforge/roles/ol9_stig/tasks/supplement/stig.yml) => {"ansible_loop_var": "item", "changed": false, "gid": 1000, "group": "1000", "item": "/stigforge/roles/ol9_stig/tasks/supplement/stig.yml", "mode": "0644", "msg": "chgrp failed", "owner": "1000", "path": "/stigforge/roles/ol9_stig/tasks/supplement/stig.yml", "size": 1507, "state": "file", "uid": 1000}
failed: [localhost] (item=/stigforge/roles/ol9_stig/tasks/main.yml) => {"ansible_loop_var": "item", "changed": false, "gid": 1000, "group": "1000", "item": "/stigforge/roles/ol9_stig/tasks/main.yml", "mode": "0644", "msg": "chgrp failed", "owner": "1000", "path": "/stigforge/roles/ol9_stig/tasks/main.yml", "size": 329, "state": "file", "uid": 1000}
failed: [localhost] (item=/stigforge/roles/ol9_stig/tasks/prelim.yml) => {"ansible_loop_var": "item", "changed": false, "gid": 1000, "group": "1000", "item": "/stigforge/roles/ol9_stig/tasks/prelim.yml", "mode": "0644", "msg": "chgrp failed", "owner": "1000", "path": "/stigforge/roles/ol9_stig/tasks/prelim.yml", "size": 70, "state": "file", "uid": 1000}
failed: [localhost] (item=/stigforge/roles/ol9_stig/files) => {"ansible_loop_var": "item", "changed": false, "gid": 1000, "group": "1000", "item": "/stigforge/roles/ol9_stig/files", "mode": "0755", "msg": "chgrp failed", "owner": "1000", "path": "/stigforge/roles/ol9_stig/files", "size": 4096, "state": "directory", "uid": 1000}
failed: [localhost] (item=/stigforge/roles/ol9_stig/GENERATED.json) => {"ansible_loop_var": "item", "changed": false, "gid": 1000, "group": "1000", "item": "/stigforge/roles/ol9_stig/GENERATED.json", "mode": "0644", "msg": "chgrp failed", "owner": "1000", "path": "/stigforge/roles/ol9_stig/GENERATED.json", "size": 257, "state": "file", "uid": 1000}
failed: [localhost] (item=/stigforge/roles/ol9_stig/meta) => {"ansible_loop_var": "item", "changed": false, "gid": 1000, "group": "1000", "item": "/stigforge/roles/ol9_stig/meta", "mode": "0755", "msg": "chgrp failed", "owner": "1000", "path": "/stigforge/roles/ol9_stig/meta", "size": 4096, "state": "directory", "uid": 1000}
failed: [localhost] (item=/stigforge/roles/ol9_stig/meta/main.yml) => {"ansible_loop_var": "item", "changed": false, "gid": 1000, "group": "1000", "item": "/stigforge/roles/ol9_stig/meta/main.yml", "mode": "0644", "msg": "chgrp failed", "owner": "1000", "path": "/stigforge/roles/ol9_stig/meta/main.yml", "size": 388, "state": "file", "uid": 1000}
failed: [localhost] (item=/stigforge/roles/ol9_stig/defaults) => {"ansible_loop_var": "item", "changed": false, "gid": 1000, "group": "1000", "item": "/stigforge/roles/ol9_stig/defaults", "mode": "0755", "msg": "chgrp failed", "owner": "1000", "path": "/stigforge/roles/ol9_stig/defaults", "size": 4096, "state": "directory", "uid": 1000}
failed: [localhost] (item=/stigforge/roles/ol9_stig/defaults/main.yml) => {"ansible_loop_var": "item", "changed": false, "gid": 1000, "group": "1000", "item": "/stigforge/roles/ol9_stig/defaults/main.yml", "mode": "0644", "msg": "chgrp failed", "owner": "1000", "path": "/stigforge/roles/ol9_stig/defaults/main.yml", "size": 6535, "state": "file", "uid": 1000}
failed: [localhost] (item=/stigforge/roles/ol9_stig/defaults/rule_toggles.yml) => {"ansible_loop_var": "item", "changed": false, "gid": 1000, "group": "1000", "item": "/stigforge/roles/ol9_stig/defaults/rule_toggles.yml", "mode": "0644", "msg": "chgrp failed", "owner": "1000", "path": "/stigforge/roles/ol9_stig/defaults/rule_toggles.yml", "size": 18985, "state": "file", "uid": 1000}
failed: [localhost] (item=/stigforge/roles/fedora_cis) => {"ansible_loop_var": "item", "changed": false, "gid": 1000, "group": "1000", "item": "/stigforge/roles/fedora_cis", "mode": "0755", "msg": "chgrp failed", "owner": "1000", "path": "/stigforge/roles/fedora_cis", "size": 4096, "state": "directory", "uid": 1000}
failed: [localhost] (item=/stigforge/roles/fedora_cis/README.md) => {"ansible_loop_var": "item", "changed": false, "gid": 1000, "group": "1000", "item": "/stigforge/roles/fedora_cis/README.md", "mode": "0644", "msg": "chgrp failed", "owner": "1000", "path": "/stigforge/roles/fedora_cis/README.md", "size": 701, "state": "file", "uid": 1000}
failed: [localhost] (item=/stigforge/roles/fedora_cis/tasks) => {"ansible_loop_var": "item", "changed": false, "gid": 1000, "group": "1000", "item": "/stigforge/roles/fedora_cis/tasks", "mode": "0755", "msg": "chgrp failed", "owner": "1000", "path": "/stigforge/roles/fedora_cis/tasks", "size": 4096, "state": "directory", "uid": 1000}
failed: [localhost] (item=/stigforge/roles/fedora_cis/tasks/cis-l1.yml) => {"ansible_loop_var": "item", "changed": false, "gid": 1000, "group": "1000", "item": "/stigforge/roles/fedora_cis/tasks/cis-l1.yml", "mode": "0644", "msg": "chgrp failed", "owner": "1000", "path": "/stigforge/roles/fedora_cis/tasks/cis-l1.yml", "size": 1409319, "state": "file", "uid": 1000}
failed: [localhost] (item=/stigforge/roles/fedora_cis/tasks/main.yml) => {"ansible_loop_var": "item", "changed": false, "gid": 1000, "group": "1000", "item": "/stigforge/roles/fedora_cis/tasks/main.yml", "mode": "0644", "msg": "chgrp failed", "owner": "1000", "path": "/stigforge/roles/fedora_cis/tasks/main.yml", "size": 333, "state": "file", "uid": 1000}
failed: [localhost] (item=/stigforge/roles/fedora_cis/tasks/cis-ws-l1.yml) => {"ansible_loop_var": "item", "changed": false, "gid": 1000, "group": "1000", "item": "/stigforge/roles/fedora_cis/tasks/cis-ws-l1.yml", "mode": "0644", "msg": "chgrp failed", "owner": "1000", "path": "/stigforge/roles/fedora_cis/tasks/cis-ws-l1.yml", "size": 1415167, "state": "file", "uid": 1000}
failed: [localhost] (item=/stigforge/roles/fedora_cis/tasks/cis-l2.yml) => {"ansible_loop_var": "item", "changed": false, "gid": 1000, "group": "1000", "item": "/stigforge/roles/fedora_cis/tasks/cis-l2.yml", "mode": "0644", "msg": "chgrp failed", "owner": "1000", "path": "/stigforge/roles/fedora_cis/tasks/cis-l2.yml", "size": 2502057, "state": "file", "uid": 1000}
failed: [localhost] (item=/stigforge/roles/fedora_cis/tasks/prelim.yml) => {"ansible_loop_var": "item", "changed": false, "gid": 1000, "group": "1000", "item": "/stigforge/roles/fedora_cis/tasks/prelim.yml", "mode": "0644", "msg": "chgrp failed", "owner": "1000", "path": "/stigforge/roles/fedora_cis/tasks/prelim.yml", "size": 70, "state": "file", "uid": 1000}
failed: [localhost] (item=/stigforge/roles/fedora_cis/tasks/cis-ws-l2.yml) => {"ansible_loop_var": "item", "changed": false, "gid": 1000, "group": "1000", "item": "/stigforge/roles/fedora_cis/tasks/cis-ws-l2.yml", "mode": "0644", "msg": "chgrp failed", "owner": "1000", "path": "/stigforge/roles/fedora_cis/tasks/cis-ws-l2.yml", "size": 2494474, "state": "file", "uid": 1000}
failed: [localhost] (item=/stigforge/roles/fedora_cis/files) => {"ansible_loop_var": "item", "changed": false, "gid": 1000, "group": "1000", "item": "/stigforge/roles/fedora_cis/files", "mode": "0755", "msg": "chgrp failed", "owner": "1000", "path": "/stigforge/roles/fedora_cis/files", "size": 4096, "state": "directory", "uid": 1000}
failed: [localhost] (item=/stigforge/roles/fedora_cis/GENERATED.json) => {"ansible_loop_var": "item", "changed": false, "gid": 1000, "group": "1000", "item": "/stigforge/roles/fedora_cis/GENERATED.json", "mode": "0644", "msg": "chgrp failed", "owner": "1000", "path": "/stigforge/roles/fedora_cis/GENERATED.json", "size": 1097, "state": "file", "uid": 1000}
failed: [localhost] (item=/stigforge/roles/fedora_cis/meta) => {"ansible_loop_var": "item", "changed": false, "gid": 1000, "group": "1000", "item": "/stigforge/roles/fedora_cis/meta", "mode": "0755", "msg": "chgrp failed", "owner": "1000", "path": "/stigforge/roles/fedora_cis/meta", "size": 4096, "state": "directory", "uid": 1000}
failed: [localhost] (item=/stigforge/roles/fedora_cis/meta/main.yml) => {"ansible_loop_var": "item", "changed": false, "gid": 1000, "group": "1000", "item": "/stigforge/roles/fedora_cis/meta/main.yml", "mode": "0644", "msg": "chgrp failed", "owner": "1000", "path": "/stigforge/roles/fedora_cis/meta/main.yml", "size": 392, "state": "file", "uid": 1000}
failed: [localhost] (item=/stigforge/roles/fedora_cis/defaults) => {"ansible_loop_var": "item", "changed": false, "gid": 1000, "group": "1000", "item": "/stigforge/roles/fedora_cis/defaults", "mode": "0755", "msg": "chgrp failed", "owner": "1000", "path": "/stigforge/roles/fedora_cis/defaults", "size": 4096, "state": "directory", "uid": 1000}
failed: [localhost] (item=/stigforge/roles/fedora_cis/defaults/main.yml) => {"ansible_loop_var": "item", "changed": false, "gid": 1000, "group": "1000", "item": "/stigforge/roles/fedora_cis/defaults/main.yml", "mode": "0644", "msg": "chgrp failed", "owner": "1000", "path": "/stigforge/roles/fedora_cis/defaults/main.yml", "size": 3485, "state": "file", "uid": 1000}
failed: [localhost] (item=/stigforge/roles/fedora_cis/defaults/rule_toggles.yml) => {"ansible_loop_var": "item", "changed": false, "gid": 1000, "group": "1000", "item": "/stigforge/roles/fedora_cis/defaults/rule_toggles.yml", "mode": "0644", "msg": "chgrp failed", "owner": "1000", "path": "/stigforge/roles/fedora_cis/defaults/rule_toggles.yml", "size": 18251, "state": "file", "uid": 1000}
failed: [localhost] (item=/stigforge/policy) => {"ansible_loop_var": "item", "changed": false, "gid": 1000, "group": "1000", "item": "/stigforge/policy", "mode": "0755", "msg": "chgrp failed", "owner": "1000", "path": "/stigforge/policy", "size": 4096, "state": "directory", "uid": 1000}
failed: [localhost] (item=/stigforge/policy/baselines) => {"ansible_loop_var": "item", "changed": false, "gid": 1000, "group": "1000", "item": "/stigforge/policy/baselines", "mode": "0755", "msg": "chgrp failed", "owner": "1000", "path": "/stigforge/policy/baselines", "size": 4096, "state": "directory", "uid": 1000}
failed: [localhost] (item=/stigforge/policy/baselines/README.md) => {"ansible_loop_var": "item", "changed": false, "gid": 1000, "group": "1000", "item": "/stigforge/policy/baselines/README.md", "mode": "0644", "msg": "chgrp failed", "owner": "1000", "path": "/stigforge/policy/baselines/README.md", "size": 1043, "state": "file", "uid": 1000}
failed: [localhost] (item=/stigforge/policy/stigapplied-baselines.yml) => {"ansible_loop_var": "item", "changed": false, "gid": 1000, "group": "1000", "item": "/stigforge/policy/stigapplied-baselines.yml", "mode": "0644", "msg": "chgrp failed", "owner": "1000", "path": "/stigforge/policy/stigapplied-baselines.yml", "size": 2090, "state": "file", "uid": 1000}
failed: [localhost] (item=/stigforge/policy/products) => {"ansible_loop_var": "item", "changed": false, "gid": 1000, "group": "1000", "item": "/stigforge/policy/products", "mode": "0755", "msg": "chgrp failed", "owner": "1000", "path": "/stigforge/policy/products", "size": 4096, "state": "directory", "uid": 1000}
failed: [localhost] (item=/stigforge/policy/products/ubuntu24_stig.yml) => {"ansible_loop_var": "item", "changed": false, "gid": 1000, "group": "1000", "item": "/stigforge/policy/products/ubuntu24_stig.yml", "mode": "0644", "msg": "chgrp failed", "owner": "1000", "path": "/stigforge/policy/products/ubuntu24_stig.yml", "size": 72, "state": "file", "uid": 1000}
failed: [localhost] (item=/stigforge/policy/products/rhel9_stig.yml) => {"ansible_loop_var": "item", "changed": false, "gid": 1000, "group": "1000", "item": "/stigforge/policy/products/rhel9_stig.yml", "mode": "0644", "msg": "chgrp failed", "owner": "1000", "path": "/stigforge/policy/products/rhel9_stig.yml", "size": 356, "state": "file", "uid": 1000}
failed: [localhost] (item=/stigforge/policy/cloud-ami.yml) => {"ansible_loop_var": "item", "changed": false, "gid": 1000, "group": "1000", "item": "/stigforge/policy/cloud-ami.yml", "mode": "0644", "msg": "chgrp failed", "owner": "1000", "path": "/stigforge/policy/cloud-ami.yml", "size": 1785, "state": "file", "uid": 1000}
failed: [localhost] (item=/stigforge/generator) => {"ansible_loop_var": "item", "changed": false, "gid": 1000, "group": "1000", "item": "/stigforge/generator", "mode": "0755", "msg": "chgrp failed", "owner": "1000", "path": "/stigforge/generator", "size": 4096, "state": "directory", "uid": 1000}
failed: [localhost] (item=/stigforge/generator/ssg_root.py) => {"ansible_loop_var": "item", "changed": false, "gid": 1000, "group": "1000", "item": "/stigforge/generator/ssg_root.py", "mode": "0644", "msg": "chgrp failed", "owner": "1000", "path": "/stigforge/generator/ssg_root.py", "size": 825, "state": "file", "uid": 1000}
failed: [localhost] (item=/stigforge/generator/retrospective.py) => {"ansible_loop_var": "item", "changed": false, "gid": 1000, "group": "1000", "item": "/stigforge/generator/retrospective.py", "mode": "0644", "msg": "chgrp failed", "owner": "1000", "path": "/stigforge/generator/retrospective.py", "size": 6995, "state": "file", "uid": 1000}
failed: [localhost] (item=/stigforge/generator/generate_role.py) => {"ansible_loop_var": "item", "changed": false, "gid": 1000, "group": "1000", "item": "/stigforge/generator/generate_role.py", "mode": "0644", "msg": "chgrp failed", "owner": "1000", "path": "/stigforge/generator/generate_role.py", "size": 17141, "state": "file", "uid": 1000}
failed: [localhost] (item=/stigforge/generator/coverage.py) => {"ansible_loop_var": "item", "changed": false, "gid": 1000, "group": "1000", "item": "/stigforge/generator/coverage.py", "mode": "0644", "msg": "chgrp failed", "owner": "1000", "path": "/stigforge/generator/coverage.py", "size": 6355, "state": "file", "uid": 1000}
failed: [localhost] (item=/stigforge/generator/ingest_disa.py) => {"ansible_loop_var": "item", "changed": false, "gid": 1000, "group": "1000", "item": "/stigforge/generator/ingest_disa.py", "mode": "0644", "msg": "chgrp failed", "owner": "1000", "path": "/stigforge/generator/ingest_disa.py", "size": 5796, "state": "file", "uid": 1000}
failed: [localhost] (item=/stigforge/generator/readme_scores.py) => {"ansible_loop_var": "item", "changed": false, "gid": 1000, "group": "1000", "item": "/stigforge/generator/readme_scores.py", "mode": "0644", "msg": "chgrp failed", "owner": "1000", "path": "/stigforge/generator/readme_scores.py", "size": 1701, "state": "file", "uid": 1000}
failed: [localhost] (item=/stigforge/generator/matrix_loader.py) => {"ansible_loop_var": "item", "changed": false, "gid": 1000, "group": "1000", "item": "/stigforge/generator/matrix_loader.py", "mode": "0644", "msg": "chgrp failed", "owner": "1000", "path": "/stigforge/generator/matrix_loader.py", "size": 1096, "state": "file", "uid": 1000}
failed: [localhost] (item=/stigforge/generator/score_weekly.py) => {"ansible_loop_var": "item", "changed": false, "gid": 1000, "group": "1000", "item": "/stigforge/generator/score_weekly.py", "mode": "0644", "msg": "chgrp failed", "owner": "1000", "path": "/stigforge/generator/score_weekly.py", "size": 8276, "state": "file", "uid": 1000}
failed: [localhost] (item=/stigforge/generator/poam_classify.py) => {"ansible_loop_var": "item", "changed": false, "gid": 1000, "group": "1000", "item": "/stigforge/generator/poam_classify.py", "mode": "0644", "msg": "chgrp failed", "owner": "1000", "path": "/stigforge/generator/poam_classify.py", "size": 2584, "state": "file", "uid": 1000}
failed: [localhost] (item=/stigforge/generator/rule_toggles.py) => {"ansible_loop_var": "item", "changed": false, "gid": 1000, "group": "1000", "item": "/stigforge/generator/rule_toggles.py", "mode": "0644", "msg": "chgrp failed", "owner": "1000", "path": "/stigforge/generator/rule_toggles.py", "size": 4500, "state": "file", "uid": 1000}
failed: [localhost] (item=/stigforge/generator/repair.py) => {"ansible_loop_var": "item", "changed": false, "gid": 1000, "group": "1000", "item": "/stigforge/generator/repair.py", "mode": "0644", "msg": "chgrp failed", "owner": "1000", "path": "/stigforge/generator/repair.py", "size": 1940, "state": "file", "uid": 1000}
failed: [localhost] (item=/stigforge/generator/evidence.py) => {"ansible_loop_var": "item", "changed": false, "gid": 1000, "group": "1000", "item": "/stigforge/generator/evidence.py", "mode": "0644", "msg": "chgrp failed", "owner": "1000", "path": "/stigforge/generator/evidence.py", "size": 4465, "state": "file", "uid": 1000}
failed: [localhost] (item=/stigforge/generator/release_galaxy.py) => {"ansible_loop_var": "item", "changed": false, "gid": 1000, "group": "1000", "item": "/stigforge/generator/release_galaxy.py", "mode": "0644", "msg": "chgrp failed", "owner": "1000", "path": "/stigforge/generator/release_galaxy.py", "size": 3061, "state": "file", "uid": 1000}
failed: [localhost] (item=/stigforge/generator/release_prove.py) => {"ansible_loop_var": "item", "changed": false, "gid": 1000, "group": "1000", "item": "/stigforge/generator/release_prove.py", "mode": "0644", "msg": "chgrp failed", "owner": "1000", "path": "/stigforge/generator/release_prove.py", "size": 3497, "state": "file", "uid": 1000}
failed: [localhost] (item=/stigforge/generator/sync_ssg.py) => {"ansible_loop_var": "item", "changed": false, "gid": 1000, "group": "1000", "item": "/stigforge/generator/sync_ssg.py", "mode": "0644", "msg": "chgrp failed", "owner": "1000", "path": "/stigforge/generator/sync_ssg.py", "size": 3569, "state": "file", "uid": 1000}
failed: [localhost] (item=/stigforge/generator/matrix_sync.py) => {"ansible_loop_var": "item", "changed": false, "gid": 1000, "group": "1000", "item": "/stigforge/generator/matrix_sync.py", "mode": "0644", "msg": "chgrp failed", "owner": "1000", "path": "/stigforge/generator/matrix_sync.py", "size": 4724, "state": "file", "uid": 1000}
failed: [localhost] (item=/stigforge/generator/layout_v2.py) => {"ansible_loop_var": "item", "changed": false, "gid": 1000, "group": "1000", "item": "/stigforge/generator/layout_v2.py", "mode": "0644", "msg": "chgrp failed", "owner": "1000", "path": "/stigforge/generator/layout_v2.py", "size": 5784, "state": "file", "uid": 1000}
failed: [localhost] (item=/stigforge/generator/__pycache__) => {"ansible_loop_var": "item", "changed": false, "gid": 1000, "group": "1000", "item": "/stigforge/generator/__pycache__", "mode": "0755", "msg": "chgrp failed", "owner": "1000", "path": "/stigforge/generator/__pycache__", "size": 4096, "state": "directory", "uid": 1000}
failed: [localhost] (item=/stigforge/generator/__pycache__/score_weekly.cpython-312.pyc) => {"ansible_loop_var": "item", "changed": false, "gid": 1000, "group": "1000", "item": "/stigforge/generator/__pycache__/score_weekly.cpython-312.pyc", "mode": "0644", "msg": "chgrp failed", "owner": "1000", "path": "/stigforge/generator/__pycache__/score_weekly.cpython-312.pyc", "size": 11604, "state": "file", "uid": 1000}
failed: [localhost] (item=/stigforge/generator/__pycache__/status_report.cpython-312.pyc) => {"ansible_loop_var": "item", "changed": false, "gid": 1000, "group": "1000", "item": "/stigforge/generator/__pycache__/status_report.cpython-312.pyc", "mode": "0644", "msg": "chgrp failed", "owner": "1000", "path": "/stigforge/generator/__pycache__/status_report.cpython-312.pyc", "size": 34621, "state": "file", "uid": 1000}
failed: [localhost] (item=/stigforge/generator/__pycache__/rule_toggles.cpython-312.pyc) => {"ansible_loop_var": "item", "changed": false, "gid": 1000, "group": "1000", "item": "/stigforge/generator/__pycache__/rule_toggles.cpython-312.pyc", "mode": "0644", "msg": "chgrp failed", "owner": "1000", "path": "/stigforge/generator/__pycache__/rule_toggles.cpython-312.pyc", "size": 6022, "state": "file", "uid": 1000}
failed: [localhost] (item=/stigforge/generator/__pycache__/__init__.cpython-312.pyc) => {"ansible_loop_var": "item", "changed": false, "gid": 1000, "group": "1000", "item": "/stigforge/generator/__pycache__/__init__.cpython-312.pyc", "mode": "0644", "msg": "chgrp failed", "owner": "1000", "path": "/stigforge/generator/__pycache__/__init__.cpython-312.pyc", "size": 354, "state": "file", "uid": 1000}
failed: [localhost] (item=/stigforge/generator/__pycache__/matrix_sync.cpython-312.pyc) => {"ansible_loop_var": "item", "changed": false, "gid": 1000, "group": "1000", "item": "/stigforge/generator/__pycache__/matrix_sync.cpython-312.pyc", "mode": "0644", "msg": "chgrp failed", "owner": "1000", "path": "/stigforge/generator/__pycache__/matrix_sync.cpython-312.pyc", "size": 6562, "state": "file", "uid": 1000}
failed: [localhost] (item=/stigforge/generator/__pycache__/evidence.cpython-312.pyc) => {"ansible_loop_var": "item", "changed": false, "gid": 1000, "group": "1000", "item": "/stigforge/generator/__pycache__/evidence.cpython-312.pyc", "mode": "0644", "msg": "chgrp failed", "owner": "1000", "path": "/stigforge/generator/__pycache__/evidence.cpython-312.pyc", "size": 6648, "state": "file", "uid": 1000}
failed: [localhost] (item=/stigforge/generator/__pycache__/sync_ssg.cpython-312.pyc) => {"ansible_loop_var": "item", "changed": false, "gid": 1000, "group": "1000", "item": "/stigforge/generator/__pycache__/sync_ssg.cpython-312.pyc", "mode": "0644", "msg": "chgrp failed", "owner": "1000", "path": "/stigforge/generator/__pycache__/sync_ssg.cpython-312.pyc", "size": 4657, "state": "file", "uid": 1000}
failed: [localhost] (item=/stigforge/generator/__pycache__/map_rules.cpython-312.pyc) => {"ansible_loop_var": "item", "changed": false, "gid": 1000, "group": "1000", "item": "/stigforge/generator/__pycache__/map_rules.cpython-312.pyc", "mode": "0644", "msg": "chgrp failed", "owner": "1000", "path": "/stigforge/generator/__pycache__/map_rules.cpython-312.pyc", "size": 3758, "state": "file", "uid": 1000}
failed: [localhost] (item=/stigforge/generator/__pycache__/repair.cpython-312.pyc) => {"ansible_loop_var": "item", "changed": false, "gid": 1000, "group": "1000", "item": "/stigforge/generator/__pycache__/repair.cpython-312.pyc", "mode": "0644", "msg": "chgrp failed", "owner": "1000", "path": "/stigforge/generator/__pycache__/repair.cpython-312.pyc", "size": 2867, "state": "file", "uid": 1000}
failed: [localhost] (item=/stigforge/generator/__pycache__/generate_role.cpython-312.pyc) => {"ansible_loop_var": "item", "changed": false, "gid": 1000, "group": "1000", "item": "/stigforge/generator/__pycache__/generate_role.cpython-312.pyc", "mode": "0644", "msg": "chgrp failed", "owner": "1000", "path": "/stigforge/generator/__pycache__/generate_role.cpython-312.pyc", "size": 19370, "state": "file", "uid": 1000}
failed: [localhost] (item=/stigforge/generator/__pycache__/ssg_root.cpython-312.pyc) => {"ansible_loop_var": "item", "changed": false, "gid": 1000, "group": "1000", "item": "/stigforge/generator/__pycache__/ssg_root.cpython-312.pyc", "mode": "0644", "msg": "chgrp failed", "owner": "1000", "path": "/stigforge/generator/__pycache__/ssg_root.cpython-312.pyc", "size": 1762, "state": "file", "uid": 1000}
failed: [localhost] (item=/stigforge/generator/__pycache__/cli.cpython-312.pyc) => {"ansible_loop_var": "item", "changed": false, "gid": 1000, "group": "1000", "item": "/stigforge/generator/__pycache__/cli.cpython-312.pyc", "mode": "0644", "msg": "chgrp failed", "owner": "1000", "path": "/stigforge/generator/__pycache__/cli.cpython-312.pyc", "size": 29877, "state": "file", "uid": 1000}
failed: [localhost] (item=/stigforge/generator/__pycache__/paths.cpython-312.pyc) => {"ansible_loop_var": "item", "changed": false, "gid": 1000, "group": "1000", "item": "/stigforge/generator/__pycache__/paths.cpython-312.pyc", "mode": "0644", "msg": "chgrp failed", "owner": "1000", "path": "/stigforge/generator/__pycache__/paths.cpython-312.pyc", "size": 735, "state": "file", "uid": 1000}
failed: [localhost] (item=/stigforge/generator/__pycache__/evidence_assemble.cpython-312.pyc) => {"ansible_loop_var": "item", "changed": false, "gid": 1000, "group": "1000", "item": "/stigforge/generator/__pycache__/evidence_assemble.cpython-312.pyc", "mode": "0644", "msg": "chgrp failed", "owner": "1000", "path": "/stigforge/generator/__pycache__/evidence_assemble.cpython-312.pyc", "size": 10266, "state": "file", "uid": 1000}
failed: [localhost] (item=/stigforge/generator/__pycache__/coverage.cpython-312.pyc) => {"ansible_loop_var": "item", "changed": false, "gid": 1000, "group": "1000", "item": "/stigforge/generator/__pycache__/coverage.cpython-312.pyc", "mode": "0644", "msg": "chgrp failed", "owner": "1000", "path": "/stigforge/generator/__pycache__/coverage.cpython-312.pyc", "size": 8445, "state": "file", "uid": 1000}
failed: [localhost] (item=/stigforge/generator/__pycache__/retrospective.cpython-312.pyc) => {"ansible_loop_var": "item", "changed": false, "gid": 1000, "group": "1000", "item": "/stigforge/generator/__pycache__/retrospective.cpython-312.pyc", "mode": "0644", "msg": "chgrp failed", "owner": "1000", "path": "/stigforge/generator/__pycache__/retrospective.cpython-312.pyc", "size": 10850, "state": "file", "uid": 1000}
failed: [localhost] (item=/stigforge/generator/__pycache__/matrix_loader.cpython-312.pyc) => {"ansible_loop_var": "item", "changed": false, "gid": 1000, "group": "1000", "item": "/stigforge/generator/__pycache__/matrix_loader.cpython-312.pyc", "mode": "0644", "msg": "chgrp failed", "owner": "1000", "path": "/stigforge/generator/__pycache__/matrix_loader.cpython-312.pyc", "size": 2173, "state": "file", "uid": 1000}
failed: [localhost] (item=/stigforge/generator/__pycache__/poam_titles.cpython-312.pyc) => {"ansible_loop_var": "item", "changed": false, "gid": 1000, "group": "1000", "item": "/stigforge/generator/__pycache__/poam_titles.cpython-312.pyc", "mode": "0644", "msg": "chgrp failed", "owner": "1000", "path": "/stigforge/generator/__pycache__/poam_titles.cpython-312.pyc", "size": 1235, "state": "file", "uid": 1000}
failed: [localhost] (item=/stigforge/generator/__pycache__/poam.cpython-312.pyc) => {"ansible_loop_var": "item", "changed": false, "gid": 1000, "group": "1000", "item": "/stigforge/generator/__pycache__/poam.cpython-312.pyc", "mode": "0644", "msg": "chgrp failed", "owner": "1000", "path": "/stigforge/generator/__pycache__/poam.cpython-312.pyc", "size": 3811, "state": "file", "uid": 1000}
failed: [localhost] (item=/stigforge/generator/__pycache__/readme_scores.cpython-312.pyc) => {"ansible_loop_var": "item", "changed": false, "gid": 1000, "group": "1000", "item": "/stigforge/generator/__pycache__/readme_scores.cpython-312.pyc", "mode": "0644", "msg": "chgrp failed", "owner": "1000", "path": "/stigforge/generator/__pycache__/readme_scores.cpython-312.pyc", "size": 2523, "state": "file", "uid": 1000}
failed: [localhost] (item=/stigforge/generator/__pycache__/evidence_report.cpython-312.pyc) => {"ansible_loop_var": "item", "changed": false, "gid": 1000, "group": "1000", "item": "/stigforge/generator/__pycache__/evidence_report.cpython-312.pyc", "mode": "0644", "msg": "chgrp failed", "owner": "1000", "path": "/stigforge/generator/__pycache__/evidence_report.cpython-312.pyc", "size": 11075, "state": "file", "uid": 1000}
failed: [localhost] (item=/stigforge/generator/__pycache__/xml_safe.cpython-312.pyc) => {"ansible_loop_var": "item", "changed": false, "gid": 1000, "group": "1000", "item": "/stigforge/generator/__pycache__/xml_safe.cpython-312.pyc", "mode": "0644", "msg": "chgrp failed", "owner": "1000", "path": "/stigforge/generator/__pycache__/xml_safe.cpython-312.pyc", "size": 565, "state": "file", "uid": 1000}
failed: [localhost] (item=/stigforge/generator/__pycache__/poam_classify.cpython-312.pyc) => {"ansible_loop_var": "item", "changed": false, "gid": 1000, "group": "1000", "item": "/stigforge/generator/__pycache__/poam_classify.cpython-312.pyc", "mode": "0644", "msg": "chgrp failed", "owner": "1000", "path": "/stigforge/generator/__pycache__/poam_classify.cpython-312.pyc", "size": 4177, "state": "file", "uid": 1000}
failed: [localhost] (item=/stigforge/generator/__pycache__/ci_queue.cpython-312.pyc) => {"ansible_loop_var": "item", "changed": false, "gid": 1000, "group": "1000", "item": "/stigforge/generator/__pycache__/ci_queue.cpython-312.pyc", "mode": "0644", "msg": "chgrp failed", "owner": "1000", "path": "/stigforge/generator/__pycache__/ci_queue.cpython-312.pyc", "size": 12260, "state": "file", "uid": 1000}
failed: [localhost] (item=/stigforge/generator/__pycache__/verify_score.cpython-312.pyc) => {"ansible_loop_var": "item", "changed": false, "gid": 1000, "group": "1000", "item": "/stigforge/generator/__pycache__/verify_score.cpython-312.pyc", "mode": "0644", "msg": "chgrp failed", "owner": "1000", "path": "/stigforge/generator/__pycache__/verify_score.cpython-312.pyc", "size": 5577, "state": "file", "uid": 1000}
failed: [localhost] (item=/stigforge/generator/__pycache__/ingest_disa.cpython-312.pyc) => {"ansible_loop_var": "item", "changed": false, "gid": 1000, "group": "1000", "item": "/stigforge/generator/__pycache__/ingest_disa.cpython-312.pyc", "mode": "0644", "msg": "chgrp failed", "owner": "1000", "path": "/stigforge/generator/__pycache__/ingest_disa.cpython-312.pyc", "size": 8071, "state": "file", "uid": 1000}
failed: [localhost] (item=/stigforge/generator/__pycache__/layout_v2.cpython-312.pyc) => {"ansible_loop_var": "item", "changed": false, "gid": 1000, "group": "1000", "item": "/stigforge/generator/__pycache__/layout_v2.cpython-312.pyc", "mode": "0644", "msg": "chgrp failed", "owner": "1000", "path": "/stigforge/generator/__pycache__/layout_v2.cpython-312.pyc", "size": 7430, "state": "file", "uid": 1000}
failed: [localhost] (item=/stigforge/generator/evidence_assemble.py) => {"ansible_loop_var": "item", "changed": false, "gid": 1000, "group": "1000", "item": "/stigforge/generator/evidence_assemble.py", "mode": "0644", "msg": "chgrp failed", "owner": "1000", "path": "/stigforge/generator/evidence_assemble.py", "size": 7218, "state": "file", "uid": 1000}
failed: [localhost] (item=/stigforge/generator/xml_safe.py) => {"ansible_loop_var": "item", "changed": false, "gid": 1000, "group": "1000", "item": "/stigforge/generator/xml_safe.py", "mode": "0644", "msg": "chgrp failed", "owner": "1000", "path": "/stigforge/generator/xml_safe.py", "size": 195, "state": "file", "uid": 1000}
failed: [localhost] (item=/stigforge/generator/release_changelog.py) => {"ansible_loop_var": "item", "changed": false, "gid": 1000, "group": "1000", "item": "/stigforge/generator/release_changelog.py", "mode": "0644", "msg": "chgrp failed", "owner": "1000", "path": "/stigforge/generator/release_changelog.py", "size": 5132, "state": "file", "uid": 1000}
failed: [localhost] (item=/stigforge/generator/poam_titles.py) => {"ansible_loop_var": "item", "changed": false, "gid": 1000, "group": "1000", "item": "/stigforge/generator/poam_titles.py", "mode": "0644", "msg": "chgrp failed", "owner": "1000", "path": "/stigforge/generator/poam_titles.py", "size": 672, "state": "file", "uid": 1000}
failed: [localhost] (item=/stigforge/generator/status_report.py) => {"ansible_loop_var": "item", "changed": false, "gid": 1000, "group": "1000", "item": "/stigforge/generator/status_report.py", "mode": "0644", "msg": "chgrp failed", "owner": "1000", "path": "/stigforge/generator/status_report.py", "size": 25769, "state": "file", "uid": 1000}
failed: [localhost] (item=/stigforge/generator/release_registry.py) => {"ansible_loop_var": "item", "changed": false, "gid": 1000, "group": "1000", "item": "/stigforge/generator/release_registry.py", "mode": "0644", "msg": "chgrp failed", "owner": "1000", "path": "/stigforge/generator/release_registry.py", "size": 3960, "state": "file", "uid": 1000}
failed: [localhost] (item=/stigforge/generator/evidence_report.py) => {"ansible_loop_var": "item", "changed": false, "gid": 1000, "group": "1000", "item": "/stigforge/generator/evidence_report.py", "mode": "0644", "msg": "chgrp failed", "owner": "1000", "path": "/stigforge/generator/evidence_report.py", "size": 7309, "state": "file", "uid": 1000}
failed: [localhost] (item=/stigforge/generator/paths.py) => {"ansible_loop_var": "item", "changed": false, "gid": 1000, "group": "1000", "item": "/stigforge/generator/paths.py", "mode": "0644", "msg": "chgrp failed", "owner": "1000", "path": "/stigforge/generator/paths.py", "size": 312, "state": "file", "uid": 1000}
failed: [localhost] (item=/stigforge/generator/map_rules.py) => {"ansible_loop_var": "item", "changed": false, "gid": 1000, "group": "1000", "item": "/stigforge/generator/map_rules.py", "mode": "0644", "msg": "chgrp failed", "owner": "1000", "path": "/stigforge/generator/map_rules.py", "size": 3152, "state": "file", "uid": 1000}
failed: [localhost] (item=/stigforge/generator/__init__.py) => {"ansible_loop_var": "item", "changed": false, "gid": 1000, "group": "1000", "item": "/stigforge/generator/__init__.py", "mode": "0644", "msg": "chgrp failed", "owner": "1000", "path": "/stigforge/generator/__init__.py", "size": 114, "state": "file", "uid": 1000}
failed: [localhost] (item=/stigforge/generator/verify_score.py) => {"ansible_loop_var": "item", "changed": false, "gid": 1000, "group": "1000", "item": "/stigforge/generator/verify_score.py", "mode": "0644", "msg": "chgrp failed", "owner": "1000", "path": "/stigforge/generator/verify_score.py", "size": 3828, "state": "file", "uid": 1000}
failed: [localhost] (item=/stigforge/generator/poam.py) => {"ansible_loop_var": "item", "changed": false, "gid": 1000, "group": "1000", "item": "/stigforge/generator/poam.py", "mode": "0644", "msg": "chgrp failed", "owner": "1000", "path": "/stigforge/generator/poam.py", "size": 2366, "state": "file", "uid": 1000}
failed: [localhost] (item=/stigforge/generator/cli.py) => {"ansible_loop_var": "item", "changed": false, "gid": 1000, "group": "1000", "item": "/stigforge/generator/cli.py", "mode": "0644", "msg": "chgrp failed", "owner": "1000", "path": "/stigforge/generator/cli.py", "size": 19562, "state": "file", "uid": 1000}
failed: [localhost] (item=/stigforge/generator/ci_queue.py) => {"ansible_loop_var": "item", "changed": false, "gid": 1000, "group": "1000", "item": "/stigforge/generator/ci_queue.py", "mode": "0644", "msg": "chgrp failed", "owner": "1000", "path": "/stigforge/generator/ci_queue.py", "size": 8190, "state": "file", "uid": 1000}
failed: [localhost] (item=/stigforge/generator/release_publish.py) => {"ansible_loop_var": "item", "changed": false, "gid": 1000, "group": "1000", "item": "/stigforge/generator/release_publish.py", "mode": "0644", "msg": "chgrp failed", "owner": "1000", "path": "/stigforge/generator/release_publish.py", "size": 11478, "state": "file", "uid": 1000}
failed: [localhost] (item=/stigforge/generator/__main__.py) => {"ansible_loop_var": "item", "changed": false, "gid": 1000, "group": "1000", "item": "/stigforge/generator/__main__.py", "mode": "0644", "msg": "chgrp failed", "owner": "1000", "path": "/stigforge/generator/__main__.py", "size": 70, "state": "file", "uid": 1000}
failed: [localhost] (item=/stigforge/generator/role_repo_discoverability.py) => {"ansible_loop_var": "item", "changed": false, "gid": 1000, "group": "1000", "item": "/stigforge/generator/role_repo_discoverability.py", "mode": "0644", "msg": "chgrp failed", "owner": "1000", "path": "/stigforge/generator/role_repo_discoverability.py", "size": 9358, "state": "file", "uid": 1000}
failed: [localhost] (item=/stigforge/generator/release_export.py) => {"ansible_loop_var": "item", "changed": false, "gid": 1000, "group": "1000", "item": "/stigforge/generator/release_export.py", "mode": "0644", "msg": "chgrp failed", "owner": "1000", "path": "/stigforge/generator/release_export.py", "size": 14149, "state": "file", "uid": 1000}
failed: [localhost] (item=/stigforge/pyproject.toml) => {"ansible_loop_var": "item", "changed": false, "gid": 1000, "group": "1000", "item": "/stigforge/pyproject.toml", "mode": "0644", "msg": "chgrp failed", "owner": "1000", "path": "/stigforge/pyproject.toml", "size": 703, "state": "file", "uid": 1000}

TASK [/stigforge/roles/rhel10_stig : StigForge: continue after error in 'Assign root group to ungrouped files' (OpenSCAP is the score gate)] ***
ok: [localhost] => {
    "msg": "StigForge: 'Assign root group to ungrouped files' raised an error (module or templating) and was skipped; continuing so later rules still run. OpenSCAP evaluates the resulting system state independently."
}

PLAY RECAP *********************************************************************
localhost                  : ok=193  changed=11   unreachable=0    failed=0    skipped=4495 rescued=2    ignored=0   

